Date,Symbol,Series,Prev Close,Open,High,Low,Last,Close,VWAP,Volume,Turnover,Trades,Deliverable Volume,%Deliverble,SMA_20,EMA_20,RSI_14,Bollinger_Upper,Bollinger_Lower,Return,Lag1_Return,Volatility_10,MACD,MACD_signal
2012-02-14,ADANIPORTS,EQ,143.05,143.3,145.55,142.0,143.8,144.15,143.2,1580236,22628881385000.0,9737.0,1243143,0.7867000000000001,144.95,143.55786382646534,44.93996569468267,154.5090133822537,135.39098661774628,0.007689619014330518,0.0010496850944716751,0.03029507431094704,0.11297953194363686,0.6247597730376667
2012-02-15,ADANIPORTS,EQ,144.15,145.0,147.95,144.15,146.6,147.15,145.97,886834,12945271965000.0,11877.0,276880,0.3122,145.3075,143.89997203346863,53.62718089990818,154.61862944700843,135.99637055299158,0.020811654526534884,0.007689619014330518,0.030505043867198767,0.3961050417365186,0.5790288267774371
2012-02-16,ADANIPORTS,EQ,147.15,147.45,149.9,145.75,147.25,147.6,147.81,856476,12659654410000.0,10284.0,276539,0.3229,145.60250000000002,144.25235564932876,50.490196078431374,154.80561589111338,136.39938410888666,0.003058103975535076,0.020811654526534884,0.025780661454171017,0.6493104406712291,0.5930851495561955
2012-02-17,ADANIPORTS,EQ,147.6,149.0,152.9,145.75,151.5,150.5,150.36,1749511,26305587770000.0,22821.0,660950,0.3778,145.6575,144.84736939701176,63.38495575221237,154.96868597228766,136.34631402771234,0.019647696476964738,0.003058103975535076,0.02662402690246711,1.0716302211395146,0.6887941638728594
2012-02-21,ADANIPORTS,EQ,150.5,151.2,155.75,150.65,152.35,152.65,153.44,1744030,26759529580000.0,19690.0,693099,0.3974,145.52,145.59047707348685,58.10126582278482,154.29096885964387,136.74903114035615,0.014285714285714235,0.019647696476964738,0.026392354021410488,1.5618052033167942,0.8633963717616464
2012-02-22,ADANIPORTS,EQ,152.65,155.75,157.75,142.4,143.5,143.85,151.21,1863666,28180769820000.0,26638.0,628868,0.3374,145.375,145.42471735220238,49.94559303590859,154.1562299821836,136.5937700178164,-0.05764821487061911,0.014285714285714235,0.025649017118563815,1.2260527796287022,0.9359276533350577
2012-02-23,ADANIPORTS,EQ,143.85,142.0,145.4,140.5,144.95,144.05,143.69,1533912,22040961465000.0,11593.0,886359,0.5778,145.075,145.29379189008787,41.10115236875803,153.58966227657976,136.56033772342022,0.0013903371567607348,-0.05764821487061911,0.025603058547458635,0.9649811909314394,0.941738360854334
2012-02-24,ADANIPORTS,EQ,144.05,145.05,146.5,141.0,142.25,142.7,142.67,527338,7523669970000.0,7730.0,244104,0.4629,145.05,145.0467640910319,40.47919293820934,153.59073828930005,136.50926171069997,-0.009371745921555208,0.0013903371567607348,0.025073381813364083,0.6417486790924727,0.8817404245019618
2012-02-27,ADANIPORTS,EQ,142.7,144.4,145.15,137.25,142.7,143.65,141.87,947560,13442886230000.002,13999.0,433571,0.4576,144.8775,144.91373893950507,44.21326397919379,153.3831931398607,136.3718068601393,0.006657323055361042,-0.009371745921555208,0.022470947140182652,0.4569739341577872,0.7967871264331269
2012-02-28,ADANIPORTS,EQ,143.65,144.8,149.45,144.1,148.65,148.1,146.92,629276,9245187830000.0,8877.0,244844,0.3891,145.3625,145.21719237383792,63.181148748158996,153.4067117143486,137.31828828565142,0.030978071702053578,0.006657323055361042,0.024422546122313267,0.6619854709279593,0.7698267953320934
2012-02-29,ADANIPORTS,EQ,148.1,149.75,152.0,145.25,147.3,148.65,148.8,627017,9329989365000.0,9602.0,240577,0.3837,145.48250000000002,145.5441264334724,62.51874062968511,153.6530681693825,137.31193183061754,0.003713706954760365,0.030978071702053578,0.024383613846338737,0.858937695224455,0.7876489753105658
2012-03-01,ADANIPORTS,EQ,148.65,148.0,152.0,144.0,145.5,146.85,146.38,370864,5428525095000.0,5672.0,121763,0.3283,145.63,145.6684953445703,63.567073170731675,153.7867795502624,137.4732204497376,-0.012108980827447047,0.003713706954760365,0.023983532816054608,0.8598667861095066,0.802092537470354
2012-03-02,ADANIPORTS,EQ,146.85,147.5,150.0,144.0,146.3,147.35,146.3,497666,7280622175000.0,9330.0,169822,0.3412,145.4475,145.8286386450874,57.84832451499114,153.25420932764348,137.6407906723565,0.003404834865509132,-0.012108980827447047,0.02398859856062104,0.8906816945110734,0.819810368878498
2012-03-03,ADANIPORTS,EQ,147.35,147.6,147.75,145.4,145.6,146.15,146.45,22092,323535845000.0,417.0,9831,0.445,145.2425,145.85924448841243,55.272108843537396,152.72688901630377,137.75811098369624,-0.008143875127248013,0.003404834865509132,0.023063686559082815,0.8089477145463491,0.8176378380120682
2012-03-05,ADANIPORTS,EQ,146.15,147.0,147.05,142.4,142.9,143.2,144.31,264293,3814103440000.0,3683.0,115981,0.4388,144.9975,145.60598310856363,48.479999999999976,152.40847869806396,137.58652130193605,-0.020184741703729192,-0.008143875127248013,0.022820231670336588,0.5003647078555105,0.7541832119807568
2012-03-06,ADANIPORTS,EQ,143.2,144.65,147.0,140.65,144.9,143.55,144.0,502716,7238873709999.999,7452.0,277511,0.552,145.2175,145.41017519346235,43.706293706293735,152.14291277508158,138.29208722491842,0.0024441340782124232,-0.020184741703729192,0.013925622646631268,0.28081546092843723,0.6595096617702929
2012-03-07,ADANIPORTS,EQ,143.55,141.05,146.65,141.05,145.45,145.25,143.83,389292,5599101400000.0,6600.0,148706,0.382,145.465,145.3949204131326,46.063651591289805,151.99284319987123,138.93715680012878,0.011842563566701436,0.0024441340782124232,0.014434708806712169,0.24121630210035505,0.5758509898363053
2012-03-09,ADANIPORTS,EQ,145.25,146.3,148.5,129.75,134.0,135.0,135.27,5833743,78913656285000.0,46546.0,1992479,0.3414999999999999,145.3175,144.40492799283427,29.16666666666673,152.64468621946628,137.9903137805337,-0.07056798623063687,0.011842563566701436,0.02688606515846985,-0.6102214012789204,0.33863651161326025
2012-03-12,ADANIPORTS,EQ,135.0,135.0,137.3,128.4,130.35,129.9,130.93,5786647,75765522085000.0,37860.0,3414493,0.5901,144.6675,143.02350627923101,21.66874221668749,154.70344985408377,134.6315501459162,-0.03777777777777769,-0.07056798623063687,0.028341809843143818,-1.6771857398093744,-0.06452793867126672
2012-03-13,ADANIPORTS,EQ,129.9,125.0,133.95,125.0,131.2,131.1,131.31,5344550,70179731910000.0,41374.0,2684332,0.5023,144.07,141.8879342526376,30.414746543778847,155.79260075329074,132.34739924670924,0.009237875288683473,-0.03777777777777769,0.02557908490175951,-2.3982867373496504,-0.5312796984069434
2012-03-14,ADANIPORTS,EQ,131.1,132.05,137.25,132.05,135.4,135.75,135.08,2528804,34159068265000.0,24331.0,1205628,0.4768,143.65,141.3033690857197,38.78378378378379,155.94830968274226,131.35169031725775,0.035469107551487467,0.009237875288683473,0.029405875938914763,-2.5649808324327523,-0.9380199252121052
2012-03-15,ADANIPORTS,EQ,135.75,136.0,136.0,130.4,132.1,132.05,131.84,1691856,22305624735000.0,15426.0,950460,0.5618,142.895,140.4220958394607,36.4675984752224,156.10854568137128,129.68145431862874,-0.027255985267034877,0.035469107551487467,0.029988838051901563,-2.9615077635385205,-1.3427174928773882
2012-03-16,ADANIPORTS,EQ,132.05,132.75,135.75,130.25,131.85,133.15,133.31,1024696,13659793069999.998,8840.0,578164,0.5642,142.17249999999999,139.72951528332158,36.708860759493675,155.87403564194062,128.47096435805935,0.008330177962892815,-0.027255985267034877,0.03027533387898282,-3.15067834758392,-1.7043096638186945
2012-03-19,ADANIPORTS,EQ,133.15,133.45,133.85,130.85,131.6,131.85,131.63,886890,11673824605000.0,9426.0,511473,0.5767,141.24,138.97908525633858,27.64786795048144,155.09293432719895,127.38706567280109,-0.009763424708974955,0.008330177962892815,0.030270649946066645,-3.3666874564788998,-2.0367852223507357
2012-03-20,ADANIPORTS,EQ,131.85,131.85,133.3,129.45,132.35,132.35,132.11,1991819,26313277840000.0,9342.0,1471043,0.7384999999999999,140.225,138.34774380335395,27.548209366391163,153.5214775707507,126.92852242924928,0.003792188092529347,-0.009763424708974955,0.03030824908938035,-3.4576725138014126,-2.3209626806408714
2012-03-21,ADANIPORTS,EQ,132.35,131.4,132.6,130.25,131.4,131.15,131.37,1329184,17462064230000.002,17714.0,760292,0.5720000000000001,139.59,137.66224439351072,28.01120448179273,153.36207701340513,125.8179229865949,-0.009066868152625474,0.003792188092529347,0.030109720248368967,-3.5852799232273185,-2.573826129158161
2012-03-22,ADANIPORTS,EQ,131.15,132.85,133.2,124.8,126.3,125.9,129.55,2489358,32249793915000.0,17615.0,1554219,0.6243,138.68249999999998,136.5420306417478,23.485784919653895,153.56439557111182,123.80060442888814,-0.040030499428135746,-0.009066868152625474,0.030664388077106537,-4.063202766245013,-2.8717014565755314
2012-03-23,ADANIPORTS,EQ,125.9,125.1,127.95,120.75,123.0,123.45,123.03,4212337,51825568915000.0,31493.0,2869159,0.6811,137.72,135.29517058062896,22.78177458033572,153.9379043360305,121.5020956639695,-0.019459888800635428,-0.040030499428135746,0.023587235763335997,-4.58678103053245,-3.2147173713669153
2012-03-26,ADANIPORTS,EQ,123.45,123.0,123.7,119.05,119.75,120.55,121.0,1124699,13608458619999.998,14021.0,602271,0.5355,136.565,133.89086862056905,22.809123649459792,154.23037201479377,118.89962798520621,-0.02349129202106115,-0.019459888800635428,0.022006860208702836,-5.176059943800027,-3.606985885853538
2012-03-27,ADANIPORTS,EQ,120.55,121.55,123.0,118.25,121.65,121.5,120.66,1098462,13254512730000.0,14310.0,487096,0.4434,135.23499999999999,132.71078589480058,23.90532544378695,153.24570149719494,117.22429850280501,0.0078805474906678,-0.02349129202106115,0.021897963443329477,-5.502975788168641,-3.9861838663165585
2012-03-28,ADANIPORTS,EQ,121.5,121.5,121.5,117.0,118.55,118.25,118.44,1756343,20802789070000.0,26906.0,1083219,0.6167,133.715,131.33356819053387,19.178082191780803,152.0863191802076,115.34368081979241,-0.026748971193415683,0.0078805474906678,0.01656713144759014,-5.955653719931277,-4.380077837039503
2012-03-29,ADANIPORTS,EQ,118.25,118.0,125.5,116.1,124.15,124.2,120.57,2869127,34591643895000.0,29996.0,1933482,0.6739,132.5825,130.65418074381637,36.32911392405064,150.3263284304271,114.8386715695729,0.05031712473572947,-0.026748971193415683,0.0253080955205089,-5.7678013448743,-4.6576225386064625
2012-03-30,ADANIPORTS,EQ,124.2,124.5,130.0,124.1,128.9,129.5,127.74,1405080,17948326395000.0,24475.0,872331,0.6208,131.69,130.5442587682148,49.496221662468514,148.04782767716432,115.33217232283567,0.04267310789049916,0.05031712473572947,0.02943578424923977,-5.132101605500608,-4.752518351985292
2012-04-02,ADANIPORTS,EQ,129.5,129.4,132.7,128.6,129.85,129.5,131.11,773104,10135879215000.0,11751.0,376282,0.4867,130.85750000000002,130.44480555219434,47.92207792207793,145.74544195950162,115.96955804049841,0.0,0.04267310789049916,0.02932575064705351,-4.575560765757686,-4.717126834739771
2012-04-03,ADANIPORTS,EQ,129.5,129.5,132.4,125.1,128.8,129.4,130.32,598189,7795713484999.999,6537.0,290949,0.4864,130.16750000000002,130.34530026150915,40.64801178203241,143.87962582850884,116.45537417149121,-0.0007722007722007485,0.0,0.02927119551189417,-4.095358560651334,-4.592773179922084
2012-04-04,ADANIPORTS,EQ,129.4,129.4,132.25,128.3,131.8,131.65,131.01,763340,10000377740000.0,5962.0,392701,0.5145000000000001,129.5725,130.46955737946067,49.38461538461537,141.79097070282555,117.35402929717443,0.017387944358578045,-0.0007722007722007485,0.02974018637836698,-3.4929738294636934,-4.372813309830406
2012-04-09,ADANIPORTS,EQ,131.65,131.05,136.25,129.65,133.15,133.75,134.51,1171110,15752365444999.998,13179.0,466726,0.3985,128.9975,130.7819804861787,50.895522388059696,138.9889423909989,119.00605760900112,0.015951386251424227,0.017387944358578045,0.02627224811255966,-2.813692643154724,-4.060989176495269
2012-04-10,ADANIPORTS,EQ,133.75,134.3,134.7,131.0,131.6,131.95,132.33,364048,4817356490000.0,4931.0,88967,0.2444,128.845,130.89322043987596,50.147058823529406,138.53937710058977,119.15062289941024,-0.013457943925233695,0.015951386251424227,0.02567834308949629,-2.393017153674407,-3.727394771931097
2012-04-11,ADANIPORTS,EQ,131.95,130.1,133.45,125.45,127.4,127.35,129.81,607896,7891275245000.0,6998.0,229694,0.3779,128.7175,130.55577087417348,43.43832020997375,138.42052584384552,119.01447415615448,-0.034861690034103776,-0.013457943925233695,0.027373055296075657,-2.4031088111622125,-3.4625375797773206
2012-04-12,ADANIPORTS,EQ,127.35,129.7,131.0,127.8,128.15,128.25,129.17,567378,7328846845000.0,7943.0,262702,0.4629999999999999,128.575,130.33617364806173,46.16402116402116,138.21420175773565,118.93579824226433,0.007067137809187329,-0.034861690034103776,0.0273675157851095,-2.311834653226299,-3.2323969944671163
2012-04-13,ADANIPORTS,EQ,128.25,129.85,130.9,128.75,130.0,129.9,129.91,573117,7445141434999.999,6269.0,339256,0.5919,128.2825,130.29463330062728,55.84795321637427,137.34260776048487,119.22239223951513,0.012865497076023358,0.007067137809187329,0.02489511775321986,-2.082353935148575,-3.0023883826034083
2012-04-16,ADANIPORTS,EQ,129.9,129.9,130.95,128.65,128.9,128.9,129.37,225281,2914358895000.0,2891.0,86270,0.3829,128.125,130.16181108151991,58.320610687022906,137.01730891809075,119.23269108190925,-0.007698229407236301,0.012865497076023358,0.020806644673371465,-1.9586029003566523,-2.7936312861540573
2012-04-17,ADANIPORTS,EQ,128.9,130.0,130.95,128.65,129.7,129.65,129.98,429108,5577525010000.0,7002.0,240673,0.5609000000000001,127.95,130.1130671689942,64.86928104575165,136.5591750323049,119.34082496769511,0.005818463925523654,-0.007698229407236301,0.015853113452931306,-1.7794976406153182,-2.59080455704631
2012-04-18,ADANIPORTS,EQ,129.65,130.75,133.9,129.2,129.8,129.75,131.68,594109,7823103415000.001,6312.0,195115,0.3284,127.84499999999998,130.0784893433757,63.865546218487395,136.30381041779694,119.38618958220302,0.0007713073659854075,0.005818463925523654,0.015853746214044097,-1.610916623546018,-2.3948269703462515
2012-04-19,ADANIPORTS,EQ,129.75,130.3,135.4,129.4,134.1,134.1,132.59,845571,11211782495000.0,8992.0,373848,0.4421,127.9325,130.4614903582923,75.68881685575364,136.62062104936626,119.24437895063376,0.03352601156069368,0.0007713073659854075,0.018993452863922802,-1.1134709079099991,-2.138555757859001
2012-04-20,ADANIPORTS,EQ,134.1,134.0,137.2,129.95,130.3,130.65,133.86,1357915,18177229935000.0,15700.0,384925,0.2835,127.90749999999998,130.47944365750257,61.375661375661394,136.55944076189775,119.25555923810221,-0.02572706935123037,0.03352601156069368,0.0203924085373003,-0.9862587841734012,-1.9080963631218812
2012-04-23,ADANIPORTS,EQ,130.65,130.0,131.6,126.7,127.55,127.25,129.16,671276,8670399120000.0,7535.0,299288,0.4458,127.975,130.17187759488328,45.74669187145557,136.5819433415255,119.36805665847449,-0.026023727516264916,-0.02572706935123037,0.020925845529406874,-1.1465768207424674,-1.7557924546459986
2012-04-24,ADANIPORTS,EQ,127.25,128.7,130.0,126.2,129.3,128.65,128.11,487818,6249503040000.0,4802.0,245602,0.5035000000000001,128.23499999999999,130.02693687156108,48.47396768402155,136.57646901110212,119.89353098889787,0.011001964636542239,-0.026023727516264916,0.02122515256370276,-1.147434805852214,-1.634120924887242
2012-04-25,ADANIPORTS,EQ,128.65,130.0,131.95,127.65,129.8,129.65,130.19,939012,12225381950000.0,8874.0,557978,0.5942000000000001,128.69,129.9910381218886,50.434782608695656,136.21970258726398,121.16029741273601,0.007773027594248028,0.011001964636542239,0.018000660720111715,-1.0552587565125577,-1.5183484912123053
2012-04-26,ADANIPORTS,EQ,129.65,130.1,131.5,124.05,124.5,124.6,126.46,1267245,16025489244999.998,12699.0,676064,0.5335,128.845,129.47760591980398,38.82725832012677,135.86166437471442,121.82833562528559,-0.03895102198225997,0.007773027594248028,0.02198484161560186,-1.3738643160725132,-1.4894516561843472
2012-04-27,ADANIPORTS,EQ,124.6,125.0,127.35,124.7,125.8,126.35,126.07,383798,4838601960000.0,8505.0,156655,0.4082,129.25,129.17973868934644,38.14102564102564,134.37064962984152,124.12935037015848,0.014044943820224809,-0.03895102198225997,0.02208036999790678,-1.4682263434648064,-1.485206593640439
2012-04-28,ADANIPORTS,EQ,126.35,126.35,127.0,125.0,126.25,125.95,125.71,19218,241585705000.0,366.0,5383,0.2801,129.3375,128.87214452845632,39.93288590604029,134.14504615162633,124.52995384837368,-0.003165809259991992,0.014044943820224809,0.022009273273138195,-1.5573336145731105,-1.4996319978269734
2012-04-30,ADANIPORTS,EQ,125.95,126.9,128.5,125.0,127.15,127.8,127.14,892604,11348872815000.0,10847.0,646037,0.7238,129.2525,128.77003552574618,50.83179297597043,134.10782534548855,124.39717465451145,0.014688368400158858,-0.003165809259991992,0.022535975980145017,-1.4618212644206778,-1.4920698511457142
2012-05-02,ADANIPORTS,EQ,127.8,128.9,128.9,125.5,126.5,126.05,126.92,591736,7510047605000.0,6765.0,293733,0.4964,129.07999999999998,128.51098452329416,46.05734767025089,134.13916573110174,124.02083426889823,-0.013693270735524288,0.014688368400158858,0.02285686355686935,-1.5099318588662527,-1.4956422526898219
2012-05-03,ADANIPORTS,EQ,126.05,126.55,127.5,124.45,124.75,124.95,125.6,626023,7862758770000.0,7173.0,202501,0.3235,128.8575,128.1718431401233,40.9506398537477,134.23858529456524,123.47641470543475,-0.008726695755652436,-0.013693270735524288,0.01900700033873903,-1.6181674316214298,-1.5201472884761436
2012-05-04,ADANIPORTS,EQ,124.95,124.9,125.8,122.5,124.9,124.1,123.7,1173453,14515647510000.0,10267.0,825027,0.7031000000000001,128.48000000000002,127.78404855534964,41.17647058823527,134.0906477719664,122.86935222803365,-0.006802721088435493,-0.008726695755652436,0.017827248263981372,-1.7523329951006303,-1.566584429801041
2012-05-07,ADANIPORTS,EQ,124.1,122.7,129.0,121.0,128.25,127.7,124.99,564358,7053821584999.999,10996.0,266191,0.4717,128.1775,127.77604393103063,46.75540765391015,133.21488392840217,123.14011607159784,0.02900886381950052,-0.006802721088435493,0.019062608921136846,-1.5502993711016728,-1.5633274180611676
2012-05-08,ADANIPORTS,EQ,127.7,127.15,128.95,121.65,122.8,123.05,125.59,339686,4266274450000.0,4936.0,145809,0.4292,127.7325,127.3259445090277,40.317919075144516,132.9363725458743,122.5286274541257,-0.03641346906812848,0.02900886381950052,0.0218571696783425,-1.7452838608905097,-1.5997187066270362
2012-05-09,ADANIPORTS,EQ,123.05,122.95,125.25,120.2,123.85,122.85,123.19,1961492,24163992805000.0,10861.0,1254700,0.6397,127.50750000000001,126.8996640795965,31.52709359605913,133.1515257189182,121.86347428108182,-0.001625355546525875,-0.03641346906812848,0.021482856946736524,-1.8941146279798886,-1.6585978908976067
2012-05-10,ADANIPORTS,EQ,122.85,120.0,126.3,118.9,125.5,125.05,124.32,1266715,15747680860000.0,11647.0,631715,0.4987,127.3475,126.7235055958254,40.410958904109584,133.08357925879506,121.61142074120495,0.017908017908017992,-0.001625355546525875,0.018918053734490833,-1.8136360024461453,-1.6896055132073144
2012-05-11,ADANIPORTS,EQ,125.05,123.0,126.4,119.35,120.9,121.5,122.88,2334822,28690716660000.004,13055.0,1739613,0.7451000000000001,126.92749999999998,126.22602887241345,40.204429301533224,133.0908445295144,120.76415547048555,-0.02838864454218315,0.017908017908017992,0.02025930131541996,-2.0131056148918276,-1.7543055335442173
2012-05-14,ADANIPORTS,EQ,121.5,121.45,121.95,114.2,115.0,114.9,117.36,1957717,22975391390000.0,19570.0,837305,0.4277,126.22749999999999,125.14735945599313,30.101302460202604,134.3243788658621,118.1306211341379,-0.05432098765432092,-0.02838864454218315,0.025803340804860478,-2.672939577749375,-1.9380323423852488
2012-05-15,ADANIPORTS,EQ,114.9,114.0,115.45,112.25,114.95,114.7,114.15,921396,10517743540000.0,7936.0,401021,0.4352,125.47999999999999,124.15237284113664,27.851851851851862,134.8989283109248,116.0610716890752,-0.0017406440382942145,-0.05432098765432092,0.02463567676148715,-3.1753970748286378,-2.1855052888739266
2012-05-16,ADANIPORTS,EQ,114.7,114.0,114.0,109.8,111.0,111.0,111.82,2319699,25939560115000.0,15950.0,1388733,0.5987,124.54250000000002,122.89976590388552,29.012345679012356,135.73706047420146,113.34793952579858,-0.032258064516129004,-0.0017406440382942145,0.025585937685274295,-3.8280301899211793,-2.514010269083377
2012-05-17,ADANIPORTS,EQ,111.0,109.1,116.0,109.1,114.0,113.8,113.4,1943986,22044585805000.0,20469.0,1100634,0.5662,123.52749999999999,122.0331215320869,31.240657698056808,134.7544635488116,112.30053645118838,0.02522522522522519,-0.032258064516129004,0.02823375659016474,-4.0723663320601275,-2.8256814816787275
2012-05-18,ADANIPORTS,EQ,113.8,111.05,113.4,109.75,112.95,111.7,111.18,1538120,17100325744999.998,12534.0,922577,0.5998,122.58,121.04901471950718,29.729729729729726,134.45582240919623,110.70417759080375,-0.018453427065026284,0.02522522522522519,0.02837575336601088,-4.384910416846367,-3.1375272687122555
2012-05-21,ADANIPORTS,EQ,111.7,111.7,113.75,109.5,112.5,112.6,111.49,1491072,16623841355000.002,20127.0,494490,0.3315999999999999,121.84750000000001,120.24434665098269,27.77777777777777,134.3035479919989,109.39145200800112,0.008057296329453845,-0.018453427065026284,0.025825682097101916,-4.508015777669243,-3.411624970503653
2012-05-22,ADANIPORTS,EQ,112.6,113.1,113.9,111.3,111.5,111.75,112.03,388799,4355852615000.0,3418.0,169578,0.4362,121.00250000000001,119.435361255651,28.52852852852854,133.8036707934956,108.20132920650443,-0.007548845470692678,0.008057296329453845,0.02439210993026731,-4.62089871532055,-3.6534797194670325
2012-05-23,ADANIPORTS,EQ,111.75,112.0,112.05,109.8,110.0,110.25,110.36,1245523,13745394465000.0,7719.0,716563,0.5753,120.0325,118.56056494558901,28.189910979228486,133.01346886336358,107.05153113663641,-0.01342281879194629,-0.007548845470692678,0.024263854130791362,-4.776338068576479,-3.878051389288922
2012-05-24,ADANIPORTS,EQ,110.25,111.45,112.7,109.8,112.0,112.0,111.41,1116442,12438050745000.0,11194.0,491167,0.4399,119.4025,117.9357492364853,32.514450867052034,132.66997011143917,106.13502988856082,0.015873015873015817,-0.01342281879194629,0.02400634443850044,-4.704088694989778,-4.043258850429094
2012-05-25,ADANIPORTS,EQ,112.0,112.0,115.45,112.0,113.5,113.8,113.99,1089233,12415887900000.0,9986.0,556376,0.5108,118.77499999999998,117.54186835682002,28.81097560975607,131.84459106194043,105.7054089380595,0.016071428571428514,0.015873015873015817,0.0244783260831574,-4.450285468447618,-4.124664174032799
2012-05-28,ADANIPORTS,EQ,113.8,114.85,115.75,114.1,115.0,114.9,114.77,501829,5759588305000.0,9690.0,254432,0.507,118.2225,117.29026184664667,36.06837606837608,130.94460984653912,105.50039015346087,0.009666080843585334,0.016071428571428514,0.018030811228277373,-4.112971995020601,-4.1223257382303595
2012-05-29,ADANIPORTS,EQ,114.9,115.9,122.25,114.75,118.85,118.3,119.71,1379146,16509281240000.0,20552.0,714944,0.5184000000000001,117.74749999999999,117.38642738506127,42.98921417565486,129.6467469907725,105.84825300922746,0.02959094865100087,0.009666080843585334,0.020251782206444243,-3.5305985101986153,-4.003980292624011
2012-05-30,ADANIPORTS,EQ,118.3,119.0,120.8,117.3,117.7,119.0,119.32,1778680,21223862210000.0,25296.0,948299,0.5331,117.39500000000001,117.54010096743639,40.226171243941835,128.65942467052517,106.13057532947485,0.00591715976331364,0.02959094865100087,0.015949474178921026,-2.9782477912047796,-3.7988337923401647
2012-05-31,ADANIPORTS,EQ,119.0,118.35,125.9,117.15,124.2,123.45,121.73,3592822,43736456330000.0,40660.0,2326790,0.6476000000000001,117.31999999999998,118.1029484943472,53.06122448979593,128.39093872309692,106.24906127690302,0.037394957983193367,0.00591715976331364,0.017838722701445146,-2.1565684781332095,-3.470380729498774
2012-06-01,ADANIPORTS,EQ,123.45,124.0,126.25,122.65,124.95,125.35,124.2,1088955,13525181969999.998,12370.0,567530,0.5212,117.38249999999998,118.79314387583796,69.24493554327807,128.62734794308926,106.1376520569107,0.015390846496557309,0.037394957983193367,0.01521324032618506,-1.3366594040385706,-3.0436364644067337
2012-06-04,ADANIPORTS,EQ,125.35,124.45,124.5,120.2,123.5,123.75,122.31,870476,10646901985000.0,17641.0,340906,0.3915999999999999,117.18499999999999,119.26522541147244,65.84938704028022,127.78723908824225,106.58276091175773,-0.012764260071798872,0.015390846496557309,0.01707766504387803,-0.8066832416676846,-2.596245819858924
2012-06-05,ADANIPORTS,EQ,123.75,124.7,125.2,121.6,122.75,122.85,123.17,664310,8182057815000.001,4727.0,410306,0.6176,117.175,119.60663251514174,73.00970873786409,127.75429954899708,106.59570045100291,-0.0072727272727273196,-0.012764260071798872,0.017047022824874948,-0.4540616530105126,-2.167808986489242
2012-06-06,ADANIPORTS,EQ,122.85,122.1,126.0,122.1,124.2,124.15,124.57,1330789,16577106294999.998,11798.0,779825,0.5860000000000001,117.23999999999998,120.03933418036634,71.34020618556704,127.98085167651445,106.49914832348551,0.010582010582010692,-0.0072727272727273196,0.015005795909053505,-0.06891298209094998,-1.7480297856095834
2012-06-07,ADANIPORTS,EQ,124.15,124.85,127.45,123.15,124.75,125.1,125.01,745015,9313538285000.0,9134.0,281174,0.3774,117.24250000000002,120.52130235366478,79.00432900432901,127.99102621476618,106.49397378523386,0.007652033830044314,0.010582010582010692,0.014997963950397241,0.309410483525113,-1.3365417317826442
2012-06-08,ADANIPORTS,EQ,125.1,124.25,126.55,123.75,125.0,124.8,125.0,540939,6761552884999.999,5344.0,170741,0.3156,117.4075,120.92879736760146,77.11111111111113,128.52615549426014,106.28884450573986,-0.0023980815347721673,0.007652033830044314,0.015464507784282754,0.5783600878280026,-0.9535613678605148
2012-06-11,ADANIPORTS,EQ,124.8,125.5,126.8,122.5,124.75,123.65,124.57,1050332,13084505975000.0,11572.0,576929,0.5493,117.845,121.18795952306799,76.0964912280702,129.23353994616096,106.45646005383905,-0.009214743589743501,-0.0023980815347721673,0.01654031493748914,0.6907466998849401,-0.6246997543114239
2012-06-12,ADANIPORTS,EQ,123.65,124.3,124.85,120.65,122.2,122.55,122.08,1474970,18006264615000.0,12483.0,929921,0.6305,118.2375,121.31767766372818,77.45535714285714,129.71043726443773,106.76456273556227,-0.00889607763849587,-0.009214743589743501,0.015253401900617112,0.6831778438054954,-0.36312423468804
2012-06-13,ADANIPORTS,EQ,122.55,122.55,125.35,119.35,120.25,120.8,122.53,1683780,20631000490000.0,15322.0,1072629,0.637,118.72749999999999,121.2683750290874,69.64285714285714,129.72623078802312,107.72876921197688,-0.01427988576091388,-0.00889607763849587,0.016224485385989775,0.5298611862640001,-0.18452715049763196
2012-06-14,ADANIPORTS,EQ,120.8,119.2,121.3,114.0,114.5,114.5,117.06,1264900,14806468355000.002,14326.0,640565,0.5064,118.7625,120.62376788346002,51.30111524163569,129.69949058964275,107.82550941035727,-0.05215231788079466,-0.01427988576091388,0.018793445298079248,-0.0988611088043001,-0.1673939421589656
2012-06-15,ADANIPORTS,EQ,114.5,115.0,116.5,113.0,114.95,114.75,114.46,1147454,13133518990000.0,10407.0,632111,0.5509000000000001,118.91499999999999,120.06436141836859,49.71209213051822,129.51728873007278,108.3127112699272,0.0021834061135370675,-0.05215231788079466,0.017433767117266543,-0.5703801592560467,-0.24799118557838185
2012-06-18,ADANIPORTS,EQ,114.75,114.95,118.5,112.45,115.8,115.2,115.11,1281993,14756952235000.0,12895.0,454769,0.3547,119.045,119.60108890233349,43.2900432900433,129.38169498234,108.70830501765998,0.0039215686274509665,0.0021834061135370675,0.017791708472888683,-0.8974064220400919,-0.37787423287072386
2012-06-19,ADANIPORTS,EQ,115.2,115.2,115.9,113.3,115.6,114.95,114.6,891747,10219495505000.0,10987.0,306870,0.3440999999999999,119.205,119.1581280544922,41.05960264900662,129.158201019087,109.25179898091302,-0.0021701388888888395,0.0039215686274509665,0.017855673847185123,-1.1633397456225936,-0.5349673354210978
2012-06-20,ADANIPORTS,EQ,114.95,116.0,117.8,115.8,117.5,117.45,117.06,659167,7716393000000.0,9706.0,482838,0.7325,119.56499999999998,118.9954491921596,35.50724637681158,128.63618630900442,110.49381369099557,0.02174858634188781,-0.0021701388888888395,0.019329411698218443,-1.1590044322399535,-0.6597747547848689
2012-06-21,ADANIPORTS,EQ,117.45,117.25,118.15,115.8,117.8,117.55,117.0,690964,8084028434999.999,6091.0,444561,0.6434000000000001,119.8425,118.85778736433488,29.365079365079367,128.25491407244988,111.43008592755011,0.0008514261387824185,0.02174858634188781,0.01893636034480529,-1.1344225834958337,-0.7547043205270619
2012-06-22,ADANIPORTS,EQ,117.55,115.8,118.85,115.8,117.5,117.85,117.85,486749,5736168640000.0,6386.0,245554,0.5045000000000001,120.045,118.7618076153506,33.238636363636346,128.02905648118633,112.06094351881366,0.002552105487026779,0.0008514261387824185,0.01910610186167378,-1.0783037836707194,-0.8194242131557935
2012-06-25,ADANIPORTS,EQ,117.85,118.0,119.25,116.35,116.35,116.7,118.17,346396,4093515790000.0,3522.0,184903,0.5338,120.13500000000002,118.56544498531721,32.773109243697476,127.9127753550563,112.35722464494374,-0.009758167161646125,0.002552105487026779,0.01911846612834826,-1.113785592540836,-0.878296489032802
2012-06-26,ADANIPORTS,EQ,116.7,117.9,118.5,116.25,118.0,118.05,117.69,436613,5138455190000.0,4175.0,266883,0.6113000000000001,120.12249999999999,118.51635498671558,32.96089385474855,127.91348500630424,112.33151499369573,0.011568123393316254,-0.009758167161646125,0.019809205593298507,-1.0211997095468632,-0.9068771331356144
2012-06-27,ADANIPORTS,EQ,118.05,118.8,118.8,117.6,118.1,118.4,118.18,432947,5116604485000.0,1891.0,362095,0.8362999999999999,120.0925,118.50527355940935,30.635838150289032,127.90627158073015,112.27872841926985,0.0029648454044897132,0.011568123393316254,0.01952018342564853,-0.9091030808815361,-0.9073223226847988
2012-06-28,ADANIPORTS,EQ,118.4,118.45,120.65,117.85,119.0,119.45,119.12,396097,4718186935000.0,4287.0,198810,0.5019,119.8925,118.59524750613227,35.18005540166206,127.54758259091443,112.23741740908557,0.008868243243243201,0.0029648454044897132,0.008426075369014931,-0.7271572540824423,-0.8712893089643275
2012-06-29,ADANIPORTS,EQ,119.45,119.65,122.95,119.6,120.9,121.15,121.54,916783,11142920200000.0,10084.0,599022,0.6534000000000001,119.6825,118.838557267453,43.27956989247312,126.9266101302358,112.43838986976421,0.014231896190874949,0.008868243243243201,0.008939831701556102,-0.44070787691410374,-0.7851730225542828
2012-07-02,ADANIPORTS,EQ,121.15,121.45,125.75,121.0,124.6,124.75,123.43,999891,12341899120000.0,10713.0,397931,0.3979999999999999,119.7325,119.40155181340985,55.21327014218011,127.10744156979783,112.35755843020218,0.029715229054890546,0.014231896190874949,0.011727378296976046,0.0759200724561282,-0.6129544035522007
2012-07-03,ADANIPORTS,EQ,124.75,125.6,126.9,123.6,123.9,124.05,124.97,737421,9215704145000.0,6779.0,278982,0.3782999999999999,119.79249999999999,119.84426116451368,58.10473815461347,127.29269473431648,112.2923052656835,-0.005611222444889763,0.029715229054890546,0.012105214321605303,0.42397991800311274,-0.405567539241138
2012-07-04,ADANIPORTS,EQ,124.05,124.85,125.4,122.5,124.5,124.6,123.88,410302,5082823550000.0,3874.0,148602,0.3622,119.81500000000001,120.29718867265522,85.31468531468533,127.37271477575175,112.25728522424828,0.00443369609028621,-0.005611222444889763,0.0110684999585546,0.7357193420868811,-0.17731016297553417
2012-07-05,ADANIPORTS,EQ,124.6,124.9,126.5,123.3,123.7,123.95,124.3,860385,10694802985000.0,7955.0,411228,0.478,119.75749999999998,120.64507546573567,81.29251700680278,127.16185682554784,112.35314317445211,-0.005216693418940488,0.00443369609028621,0.01153740929427027,0.9197235137526718,0.04209657237010703
2012-07-06,ADANIPORTS,EQ,123.95,123.55,123.85,120.9,123.0,122.6,122.23,660690,8075326584999.999,7619.0,287261,0.4347999999999999,119.64750000000001,120.83125875471322,73.71794871794873,126.79743375015578,112.49756624984424,-0.010891488503428914,-0.005216693418940488,0.012633984084256637,0.9457128389751261,0.22281982569111086
2012-07-09,ADANIPORTS,EQ,122.6,121.75,121.95,120.05,121.1,121.45,120.95,426421,5157657425000.0,7802.0,255694,0.5996,119.5375,120.89018649235958,69.69696969696973,126.49321518136333,112.58178481863666,-0.009380097879282179,-0.010891488503428914,0.01258862151578827,0.8635595998875942,0.35096778053040756
2012-07-10,ADANIPORTS,EQ,121.45,121.45,122.7,120.3,121.7,121.4,121.56,394520,4795856730000.0,6872.0,165720,0.4201,119.47999999999999,120.93874015975389,64.0569395017794,126.34933690203952,112.61066309796045,-0.0004116920543433267,-0.009380097879282179,0.012363614994886678,0.7853647874983523,0.4378471819239965
2012-07-11,ADANIPORTS,EQ,121.4,120.75,122.35,120.25,120.5,120.55,120.94,436328,5276892630000.0,6110.0,189927,0.4353,119.4675,120.90171728739637,60.13513513513515,126.32762697442992,112.60737302557008,-0.007001647446458037,-0.0004116920543433267,0.012750788753487332,0.647344751723324,0.479746695883862
2012-07-12,ADANIPORTS,EQ,120.55,120.0,120.25,117.5,119.0,118.85,118.32,642833,7606294250000.0,6326.0,389676,0.6062,119.68500000000002,120.70631564097766,53.086419753086425,126.14622849652046,113.22377150347957,-0.01410203235172125,-0.007001647446458037,0.013403055153679018,0.3962197122787927,0.46304129916284814
2012-07-13,ADANIPORTS,EQ,118.85,119.5,120.05,116.1,117.25,117.5,118.62,697441,8273264630000.0,11367.0,300890,0.4314,119.82250000000002,120.40095224659883,52.439024390243894,125.94995976387705,113.69504023612299,-0.011358855700462689,-0.01410203235172125,0.012719602298648823,0.0872616932008583,0.3878853779704502
2012-07-16,ADANIPORTS,EQ,117.5,118.15,118.15,115.1,115.7,115.5,115.72,618414,7156467334999.999,7376.0,386339,0.6247,119.8375,119.9341948897799,42.52199413489736,125.91860749955055,113.75639250044946,-0.017021276595744705,-0.011358855700462689,0.006373661398388403,-0.31533802765167707,0.2472406968460248
2012-07-17,ADANIPORTS,EQ,115.5,115.5,116.0,112.8,113.55,113.55,113.78,873178,9934677580000.0,9574.0,441286,0.5054,119.7675,119.32617632884849,36.99731903485252,126.1120189772487,113.4229810227513,-0.016883116883116944,-0.017021276595744705,0.006943118839461992,-0.7827271191725771,0.04124713364230442
2012-07-18,ADANIPORTS,EQ,113.55,115.0,115.0,111.05,112.85,113.0,112.79,1161347,13098386525000.0,15209.0,579600,0.4991,119.545,118.72368334514863,32.23140495867766,126.51319088505502,112.57680911494498,-0.004843681197710281,-0.016883116883116944,0.005437384489668142,-1.1838698305445376,-0.203776259195064
2012-07-19,ADANIPORTS,EQ,113.0,114.0,114.5,111.25,111.8,111.95,112.94,751834,8491446315000.001,13074.0,347452,0.4621,119.26500000000001,118.07857064561067,23.71428571428568,126.98067781925637,111.54932218074366,-0.009292035398230092,-0.004843681197710281,0.005211118187419352,-1.5684247203027013,-0.47670595141659144
2012-07-20,ADANIPORTS,EQ,111.95,111.5,114.8,111.25,114.0,113.85,113.04,518368,5859447105000.0,12231.0,299197,0.5772,119.06500000000001,117.67584963174299,15.506329113923996,127.13437681021911,110.99562318978091,0.016971862438588614,-0.009292035398230092,0.01000033620174225,-1.7002734262920995,-0.7214194463916931
2012-07-23,ADANIPORTS,EQ,113.85,112.6,113.5,110.0,112.55,112.45,112.24,551789,6193159965000.0,14790.0,300264,0.5442,118.85249999999999,117.17814966681507,14.848484848484802,127.39413025238508,110.3108697476149,-0.012296881862099207,0.016971862438588614,0.010108651962085323,-1.8958782708559596,-0.9563112112845464
2012-07-24,ADANIPORTS,EQ,112.45,112.5,117.7,111.65,117.65,117.0,116.02,1175158,13633898415000.0,25933.0,610509,0.5195000000000001,118.8,117.1611830318803,31.463414634146332,127.37523975420771,110.22476024579228,0.040462427745664664,-0.012296881862099207,0.018296557432467372,-1.664561516359214,-1.09796127229948
2012-07-25,ADANIPORTS,EQ,117.0,116.1,117.2,114.2,115.65,115.2,115.25,631445,7277622890000.001,21019.0,410793,0.6506000000000001,118.64000000000001,116.97440369551074,29.792147806004607,127.36477416387187,109.91522583612816,-0.01538461538461533,0.040462427745664664,0.018661365030870146,-1.6079508224787418,-1.1999591823353324
2012-07-26,ADANIPORTS,EQ,115.2,114.9,119.2,114.85,117.5,117.85,117.48,1135801,13343314595000.0,18132.0,572093,0.5037,118.56000000000002,117.05779381974781,39.65141612200434,127.28284357305805,109.83715642694199,0.0230034722222221,-0.01538461538461533,0.02014251810295568,-1.3338774774444317,-1.2267428413571522
2012-07-27,ADANIPORTS,EQ,117.85,118.1,119.85,113.05,114.8,114.1,116.66,525503,6130652650000.0,13889.0,217475,0.4138,118.20750000000001,116.77609917024802,35.61643835616435,127.05850499794938,109.35649500205064,-0.031820110309715766,0.0230034722222221,0.022275884432656917,-1.4030920649253176,-1.2620126860707854
2012-07-30,ADANIPORTS,EQ,114.1,114.4,119.35,114.1,118.5,118.85,116.7,689560,8047156920000.0,15820.0,315584,0.4577,117.9125,116.9736135349863,45.78512396694213,126.22209337785576,109.60290662214423,0.04163014899211226,-0.031820110309715766,0.02556738122365617,-1.0624129860009361,-1.2220927460568158
2012-07-31,ADANIPORTS,EQ,118.85,118.0,121.0,116.35,120.4,120.45,119.36,715123,8535705175000.0,17004.0,420549,0.5881000000000001,117.7325,117.30469796022571,49.83870967741937,125.62795338853748,109.83704661146253,0.01346234749684494,0.04163014899211226,0.024711366614663808,-0.6557565795957885,-1.1088255127646105
2012-08-01,ADANIPORTS,EQ,120.45,121.55,125.5,118.1,120.15,120.9,122.17,4518020,55195709640000.0,49733.0,1571713,0.3479,117.54749999999999,117.64710767829946,53.44537815126053,124.92159940977915,110.17340059022082,0.0037359900373599153,0.01346234749684494,0.024433119261156513,-0.293780687630516,-0.9458165477377917
2012-08-02,ADANIPORTS,EQ,120.9,121.25,122.15,120.15,121.45,121.6,121.2,682706,8274367025000.0,13540.0,313710,0.4595,117.43000000000002,118.02357361369951,57.044673539518904,124.44047336790804,110.419526632092,0.005789909015715411,0.0037359900373599153,0.0237689285648611,0.04900704183091875,-0.7468518298240496
2012-08-03,ADANIPORTS,EQ,121.6,118.5,122.95,118.5,121.3,121.55,120.53,821744,9904087860000.0,18222.0,354725,0.4317,117.37749999999998,118.35942374572814,61.14180478821364,124.23909985948039,110.51590014051958,-0.0004111842105263275,0.005789909015715411,0.023720608388617174,0.3130258379408133,-0.534876296271077
2012-08-06,ADANIPORTS,EQ,121.55,122.0,124.7,121.65,123.6,124.05,122.97,630742,7755969615000.001,6061.0,271628,0.4306,117.50750000000001,118.90138338899213,68.95306859205779,124.7801795901576,110.23482040984241,0.020567667626491204,-0.0004111842105263275,0.023045192306507863,0.7157411244891279,-0.2847528121190361
2012-08-07,ADANIPORTS,EQ,124.05,122.15,124.75,122.15,122.2,122.75,123.48,908275,11215686140000.0,12916.0,657949,0.7244,117.575,119.26791830432622,67.13532513181022,125.02274780510614,110.12725219489387,-0.010479645304312779,0.020567667626491204,0.02114035273237771,0.919398501420261,-0.04392254941117668
2012-08-08,ADANIPORTS,EQ,122.75,122.25,126.25,122.25,124.2,124.3,124.71,1034361,12899878390000.0,14249.0,606747,0.5866,117.7625,119.74716418010468,71.32987910189985,125.69841934116744,109.82658065883257,0.012627291242362393,-0.010479645304312779,0.01996074048409138,1.1921283722190736,0.2032876349148734
2012-08-09,ADANIPORTS,EQ,124.3,123.95,127.75,123.95,127.0,127.0,125.87,1095476,13788926919999.998,24913.0,730324,0.6667000000000001,118.16999999999999,120.43791044866614,72.10084033613448,127.11400122399239,109.22599877600759,0.021721641190667773,0.012627291242362393,0.019856176784872764,1.607604728289715,0.4841510535898418
2012-08-10,ADANIPORTS,EQ,127.0,126.35,127.5,124.8,125.2,126.9,125.86,1133003,14259822760000.0,20633.0,876009,0.7732,118.63999999999999,121.05334754879318,75.39543057996488,128.3875826962941,108.89241730370587,-0.0007874015748030594,0.021721641190667773,0.01477007402084646,1.906822902096735,0.7686854232912206
2012-08-13,ADANIPORTS,EQ,126.9,125.8,126.95,122.75,124.5,125.2,124.52,786435,9792842935000.0,25917.0,432972,0.5506000000000001,119.125,121.4482668298605,66.01562500000003,129.17532075948125,109.07467924051875,-0.013396375098502777,-0.0007874015748030594,0.011990709712599577,1.9839103841153758,1.0117304154560518
2012-08-14,ADANIPORTS,EQ,125.2,123.05,129.0,123.05,128.45,128.15,127.3,893033,11368169285000.0,16962.0,546920,0.6124,119.85499999999999,122.08652713177855,74.20560747663554,130.31298108724096,109.39701891275902,0.023562300319488916,-0.013396375098502777,0.013127679743587077,2.2570255294677253,1.2607894382583866
2012-08-16,ADANIPORTS,EQ,128.15,128.3,130.4,125.15,128.5,127.15,127.89,1322874,16917723105000.002,22256.0,839646,0.6347,120.5625,122.56876264303774,68.52589641434265,130.98231285820603,110.14268714179397,-0.007803355442840387,0.023562300319488916,0.013863932071883144,2.3655114635247543,1.4817338433116602
2012-08-17,ADANIPORTS,EQ,127.15,127.5,128.35,122.1,123.0,123.5,124.65,653977,8151512525000.0,10210.0,310521,0.4748,121.13999999999999,122.65745191512939,68.80000000000001,130.80276630327018,111.47723369672981,-0.028706252457727177,-0.007803355442840387,0.017499086570140522,2.1323820789423706,1.6118634904378024
2012-08-21,ADANIPORTS,EQ,123.5,122.05,123.7,118.5,119.55,119.85,120.19,904738,10874006725000.0,15351.0,479143,0.5296000000000001,121.43999999999998,122.39007554225992,52.09205020920501,130.50378566198194,112.37621433801802,-0.029554655870445368,-0.028706252457727177,0.02011856703658635,1.6342621100650945,1.616343214363261
2012-08-22,ADANIPORTS,EQ,119.85,119.0,119.3,116.0,116.55,116.55,117.42,1152766,13535568815000.0,18170.0,732567,0.6355,121.64500000000001,121.83387787156849,42.38281249999999,130.01127943466994,113.27872056533008,-0.027534418022528095,-0.029554655870445368,0.020079581646063358,0.9621252443057955,1.485499620351768
2012-08-23,ADANIPORTS,EQ,116.55,116.65,116.7,110.0,111.5,110.8,113.92,4531629,51623898340000.0,21675.0,3530898,0.7792,121.33500000000001,120.78303235999054,33.65695792880257,130.81173605814914,111.8582639418509,-0.049335049335049286,-0.027534418022528095,0.0243421554356257,-0.03413156213588309,1.181573383854238
2012-08-24,ADANIPORTS,EQ,110.8,110.55,112.9,105.65,112.2,112.0,108.83,2507113,27285148615000.0,31615.0,1301519,0.5191,121.175,119.9465530876105,34.71337579617837,131.1811297002878,111.16887029971218,0.010830324909747224,-0.049335049335049286,0.024163184251968194,-0.7185591847082833,0.8015468701417338
2012-08-27,ADANIPORTS,EQ,112.0,110.0,112.05,106.55,108.0,108.0,108.47,1101295,11946065075000.0,13310.0,410392,0.3726,120.6825,118.80878612688568,30.834512022630847,132.22880380593648,109.13619619406354,-0.0357142857142857,0.010830324909747224,0.02252969457562268,-1.5656912629663537,0.3280992435201163
2012-08-28,ADANIPORTS,EQ,108.0,108.0,110.6,106.1,109.0,108.85,108.34,906607,9822465265000.0,16167.0,397002,0.4379,120.42,117.86033030527751,27.44807121661721,132.8046849395803,108.03531506041968,0.007870370370370416,-0.0357142857142857,0.02332489681601849,-2.14374982840539,-0.16627057086498498
2012-08-29,ADANIPORTS,EQ,108.85,108.0,110.45,107.4,109.0,109.45,108.88,840345,9149695530000.0,13580.0,414027,0.4927,119.95,117.05934646667966,29.848484848484873,133.26413969393107,106.63586030606895,0.005512172714745134,0.007870370370370416,0.02421674101014209,-2.5243512705196594,-0.63788671079592
2012-08-30,ADANIPORTS,EQ,109.45,109.05,115.4,107.4,115.3,114.5,112.76,2299775,25932950925000.0,36986.0,1775188,0.7719,119.65249999999999,116.81559918413873,36.57534246575343,133.18372995926694,106.12127004073302,0.04613978985838285,0.005512172714745134,0.028658399754751634,-2.3909267448767935,-0.9884947176120947
2012-08-31,ADANIPORTS,EQ,114.5,114.1,115.0,111.0,114.0,113.75,112.56,1709001,19237289175000.0,18107.0,1116724,0.6534000000000001,119.295,116.5236373570779,30.824891461649784,133.06318988217467,105.52681011782532,-0.0065502183406113135,0.04613978985838285,0.028675836990362996,-2.3189738915112628,-1.2545905523919285
2012-09-03,ADANIPORTS,EQ,113.75,112.3,117.0,112.3,115.95,116.25,115.21,622511,7171755330000.0,13458.0,308927,0.4963,119.02749999999999,116.49757665640381,35.58863328822734,132.81500292265224,105.23999707734775,0.0219780219780219,-0.0065502183406113135,0.029604615004990408,-2.0367433210224704,-1.4110211061180369
2012-09-04,ADANIPORTS,EQ,116.25,117.5,117.5,114.2,115.5,116.6,115.82,373291,4323421335000.0,5869.0,135600,0.3633,118.78,116.50733126055583,37.92134831460673,132.55455319745482,105.00544680254518,0.0030107526881719693,0.0219780219780219,0.028449759514451032,-1.764491525670607,-1.481715190028551
2012-09-05,ADANIPORTS,EQ,116.6,115.7,116.9,115.0,115.0,115.6,116.03,1031669,11970825715000.0,4675.0,895681,0.8682,118.3575,116.42091875955052,31.352154531946496,131.9688449198217,104.74615508017831,-0.00857632933104635,0.0030107526881719693,0.027191052238739306,-1.6108527512419784,-1.5075427022712367
2012-09-06,ADANIPORTS,EQ,115.6,114.05,115.35,110.85,115.0,114.15,113.37,1049284,11895915440000.0,13989.0,498220,0.4748,117.92749999999998,116.20464078245047,30.93841642228739,131.49788086577328,104.35711913422668,-0.012543252595155652,-0.00857632933104635,0.021801569720551854,-1.587792711433309,-1.5235927041036512
2012-09-07,ADANIPORTS,EQ,114.15,115.1,116.9,112.15,112.2,112.95,113.61,1312589,14912054285000.0,20274.0,840344,0.6402,117.36000000000001,115.89467499364565,33.33333333333333,130.75648814939512,103.96351185060489,-0.010512483574244391,-0.012543252595155652,0.022014774613970434,-1.647357720569758,-1.5483457073968725
2012-09-08,ADANIPORTS,EQ,112.95,112.85,113.3,111.8,113.0,112.7,112.52,50338,566420120000.0,897.0,19017,0.3778,116.64500000000001,115.59042023234606,37.34513274336284,129.3855238262979,103.90447617370212,-0.002213368747233324,-0.010512483574244391,0.017974954840002135,-1.6951951753567585,-1.5777156009888498
2012-09-10,ADANIPORTS,EQ,112.7,112.3,114.95,111.65,112.0,112.7,112.98,1544686,17451871575000.0,21614.0,732224,0.474,115.93500000000002,115.31514211497978,42.28456913827656,127.82343312238027,104.04656687761977,0.0,-0.002213368747233324,0.017978984660408166,-1.7133561991886666,-1.6048437206288133
2012-09-11,ADANIPORTS,EQ,112.7,112.7,113.5,111.4,112.1,112.45,112.34,1285716,14443388719999.998,21929.0,810268,0.6302000000000001,115.29749999999999,115.04227143736264,54.24164524421596,126.43791835178001,104.15708164821996,-0.002218278615794156,0.0,0.018054835922047985,-1.728002514735735,-1.6294754794501978
2012-09-12,ADANIPORTS,EQ,112.45,111.55,112.95,110.15,110.75,110.9,111.16,1198143,13318716130000.0,24568.0,766100,0.6394,114.43500000000002,114.64776939570905,47.222222222222236,123.93614120569598,104.93385879430406,-0.013783903957314325,-0.002218278615794156,0.01042201316071188,-1.8434319355804547,-1.6722667706762493
2012-09-13,ADANIPORTS,EQ,110.9,110.5,112.35,109.8,110.5,110.6,110.91,984996,10924358970000.0,25963.0,587760,0.5967,113.6075,114.26226754849866,58.07453416149067,121.12073568952582,106.09426431047419,-0.0027051397655546428,-0.013783903957314325,0.010352955798706247,-1.936791944098914,-1.7251718053607825
2012-09-14,ADANIPORTS,EQ,110.6,112.9,113.1,110.1,111.85,111.6,111.34,1853351,20635348820000.0,33324.0,1273323,0.687,113.0125,114.00871825816546,58.46153846153846,118.9458025329422,107.07919746705781,0.009041591320072317,-0.0027051397655546428,0.007267271652891558,-1.9080934670794818,-1.7617561377045226
2012-09-17,ADANIPORTS,EQ,111.6,112.15,114.05,110.9,111.5,111.65,112.11,1522753,17071261044999.998,31627.0,1019086,0.6692,112.6025,113.78407842405446,57.00636942675159,117.60696905539103,107.59803094460898,0.0004480286738353101,0.009041591320072317,0.0070319919891346245,-1.8598756464280228,-1.7813800394492227
2012-09-18,ADANIPORTS,EQ,111.65,112.15,117.9,111.8,117.15,117.05,115.96,2158032,25025369095000.0,17915.0,1280005,0.5931000000000001,112.62750000000001,114.09511857414451,57.943925233644855,117.71923478864967,107.53576521135035,0.04836542767577234,0.0004480286738353101,0.017878861305837313,-1.37013375678454,-1.6991307829162863
2012-09-20,ADANIPORTS,EQ,117.05,116.4,116.75,114.05,115.5,115.5,115.62,2705275,31277641615000.0,9679.0,2331430,0.8618000000000001,112.8625,114.22891680517836,55.19287833827893,118.03233915051091,107.69266084948909,-0.013242204186245221,0.04836542767577234,0.01794063408955001,-1.094465509835544,-1.5781977283001378
2012-09-21,ADANIPORTS,EQ,115.5,117.0,119.4,113.25,115.65,115.7,117.46,3156075,37070048415000.0,38378.0,2411627,0.7641,113.04749999999999,114.36901996658995,48.10996563573884,118.35047582793176,107.74452417206821,0.0017316017316018062,-0.013242204186245221,0.017454757190142615,-0.8500591567007518,-1.4325700139802608
2012-09-24,ADANIPORTS,EQ,115.7,116.0,123.45,114.3,120.45,119.55,119.52,4222804,50469631325000.0,28846.0,2889925,0.6844,113.625,114.86244663643852,58.17174515235458,119.12547844809372,108.12452155190628,0.03327571305099397,0.0017316017316018062,0.019827002867225847,-0.34176290673245546,-1.2144085925306998
2012-09-25,ADANIPORTS,EQ,119.55,120.95,121.8,117.1,120.8,120.0,119.96,3807912,45680745350000.0,30485.0,3129803,0.8219,114.1825,115.35173743296819,62.571428571428584,119.90110076739843,108.46389923260158,0.0037641154328733606,0.03327571305099397,0.019734024491304847,0.09626706582655231,-0.9522734608592494
2012-09-26,ADANIPORTS,EQ,120.0,119.9,123.95,119.9,122.0,122.6,122.55,2423037,29693279915000.0,32900.0,1759894,0.7263,114.84,116.04204815363788,72.65415549597851,121.24966375668262,108.43033624331738,0.021666666666666723,0.0037641154328733606,0.020009439544786446,0.645763288591283,-0.6326661109691429
2012-09-27,ADANIPORTS,EQ,122.6,122.0,124.4,119.55,122.0,122.05,121.81,3694614,45005560995000.0,62246.0,2703280,0.7317,115.2175,116.61423404376761,75.27777777777776,122.38711975061905,108.04788024938095,-0.004486133768352385,0.021666666666666723,0.019032714351890988,1.0250465025683013,-0.3011235882616541
2012-09-28,ADANIPORTS,EQ,122.05,123.0,128.5,123.0,127.35,127.5,125.96,2455631,30930179440000.0,17477.0,1604361,0.6533,115.905,117.65097365864688,81.89655172413792,124.88942511999997,106.92057488000003,0.04465383039737825,-0.004486133768352385,0.021332424237391182,1.745282108931292,0.10815755117693512
2012-10-01,ADANIPORTS,EQ,127.5,128.1,128.5,124.55,125.35,125.5,125.63,470394,5909503770000.0,5258.0,208041,0.4422999999999999,116.36749999999999,118.39849997687098,75.39682539682539,126.32621874025027,106.40878125974972,-0.015686274509803977,0.04465383039737825,0.02337378020219326,2.1301358505669015,0.5125532110549285
2012-10-03,ADANIPORTS,EQ,125.5,125.5,130.0,124.0,129.7,129.5,127.95,1268946,16236452700000.0,18886.0,537421,0.4235,117.0125,119.45578569335946,79.44732297063902,128.5762762453566,105.4487237546434,0.031872509960159334,-0.015686274509803977,0.02375017373221205,2.7264727039786436,0.9553371096396714
2012-10-04,ADANIPORTS,EQ,129.5,130.1,132.3,128.6,129.7,129.6,130.31,1423093,18543673770000.0,19947.0,719327,0.5055,117.7125,120.42190134161093,83.99999999999999,130.54194290541093,104.88305709458908,0.0007722007722006374,0.031872509960159334,0.02096964568624059,3.170594481392655,1.3983885839902683
2012-10-05,ADANIPORTS,EQ,129.6,129.65,131.15,123.6,127.3,128.15,127.37,1210168,15413791375000.0,10561.0,650920,0.5379,118.4125,121.157910737648,80.62827225130894,131.93265551919418,104.89234448080579,-0.011188271604938183,0.0007722007722006374,0.020720574494140515,3.3667514923991604,1.7920611656720469
2012-10-08,ADANIPORTS,EQ,128.15,127.05,127.95,121.35,123.4,123.8,124.82,533122,6654293575000.0,6215.0,166718,0.3127,118.955,121.40953828644342,69.06250000000001,132.4228916413519,105.4871083586481,-0.03394459617635592,-0.011188271604938183,0.02504452894030827,3.1350596748982866,2.060660867517295
2012-10-09,ADANIPORTS,EQ,123.8,125.95,126.35,121.8,122.85,122.65,123.56,410937,5077553940000.0,4913.0,146384,0.3561999999999999,119.45250000000001,121.52767749725832,66.61631419939579,132.68047971605864,106.22452028394139,-0.00928917609046842,-0.03394459617635592,0.023675491534092655,2.8260696791366513,2.213742629841166
2012-10-10,ADANIPORTS,EQ,122.65,122.05,122.8,119.6,120.1,120.5,120.92,276010,3337391145000.0,4280.0,79405,0.2877,119.8425,121.42980344990039,55.77889447236181,132.68659653457613,106.99840346542388,-0.017529555646147665,-0.00928917609046842,0.024522900285941767,2.380267606341789,2.247047625141291
2012-10-11,ADANIPORTS,EQ,120.5,119.95,124.9,118.7,123.9,124.3,123.04,604810,7441314159999.999,6308.0,169455,0.2802,120.43499999999999,121.70315550229083,63.70716510903427,132.9318248598987,107.93817514010125,0.031535269709543456,-0.017529555646147665,0.025634484124769524,2.307000824450185,2.2590382650030696
2012-10-12,ADANIPORTS,EQ,124.3,123.85,127.0,123.45,125.75,125.4,125.82,735106,9249110645000.0,7203.0,359116,0.4885,121.16,122.05523593064407,64.69696969696972,132.99245314245763,109.32754685754237,0.008849557522123908,0.031535269709543456,0.025625462246315543,2.3110567551681527,2.269441963036086
2012-10-15,ADANIPORTS,EQ,125.4,125.4,125.5,122.45,123.0,123.45,123.26,304000,3746970725000.0,3768.0,117845,0.3876,121.80250000000001,122.18807060391606,56.27009646302251,132.56801389733522,111.03698610266481,-0.015550239234449759,0.008849557522123908,0.02149197115126468,2.132342093990843,2.2420219892270374
2012-10-16,ADANIPORTS,EQ,123.45,122.0,122.0,118.1,119.6,120.05,120.58,1903838,22956397685000.0,16147.0,888174,0.4664999999999999,122.225,121.98444483211453,50.073421439060205,131.91403341005102,112.53596658994898,-0.027541514783313126,-0.015550239234449759,0.022568555166613224,1.696798218777957,2.1329772351372216
2012-10-17,ADANIPORTS,EQ,120.05,119.15,120.9,118.0,120.6,120.0,119.19,389450,4641864475000.0,6309.0,93981,0.2413,122.6425,121.79545008619887,45.87301587301587,131.0474030176959,114.23759698230411,-0.0004164931278634043,-0.027541514783313126,0.018834952437638525,1.3322348040809544,1.9728287489259682
2012-10-18,ADANIPORTS,EQ,120.0,120.0,125.4,119.3,124.6,124.7,123.43,1293131,15960954419999.998,21255.0,672656,0.5202,123.025,122.07207388751326,53.71669004207575,131.04579534053622,115.0042046594638,0.039166666666666794,-0.0004164931278634043,0.023919727539195867,1.4063548090439042,1.8595339609495554
2012-10-19,ADANIPORTS,EQ,124.7,125.0,127.45,122.65,124.6,124.35,124.84,1344070,16778862115000.0,13560.0,226465,0.1685,123.4675,122.2890192315596,44.84451718494271,130.67562954787698,116.25937045212302,-0.002806736166800383,0.039166666666666794,0.02377031072802959,1.4204789746525677,1.771722963690158
2012-10-22,ADANIPORTS,EQ,124.35,124.05,130.6,123.05,129.85,129.75,128.6,2914830,37486015305000.0,33852.0,1786499,0.6129,124.17,122.99958882855394,56.259204712812966,130.9143855792899,117.42561442071009,0.043425814234016924,-0.002806736166800383,0.025046953621250128,1.8461263525550464,1.7866036414631357
2012-10-23,ADANIPORTS,EQ,129.75,130.7,131.0,127.7,128.55,128.55,128.86,1724049,22216426410000.0,10071.0,1399100,0.8115000000000001,124.61999999999998,123.52819941631071,48.47512038523276,131.2667562330117,117.97324376698825,-0.009248554913294682,0.043425814234016924,0.025044384690644426,2.0628457927629142,1.8418520717230915
2012-10-25,ADANIPORTS,EQ,128.55,128.0,132.9,128.0,130.75,130.7,130.96,1479503,19375530130000.0,10615.0,921517,0.6229,125.155,124.21122804332873,51.65662650602409,131.95669483523082,118.3533051647692,0.01672500972384272,-0.009248554913294682,0.023940531715473095,2.380641983321624,1.949610054042798
2012-10-26,ADANIPORTS,EQ,130.7,130.0,131.05,125.6,126.35,127.0,127.91,1885430,24117188505000.0,18762.0,1364217,0.7236,125.375,124.47682537253553,48.377997179125515,132.1130693783453,118.63693062165471,-0.028309104820198883,0.01672500972384272,0.024975955818200207,2.307341084376773,2.0211562601095934
2012-10-29,ADANIPORTS,EQ,127.0,126.05,127.4,123.55,124.7,124.5,124.63,1584245,19744351165000.0,21834.0,1187051,0.7493000000000001,125.49750000000002,124.4790324799131,51.04166666666667,132.0680463203142,118.92695367968584,-0.019685039370078705,-0.028309104820198883,0.025778102932604033,2.024186920424256,2.021762392172526
2012-10-30,ADANIPORTS,EQ,124.5,124.05,127.8,123.0,125.0,125.0,125.3,678844,8506022170000.0,11072.0,268542,0.3956,125.37250000000002,124.52864843420708,53.56600910470409,131.87743537328024,118.86756462671978,0.004016064257028162,-0.019685039370078705,0.025239350013117876,1.8191608726503432,1.9812420882680892
2012-10-31,ADANIPORTS,EQ,125.0,125.55,128.65,124.9,125.7,127.25,127.36,1690316,21527703550000.0,23494.0,837000,0.4952,125.46000000000001,124.7878247738064,60.211800302571866,132.01901147879568,118.90098852120434,0.018000000000000016,0.004016064257028162,0.023456082461142926,1.8172839306890154,1.9484504567522745
2012-11-01,ADANIPORTS,EQ,127.25,125.5,126.45,124.0,124.9,125.0,125.05,754150,9430984210000.0,11786.0,376421,0.4991,125.23500000000001,124.80803193820579,51.11111111111112,131.51320792399142,118.95679207600861,-0.017681728880157177,0.018000000000000016,0.024595686742702676,1.615616424244223,1.8818836502506642
2012-11-02,ADANIPORTS,EQ,125.0,125.6,128.65,125.6,127.8,127.95,127.45,1501687,19139390010000.0,16975.0,1015717,0.6764,125.15249999999999,125.10726699170999,53.823088455772115,131.22933045847742,119.07566954152254,0.023600000000000065,-0.017681728880157177,0.022556051527727466,1.674530868776145,1.8404130939557604
2012-11-05,ADANIPORTS,EQ,127.95,127.0,130.6,127.0,127.0,127.45,128.88,1196272,15417358935000.0,27306.0,721532,0.6032000000000001,125.11750000000002,125.33038442107095,56.26959247648903,131.1293545172741,119.10564548272595,-0.003907776475185587,0.023600000000000065,0.022589143304893942,1.661719896614244,1.8046744544874573
2012-11-06,ADANIPORTS,EQ,127.45,127.4,136.7,126.15,134.75,134.85,132.54,3019713,40023712780000.0,24101.0,1428794,0.4732,125.67,126.23701447620705,70.61281337047356,133.04787588887237,118.29212411112762,0.05806198509219285,-0.003907776475185587,0.025771542125565875,2.223059221597211,1.8883514079094081
2012-11-07,ADANIPORTS,EQ,134.85,135.0,136.0,129.05,130.85,130.85,132.9,1782253,23685674580000.0,12177.0,938925,0.5268,126.08,126.676346430854,63.61355081555835,133.65984863062465,118.50015136937535,-0.029662588060808348,0.05806198509219285,0.027688620406480055,2.3184326617223405,1.9743676586719947
2012-11-08,ADANIPORTS,EQ,130.85,130.8,131.5,128.2,130.15,130.6,130.22,754715,9828024045000.0,12281.0,200606,0.2658,126.585,127.05002772315362,58.33333333333333,133.9420660628171,119.22793393718288,-0.0019105846388994818,-0.029662588060808348,0.027219247957553913,2.346791537470267,2.0488524344316494
2012-11-09,ADANIPORTS,EQ,130.6,130.0,132.45,127.2,127.65,127.9,129.35,355941,4604096935000.0,5866.0,136245,0.3828,126.76500000000001,127.13097746380565,54.70198675496691,134.06259152770875,119.46740847229127,-0.020673813169984623,-0.0019105846388994818,0.026424543391262295,2.126881351375687,2.064458217820457
2012-11-12,ADANIPORTS,EQ,127.9,127.05,130.6,126.65,129.05,129.2,128.36,692315,8886451275000.0,10740.0,361888,0.5227,126.955,127.3280272291575,49.18276374442791,134.30066825450797,119.60933174549204,0.010164190774042181,-0.020673813169984623,0.02549594288607363,2.03405278561641,2.0583771313796477
2012-11-13,ADANIPORTS,EQ,129.2,129.9,129.9,128.5,128.9,128.9,129.1,50643,653789335000.0,908.0,29803,0.5885,127.22749999999999,127.4777389216187,50.53435114503815,134.42863112460162,120.02636887539835,-0.0023219814241485226,0.010164190774042181,0.02557417388470583,1.9142121396726282,2.029544133038244
2012-11-15,ADANIPORTS,EQ,128.9,128.9,132.5,128.05,131.2,131.4,130.53,453557,5920136270000.0,6962.0,217656,0.4799,127.795,127.85128759575025,51.057401812688845,134.37678507221736,121.21321492778264,0.019394879751745586,-0.0023219814241485226,0.025666492729059912,1.9979357117716745,2.02322244878493
2012-11-16,ADANIPORTS,EQ,131.4,131.4,133.25,126.0,126.0,127.35,130.68,671193,8771227020000.0,10073.0,281038,0.4186999999999999,128.1625,127.80354591996452,50.52316890881912,133.63980965462534,122.68519034537465,-0.0308219178082193,0.019394879751745586,0.02716440902414584,1.7176856818005888,1.9621150953880622
2012-11-19,ADANIPORTS,EQ,127.35,125.2,130.0,125.2,127.8,127.95,128.06,642800,8231988834999.999,10155.0,347934,0.5413,128.325,127.81749392758695,55.467511885895405,133.55713753239675,123.09286246760324,0.004711425206124886,-0.0308219178082193,0.026148129986840213,1.526405052258582,1.8749730867621661
2012-11-20,ADANIPORTS,EQ,127.95,130.0,130.7,121.6,122.85,123.2,125.65,787747,9898115285000.0,11851.0,296248,0.3761,128.26749999999998,127.3777326011501,47.486033519553075,133.7048247098201,122.8301752901799,-0.03712387651426341,0.004711425206124886,0.0287252448114212,0.9802290028765697,1.6960242699850467
2012-11-21,ADANIPORTS,EQ,123.2,124.0,125.4,122.15,123.2,123.05,123.46,360974,4456632240000.0,5701.0,113542,0.3145,127.9325,126.96556759151676,43.76854599406527,133.79426504763754,122.07073495236247,-0.0012175324675325339,-0.03712387651426341,0.019285288430689128,0.5291767818179665,1.4626547723516308
2012-11-22,ADANIPORTS,EQ,123.05,123.95,124.8,121.55,123.85,122.8,122.88,251196,3086618265000.0,3069.0,79853,0.3179,127.64500000000001,126.56884686851517,46.52996845425866,133.9281353219317,121.36186467806832,-0.002031694433157205,-0.0012175324675325339,0.01791831793640949,0.1498147649564885,1.2000867708726024
2012-11-23,ADANIPORTS,EQ,122.8,123.45,124.5,122.05,123.0,123.35,123.36,182011,2245266410000.0,2516.0,61539,0.3381,127.27749999999999,126.26229002389468,42.15017064846414,133.667168881959,120.88783111804099,0.004478827361563464,-0.002031694433157205,0.018199312521394218,-0.10523883531911338,0.9390216496342593
2012-11-26,ADANIPORTS,EQ,123.35,123.9,125.95,123.1,124.8,125.35,124.87,292680,3654561350000.0,9148.0,172373,0.5889,127.19499999999998,126.17540525971424,46.59090909090907,133.64210461329418,120.74789538670576,0.016214025131738863,0.004478827361563464,0.018527381983764128,-0.144323692112593,0.7223525812848889
2012-11-27,ADANIPORTS,EQ,125.35,126.4,130.6,125.1,129.9,129.75,129.39,1987923,25721995195000.0,21439.0,1598943,0.8043000000000001,127.45749999999998,126.51584285402717,40.827338129496404,133.87001038780494,121.04498961219504,0.03510171519744709,0.016214025131738863,0.021726949506915436,0.17769613452627198,0.6134212919331655
2012-11-29,ADANIPORTS,EQ,129.75,130.05,132.2,124.55,125.75,125.45,127.6,1359991,17353715669999.998,13669.0,729166,0.5362,127.47999999999999,126.41433401078648,40.391459074733106,133.85927565596273,121.10072434403725,-0.03314065510597297,0.03510171519744709,0.02423455717572694,0.08494590030285565,0.5077262136071036
2012-11-30,ADANIPORTS,EQ,125.45,125.5,130.7,125.25,130.5,130.15,128.67,1251861,16107203860000.0,13589.0,736495,0.5883,127.625,126.77011172404491,49.308755760368676,134.1131673675619,121.13683263243807,0.03746512554802717,-0.03314065510597297,0.02660190746849507,0.3862390683579946,0.48342878455728183
2012-12-03,ADANIPORTS,EQ,130.15,130.35,133.25,129.0,133.25,132.25,131.84,1160794,15304357444999.998,13288.0,513492,0.4424,127.9875,127.29200584556443,56.8075117370892,134.6654980454293,121.30950195457068,0.016135228582404793,0.03746512554802717,0.02476238915109532,0.7854147519526578,0.543825978036357
2012-12-04,ADANIPORTS,EQ,132.25,132.65,137.9,130.6,134.0,134.4,134.07,3545718,47536443355000.0,24234.0,2462436,0.6945,128.31,127.9689576697964,57.92682926829271,135.5773458559156,121.04265414408438,0.01625708884688093,0.016135228582404793,0.025063507666645578,1.2607186094475935,0.6872045043186044
2012-12-05,ADANIPORTS,EQ,134.4,134.75,136.3,131.25,133.7,133.7,133.49,1003342,13393935065000.0,14666.0,473286,0.4717,128.6225,128.51477122505386,57.228915662650564,136.2621111088691,120.98288889113088,-0.005208333333333481,0.01625708884688093,0.02073080091838508,1.5629000521066132,0.8623436138762062
2012-12-06,ADANIPORTS,EQ,133.7,133.7,136.5,130.7,135.45,135.05,134.64,3147331,42374170615000.0,14869.0,2176672,0.6916,128.6325,129.13717396552494,55.69422776911076,136.30687808212417,120.95812191787581,0.010097232610321694,-0.005208333333333481,0.020454161491959322,1.889533375533432,1.0677815662076515
2012-12-07,ADANIPORTS,EQ,135.05,135.65,138.8,135.35,137.2,137.6,137.44,1424101,19572682775000.0,16648.0,656469,0.461,128.97,129.9431573973797,66.77577741407526,137.59037976938603,120.34962023061397,0.018881895594224263,0.010097232610321694,0.020207575808384046,2.327328334052595,1.3196909197766402
2012-12-10,ADANIPORTS,EQ,137.6,137.95,138.75,135.6,136.95,137.05,137.06,612960,8400997825000.0,9782.0,223842,0.3652,129.2925,130.61999955001022,64.91803278688525,138.62299753285131,119.96200246714866,-0.003997093023255682,0.018881895594224263,0.020712227912190823,2.5999331780884063,1.5757393714389933
2012-12-11,ADANIPORTS,EQ,137.05,137.15,138.6,131.75,135.2,134.75,134.71,790611,10650504220000.0,11489.0,240044,0.3036,129.635,131.01333292619972,70.58823529411762,139.24886608252106,120.02113391747892,-0.016782196278730455,-0.003997093023255682,0.022316609537464036,2.600407820246488,1.7806730612004924
2012-12-12,ADANIPORTS,EQ,134.75,135.0,136.6,133.0,134.55,135.65,135.21,543139,7343836050000.0,6738.0,120138,0.2212,129.9575,131.45492026656166,71.875,139.93575398712602,119.97924601287401,0.006679035250463761,-0.016782196278730455,0.020108687912983512,2.642940285524247,1.9531265060652436
2012-12-13,ADANIPORTS,EQ,135.65,136.0,136.0,130.05,130.5,130.7,133.3,680712,9073694410000.0,10005.0,323703,0.4755,130.0475,131.3830230983177,61.79104477611938,140.01806061349538,120.07693938650465,-0.03649096940656116,0.006679035250463761,0.02082328226651363,2.2512726695962897,2.0127557387714528
2012-12-14,ADANIPORTS,EQ,130.7,130.05,136.45,130.05,136.3,135.65,134.35,878418,11801649465000.0,20058.0,403615,0.4595,130.26,131.78940185085887,66.22691292875989,140.52863389674008,119.9913661032599,0.03787299158377988,-0.03649096940656116,0.020895726079680634,2.3136268432186,2.0729299596608826
2012-12-17,ADANIPORTS,EQ,135.65,136.05,144.15,135.55,143.5,143.25,140.86,2010480,28319871230000.0,22620.0,654199,0.3254,131.055,132.8808873888723,70.57471264367814,142.73939805444644,119.37060194555359,0.05602653888684106,0.03787299158377988,0.0264628953416773,2.942381516646691,2.2468202710580445
2012-12-18,ADANIPORTS,EQ,143.25,144.6,146.25,142.1,142.7,142.65,143.69,1908629,27425623040000.0,18541.0,745305,0.3904999999999999,131.79,133.81127906612255,66.24685138539041,144.45983986107464,119.12016013892534,-0.004188481675392652,0.05602653888684106,0.02657229753642951,3.353600915866423,2.46817640001972
2012-12-19,ADANIPORTS,EQ,142.65,144.05,146.4,142.25,145.0,145.25,145.15,1845672,26790754970000.0,21275.0,652216,0.3534,132.89249999999998,134.90068105982516,76.05263157894734,146.23468773980565,119.5503122601943,0.01822642832106558,-0.004188481675392652,0.026478869512954795,3.844971090003071,2.7435353380163905
2012-12-20,ADANIPORTS,EQ,145.25,145.25,146.4,139.05,139.25,140.0,141.18,2098610,29628149820000.0,27359.0,680844,0.3243999999999999,133.73999999999998,135.38633048269895,62.77561608300906,146.59418629331182,120.88581370668813,-0.03614457831325302,0.01822642832106558,0.029998498296978038,3.7673269689989866,2.94829366421291
2012-12-21,ADANIPORTS,EQ,140.0,139.45,142.1,133.65,136.8,135.65,137.72,1487914,20492215105000.0,28459.0,549859,0.3696,134.3825,135.41144186529905,54.16666666666667,146.17501658334334,122.58998341665664,-0.031071428571428528,-0.03614457831325302,0.03137413098566476,3.316553632383261,3.0219456578469805
2012-12-24,ADANIPORTS,EQ,135.65,137.0,137.4,133.45,135.35,135.35,135.34,625551,8466311300000.0,9086.0,130048,0.2079,134.98250000000002,135.4055902590801,51.21951219512193,145.571186862576,124.393813137424,-0.002211573903428077,-0.031071428571428528,0.03136017446311067,2.901656532386511,2.997887832754887
2012-12-26,ADANIPORTS,EQ,135.35,136.0,137.5,134.4,136.1,136.4,136.28,526630,7176719155000.0,9187.0,131747,0.2502,135.53500000000003,135.50029594869153,53.43511450381681,145.11228123161675,125.9577187683833,0.0077576653121538275,-0.002211573903428077,0.030928485354456196,2.627288074755029,2.9237678811549155
2012-12-27,ADANIPORTS,EQ,136.4,137.45,138.25,132.45,133.7,133.8,135.2,1895037,25621800655000.0,10481.0,1226084,0.647,135.7375,135.3383630011971,48.458692971639955,144.9646267695343,126.51037323046572,-0.019061583577712593,0.0077576653121538275,0.03152835227513449,2.1749790202032386,2.77401010896458
2012-12-28,ADANIPORTS,EQ,133.8,133.5,134.95,132.05,132.55,132.85,133.24,773240,10302402965000.0,11910.0,347459,0.4493999999999999,136.10750000000002,135.10137604870215,43.902439024390254,144.10988615729892,128.10511384270112,-0.007100149476831241,-0.019061583577712593,0.029123016710997065,1.7200362678313184,2.563215340737928
2012-12-31,ADANIPORTS,EQ,132.85,132.85,135.95,132.4,134.8,135.0,134.53,636052,8557070770000.0,8188.0,204503,0.3215,136.35,135.09172118692098,47.47225647348951,143.87175791323182,128.82824208676817,0.016183665788483292,-0.007100149476831241,0.026876408812604648,1.5155080570802966,2.353673884006402
2013-01-01,ADANIPORTS,EQ,135.0,136.25,138.15,135.3,137.6,137.8,137.01,353823,4847673975000.0,4021.0,127915,0.3615,136.6275,135.3496525024523,53.71498172959806,143.91833599278476,129.33666400721523,0.020740740740740726,0.016183665788483292,0.020156591629692112,1.561356233191816,2.1952103538434846
2013-01-02,ADANIPORTS,EQ,137.8,138.8,140.2,137.3,139.25,138.45,138.73,1158271,16068575260000.0,13804.0,438963,0.379,136.82999999999998,135.64492369269493,53.43137254901958,144.08522679104345,129.57477320895651,0.004716981132075304,0.020740740740740726,0.020327969533829426,1.6313357873169139,2.0824354405381706
2013-01-03,ADANIPORTS,EQ,138.45,139.45,140.0,137.15,138.25,138.3,138.4,996003,13784717140000.0,11775.0,481079,0.483,137.06,135.89778810291446,60.555555555555586,144.18797306392221,129.9320269360778,-0.0010834236186346713,0.004716981132075304,0.018981645211102766,1.6556065401235287,1.9970696604552423
2013-01-04,ADANIPORTS,EQ,138.3,138.3,138.3,134.5,137.05,137.5,136.34,1236742,16861817710000.0,13182.0,585150,0.4731,137.18249999999998,136.0503797121607,52.904238618524325,144.24897198507074,130.1160280149292,-0.005784526391901745,-0.0010834236186346713,0.015508524273456437,1.5919371123780195,1.9160431508397977
2013-01-07,ADANIPORTS,EQ,137.5,137.0,141.25,137.0,140.2,140.05,139.79,1974675,27603697465000.0,12300.0,1327529,0.6723,137.305,136.43129593005014,44.029850746268686,144.48596167141395,130.12403832858607,0.018545454545454643,-0.005784526391901745,0.012757507480759924,1.7273307275360708,1.8783006661790524
2013-01-08,ADANIPORTS,EQ,140.05,140.6,140.65,135.3,137.05,137.45,137.39,750310,10308337360000.0,11461.0,351590,0.4686,137.325,136.52831536528345,40.9722222222222,144.5051993814862,130.14480061851378,-0.01856479828632651,0.018545454545454643,0.014471291789320521,1.6063162581865527,1.8239037845805526
2013-01-09,ADANIPORTS,EQ,137.45,137.0,138.9,134.45,134.55,135.15,136.44,804170,10972470300000.0,10996.0,382279,0.4754,137.345,136.39704723525645,32.28070175438599,144.4971730227511,130.1928269772489,-0.01673335758457606,-0.01856479828632651,0.015364798195211096,1.3097229701413369,1.7210676216927097
2013-01-10,ADANIPORTS,EQ,135.15,136.1,136.65,134.2,136.0,135.8,135.65,649023,8804256250000.0,8575.0,308240,0.4749,137.35250000000002,136.34018559380345,41.21338912133895,144.49750009207767,130.20749990792237,0.004809470958194728,-0.01673335758457606,0.014009379261123767,1.1142755453749658,1.5997092064291611
2013-01-11,ADANIPORTS,EQ,135.8,135.8,136.4,131.1,131.1,131.7,133.24,627649,8362773880000.0,12489.0,278376,0.4435,137.40249999999997,135.89826315629836,41.6490486257928,144.36310153177942,130.44189846822053,-0.030191458026509688,0.004809470958194728,0.01714902346206209,0.6213833972489056,1.4040440445931102
2013-01-14,ADANIPORTS,EQ,131.7,131.7,136.75,131.1,136.15,136.3,134.53,645456,8683250025000.0,10819.0,232849,0.3608,137.435,135.93652380807947,51.699463327370324,144.36715998843528,130.50284001156473,0.0349278663629462,-0.030191458026509688,0.019992519457146078,0.5950846100020044,1.242252157674889
2013-01-15,ADANIPORTS,EQ,136.3,135.1,137.4,133.7,137.05,136.9,135.59,611458,8290667625000.0,11731.0,202904,0.3318,137.1175,136.02828344540524,50.909090909090914,143.48710504435348,130.74789495564653,0.00440205429200291,0.0349278663629462,0.018847364937715886,0.6155618039253454,1.1169140869249803
2013-01-16,ADANIPORTS,EQ,136.9,137.35,139.0,134.75,135.3,135.6,137.53,1823638,25080847530000.0,12138.0,1379679,0.7565999999999999,136.76500000000001,135.98749454584285,53.435114503816756,142.60362817341283,130.9263718265872,-0.009495982468955555,0.00440205429200291,0.0189462522932795,0.5208865364416226,0.9977085768283088
2013-01-17,ADANIPORTS,EQ,135.6,135.95,136.8,133.65,134.5,134.6,134.94,448421,6051140745000.0,8055.0,205587,0.4585,136.23250000000002,135.85535220814353,53.33333333333332,140.55980315919533,131.9051968408047,-0.007374631268436627,-0.009495982468955555,0.019019810955930635,0.3610026483966351,0.8703673911419741
2013-01-18,ADANIPORTS,EQ,134.6,134.6,135.8,131.75,132.2,132.25,133.14,551806,7346843850000.0,9289.0,340544,0.6171,135.845,135.51198533117747,44.80151228733461,140.13966008703386,131.55033991296614,-0.017459138187221335,-0.007374631268436627,0.019590425880623537,0.04415911618593782,0.7051257361507669
2013-01-21,ADANIPORTS,EQ,132.25,131.95,137.0,131.55,136.5,135.75,134.1,1013495,13591134125000.0,16725.0,536687,0.5295000000000001,135.85,135.53465339487485,46.22467771639041,140.14393697401883,131.55606302598116,0.026465028355387554,-0.017459138187221335,0.02071787437121458,0.07461892295890493,0.5790243735123946
2013-01-22,ADANIPORTS,EQ,135.75,135.75,138.2,134.35,136.0,135.45,136.28,1864356,25406639830000.0,14819.0,999110,0.5359,135.855,135.52659116679152,44.40298507462688,140.1467178501466,131.5632821498534,-0.0022099447513812542,0.026465028355387554,0.01997809382304955,0.07370146190686455,0.47795979119128856
2013-01-23,ADANIPORTS,EQ,135.45,135.9,136.15,133.15,133.9,133.65,134.08,633457,8493449215000.001,14613.0,312197,0.4928,135.7175,135.34786819852565,41.827768014059764,140.11070947300357,131.32429052699644,-0.013289036544850363,-0.0022099447513812542,0.01971007597377224,-0.07144699289921164,0.36807843437318855
2013-01-24,ADANIPORTS,EQ,133.65,137.9,137.9,128.6,129.25,129.95,130.94,948386,12418220950000.0,18000.0,553988,0.5841,135.525,134.83378551295178,37.958532695374814,140.56217757228606,130.48782242771395,-0.027684249906472225,-0.013289036544850363,0.021273080688247337,-0.47950977666010886,0.19856079216652905
2013-01-25,ADANIPORTS,EQ,129.95,129.95,130.9,126.05,130.0,130.3,129.19,1711468,22110438620000.0,44407.0,1025824,0.5994,135.39749999999998,134.4019964164802,33.27615780445974,140.833101453188,129.96189854681197,0.0026933435936900008,-0.027684249906472225,0.019253056521941658,-0.765832359074949,0.005682161918233453
2013-01-28,ADANIPORTS,EQ,130.3,131.6,137.8,127.3,137.45,136.75,133.74,6676462,89290331155000.0,58357.0,3487894,0.5224,135.48499999999999,134.62561580538684,48.93939393939395,140.9499216299099,130.02007837009006,0.04950115118956244,0.0026933435936900008,0.022537858528331192,-0.46690181983785806,-0.08883463443298485
2013-01-29,ADANIPORTS,EQ,136.75,137.0,156.25,137.0,146.3,145.8,147.81,19207648,283909995865000.0,161916.0,8147652,0.4242,135.88500000000002,135.68984287154046,63.39622641509432,142.98874993632933,128.7812500636707,0.06617915904936034,0.04950115118956244,0.030698719351413696,0.4945611589927523,0.027844524252162578
2013-01-30,ADANIPORTS,EQ,145.8,147.55,148.8,140.2,142.8,142.65,143.82,10316243,148372966440000.0,140485.0,6640099,0.6437,136.095,136.3527149790128,58.10650887573962,143.74531131117539,128.4446886888246,-0.021604938271604923,0.06617915904936034,0.031634524222085646,0.9909260437291039,0.22046082814755086
2013-01-31,ADANIPORTS,EQ,142.65,143.35,155.0,141.65,153.0,150.55,148.35,8895649,131964797565000.02,59937.0,5335371,0.5998,136.7075,137.70483736196397,70.46688382193267,146.7031451043759,126.71185489562414,0.05538030143708372,-0.021604938271604923,0.034852766423554685,1.9987227364002536,0.5761132097980914
2013-02-01,ADANIPORTS,EQ,150.55,151.7,156.65,149.25,149.95,149.95,152.21,3716667,56572791240000.0,46751.0,1905904,0.5128,137.33,138.8710433274912,66.23067776456594,148.9518668669747,125.70813313302533,-0.003985386914646449,0.05538030143708372,0.03384185664040715,2.7176663248303328,1.0044238328045396
2013-02-04,ADANIPORTS,EQ,149.95,151.5,154.9,148.55,150.0,149.9,151.32,2234003,33804372875000.0,22610.0,1031013,0.4615,137.8225,139.92142015344442,65.66265060240963,150.6970148094577,124.94798519054228,-0.00033344448149374983,-0.003985386914646449,0.033730708617955275,3.2459820556535703,1.452735477374346
2013-02-05,ADANIPORTS,EQ,149.9,149.8,153.4,146.45,149.75,150.25,149.61,2115293,31646786060000.004,20682.0,996140,0.4709,138.4625,140.90509442454496,68.06411837237977,152.4808291669006,124.44417083309942,0.002334889926617789,-0.00033344448149374983,0.03357119799984755,3.6508336162056594,1.8923551051406087
2013-02-06,ADANIPORTS,EQ,150.25,151.95,162.65,150.2,154.95,154.95,155.96,5541384,86422577440000.0,62816.0,2164907,0.3907,139.45250000000001,142.2427044793502,72.99435028248585,155.17845825881173,123.72654174118829,0.031281198003327626,0.002334889926617789,0.032953083756874314,4.301348843234109,2.374153852759309
2013-02-07,ADANIPORTS,EQ,154.95,153.5,158.35,149.2,156.9,155.85,154.58,4047635,62567534665000.0,38205.0,1414835,0.3495,140.45499999999998,143.53863738607873,77.5700934579439,157.6849586094744,123.22504139052556,0.0058083252662148865,0.031281198003327626,0.029624160607211382,4.833788421752331,2.8660807665579138
2013-02-08,ADANIPORTS,EQ,155.85,156.2,157.45,151.2,151.85,151.85,153.63,1791582,27523426270000.0,20092.0,649321,0.3624,141.4625,144.3301957302617,68.59122401847573,158.89226507375542,124.03273492624459,-0.025665704202759043,0.0058083252662148865,0.03254303332501703,4.876767710656907,3.2682181553777125
2013-02-11,ADANIPORTS,EQ,151.85,153.3,156.5,152.0,154.0,153.5,154.18,2315423,35700131645000.0,23748.0,1286498,0.5556,142.3225,145.2035104226177,70.2127659574468,160.36626186124303,124.27873813875694,0.010865986170563113,-0.025665704202759043,0.03032723458369053,4.986489173922223,3.611872359086615
2013-02-12,ADANIPORTS,EQ,153.5,154.15,156.5,152.4,153.9,153.7,154.1,2292412,35325732610000.0,30185.0,1199197,0.5231,143.1625,146.01269990617794,73.28687572590007,161.70079251775005,124.62420748224993,0.0013029315960910726,0.010865986170563113,0.023662446801678356,5.031581611820428,3.895814209633378
2013-02-13,ADANIPORTS,EQ,153.7,154.5,158.7,153.75,155.0,154.9,155.76,1577507,24571519195000.0,22878.0,673031,0.4266,144.1275,146.8591094389229,80.76448828606658,163.01429502498428,125.24070497501573,0.007807417046193921,0.0013029315960910726,0.021656614402817378,5.105296979269781,4.1377107635606585
2013-02-14,ADANIPORTS,EQ,154.9,154.9,155.7,145.55,148.65,148.4,149.6,3032088,45361304255000.0,42390.0,1056951,0.3486,144.8175,147.00586092093025,69.37901498929335,163.2413768135831,126.39362318641692,-0.0419625564880568,0.007807417046193921,0.02005066551229506,4.586352643462078,4.227439139540943
2013-02-15,ADANIPORTS,EQ,148.4,146.15,151.7,144.6,149.7,149.95,147.1,1572387,23129594280000.0,21721.0,570178,0.3626,145.70250000000001,147.2862551189369,65.7894736842105,163.26485432604812,128.1401456739519,0.01044474393530992,-0.0419625564880568,0.020349333224403174,4.251152920040539,4.232181895640862
2013-02-18,ADANIPORTS,EQ,149.95,151.25,152.3,147.85,149.05,149.05,150.23,888936,13354765025000.0,9679.0,221330,0.249,146.3675,147.4542308218953,54.82912332838038,163.34042813493474,129.39457186506527,-0.006002000666888829,0.01044474393530992,0.02044421544972311,3.868290995194144,4.159403715551519
2013-02-19,ADANIPORTS,EQ,149.05,150.1,153.85,149.55,152.3,152.55,151.95,1183511,17983293000000.0,16612.0,376694,0.3182999999999999,147.22250000000003,147.93954217219098,64.55882352941178,163.5918704666263,130.85312953337376,0.02348205300234829,-0.006002000666888829,0.021804524981476708,3.803447139599996,4.088212400361215
2013-02-20,ADANIPORTS,EQ,152.55,153.05,153.7,149.45,150.45,150.45,151.13,1086942,16426818710000.0,11309.0,504963,0.4646,148.0625,148.17863339388708,49.82269503546096,163.1752995595219,132.9497004404781,-0.0137659783677484,0.02348205300234829,0.019560235032995317,3.5417780545664073,3.9789255312022536
2013-02-21,ADANIPORTS,EQ,150.45,150.3,154.45,143.65,146.05,145.6,148.41,3125690,46389645755000.0,35950.0,1292476,0.4135,148.84499999999997,147.93304926113595,43.29738058551618,161.4159732487592,136.27402675124074,-0.032236623462944425,-0.0137659783677484,0.021326804627773272,2.909509933191771,3.7650424116001573
2013-02-22,ADANIPORTS,EQ,145.6,146.35,150.75,143.15,150.0,149.7,147.84,1120221,16560925810000.0,16749.0,329827,0.2944,149.815,148.10133028388492,49.726027397260246,158.8603302869472,140.7696697130528,0.02815934065934056,-0.032236623462944425,0.022719499843059727,2.708051890141064,3.553644307308339
2013-02-25,ADANIPORTS,EQ,149.7,149.7,152.5,145.85,147.7,148.1,149.28,921416,13755233210000.0,14422.0,349247,0.379,150.3825,148.1012035901816,47.1523178807947,157.10154402661135,143.66345597338864,-0.010688042752170945,0.02815934065934056,0.022469656706194635,2.391718074188077,3.3212590606842864
2013-02-26,ADANIPORTS,EQ,148.1,147.0,148.0,138.05,141.8,141.45,141.81,1881561,26683016665000.0,21883.0,390268,0.2074,150.165,147.46775562921192,32.99748110831233,157.73621279306414,142.59378720693584,-0.0449020931802836,-0.010688042752170945,0.025896775875037602,1.5861378129805814,2.9742348111435457
2013-02-27,ADANIPORTS,EQ,141.45,143.25,144.5,137.0,143.75,143.3,141.5,2210177,31272936715000.0,21476.0,896654,0.4057,150.1975,147.07082652166795,34.56334563345635,157.63732703533844,142.75767296466154,0.013078826440438451,-0.0449020931802836,0.026303984085001817,1.0844878896643877,2.596285426847714
2013-02-28,ADANIPORTS,EQ,143.3,144.85,145.8,131.9,142.5,138.65,138.67,4173623,57877229379999.99,39432.0,2321407,0.5562,149.60250000000002,146.26884304341388,34.01937046004845,158.65273843826444,140.5522615617356,-0.03244940683879971,0.013078826440438451,0.025059252315557296,0.3081583156740635,2.138660004612984
2013-03-01,ADANIPORTS,EQ,138.65,139.55,141.8,137.8,140.5,140.1,140.15,3196913,44805815760000.0,31208.0,572753,0.1792,149.10999999999999,145.68133418213637,33.69829683698296,159.10350315270497,139.116496847295,0.010457987738910823,-0.03244940683879971,0.025060246968484346,-0.187919365551096,1.6733441305801682
2013-03-04,ADANIPORTS,EQ,140.1,140.8,140.8,134.8,136.7,136.15,137.65,900454,12394819095000.0,14612.0,420437,0.4669,148.4225,144.77358806955195,30.43478260869567,159.95978395475296,136.88521604524706,-0.028194147037830075,0.010457987738910823,0.025978362164279414,-0.8895423993822078,1.160766824587693
2013-03-05,ADANIPORTS,EQ,136.15,137.35,148.25,136.7,146.0,145.95,143.37,1772006,25404991160000.0,22396.0,976196,0.5509000000000001,148.20749999999998,144.8856273010232,41.62768942937323,159.7616414311274,136.65335856887256,0.0719794344473006,-0.028194147037830075,0.035453769734783445,-0.6473434384307097,0.7991447719840125
2013-03-06,ADANIPORTS,EQ,145.95,147.0,147.5,143.2,144.5,144.3,145.01,1195204,17331640890000.0,17845.0,546300,0.4571,147.675,144.8298532723543,45.78189300411522,158.89765096743247,136.45234903256755,-0.01130524152106871,0.0719794344473006,0.0353858202089357,-0.5818332161646538,0.5229491743542792
2013-03-07,ADANIPORTS,EQ,144.3,144.0,146.4,143.3,145.7,145.9,145.53,1019838,14841666650000.0,27772.0,581165,0.5699000000000001,147.1775,144.93177200832056,45.837615621788295,157.73682987307402,136.618170126926,0.01108801108801094,-0.01130524152106871,0.034121110622491,-0.3962416378517446,0.33911101191307447
2013-03-08,ADANIPORTS,EQ,145.9,146.45,147.55,145.05,146.0,145.95,146.16,737539,10779560455000.0,12203.0,402536,0.5458,146.8825,145.02874610276623,46.7573221757322,157.2195195745284,136.5454804254716,0.0003427004797804667,0.01108801108801094,0.032741813811520346,-0.24233095241743285,0.222822619046973
2013-03-11,ADANIPORTS,EQ,145.95,146.7,146.75,141.1,141.6,142.0,142.64,885327,12628637130000.0,23464.0,355938,0.402,146.3075,144.74029409297896,39.06735751295335,156.3703694767068,136.2446305232932,-0.027064063035285968,0.0003427004797804667,0.033619118706955414,-0.43408376636583057,0.09144134196441228
2013-03-12,ADANIPORTS,EQ,142.0,130.6,142.7,130.6,139.5,138.9,139.56,918664,12820925710000.0,17380.0,425839,0.4635,145.5675,144.18407560793335,38.274111675126896,155.51749471039147,135.61750528960852,-0.02183098591549293,-0.027064063035285968,0.031180391198810956,-0.8266640762528823,-0.09217974167904665
2013-03-13,ADANIPORTS,EQ,138.9,137.85,139.9,134.8,135.15,135.4,136.44,814241,11109853525000.0,14964.0,464908,0.5710000000000001,144.59250000000003,143.34749697860636,39.35281837160752,154.5135714086089,134.67142859139116,-0.025197984161267062,-0.02183098591549293,0.03155407485395839,-1.4040228480874077,-0.3545483629607189
2013-03-14,ADANIPORTS,EQ,135.4,135.45,141.35,133.0,140.95,139.95,137.07,1204991,16516379540000.0,22040.0,632300,0.5246999999999999,144.17000000000002,143.0239258377867,39.917269906928624,154.12798542297543,134.2120145770246,0.0336041358936483,-0.025197984161267062,0.032128483604346066,-1.4774062408570785,-0.5791199385399908
2013-03-15,ADANIPORTS,EQ,139.95,140.25,143.0,137.8,139.0,138.8,140.2,651943,9140094185000.0,12100.0,297326,0.4561,143.6125,142.6216471865689,40.29227557411273,153.45579186486026,133.76920813513976,-0.00821722043586981,0.0336041358936483,0.03208543075848842,-1.6098017053819262,-0.7852562919083779
2013-03-18,ADANIPORTS,EQ,138.8,138.6,140.35,134.2,138.95,139.05,136.99,1089644,14927374635000.0,10806.0,676974,0.6213000000000001,143.1125,142.28149031165756,47.10843373493978,152.80763578526472,133.4173642147353,0.0018011527377521652,-0.00821722043586981,0.030573052548292054,-1.6752420071562995,-0.9632534349579622
2013-03-19,ADANIPORTS,EQ,139.05,139.0,139.75,134.35,135.5,136.0,136.48,970366,13243904990000.0,16630.0,444019,0.4576,142.285,141.68325313911876,41.45199063231846,151.39607481093816,133.17392518906183,-0.021934555915138487,0.0018011527377521652,0.01915965453431981,-1.9507266651601185,-1.1607480809983937
2013-03-20,ADANIPORTS,EQ,136.0,135.0,137.85,132.0,132.45,132.35,134.46,690865,9289133315000.0,10600.0,306825,0.4441,141.38,140.79437188777413,42.44604316546759,150.67019857019602,132.08980142980397,-0.026838235294117663,-0.021934555915138487,0.020162449340227172,-2.435499811286604,-1.4156984270560358
2013-03-21,ADANIPORTS,EQ,132.35,126.0,134.5,121.65,129.2,127.3,129.97,1349239,17535479460000.0,23215.0,657644,0.4874,140.465,139.50919361274802,35.87196467991167,151.45452132476018,129.47547867523983,-0.03815640347563276,-0.026838235294117663,0.020868492712209537,-3.190401851000672,-1.7706391118449631
2013-03-22,ADANIPORTS,EQ,127.3,127.15,127.7,119.1,124.05,124.1,123.04,2379340,29274946985000.004,35433.0,1292519,0.5432,139.185,138.04165136391487,36.47586980920309,151.52590758412822,126.84409241587178,-0.025137470542026752,-0.03815640347563276,0.020564316238313656,-4.000762117431947,-2.21666371296236
2013-03-25,ADANIPORTS,EQ,124.1,124.6,129.7,124.6,128.65,128.05,127.7,1137186,14521486185000.0,18046.0,531020,0.467,138.1825,137.0900655197325,26.873385012919883,150.72989541016156,125.63510458983845,0.03182917002417418,-0.025137470542026752,0.02497172142945002,-4.274967316289121,-2.6283244336277125
2013-03-26,ADANIPORTS,EQ,128.05,126.05,133.75,125.75,131.75,131.4,131.41,1527015,20066311055000.0,21242.0,738200,0.4834,137.68,136.5481545178532,34.034653465346494,150.47886508126476,124.88113491873526,0.026161655603279987,0.03182917002417418,0.026978176532611194,-4.173846405806387,-2.9374288280634477
2013-03-28,ADANIPORTS,EQ,131.4,131.8,141.6,129.75,137.6,138.7,137.75,1939645,26718498000000.0,26706.0,1020346,0.526,137.45,136.75309218281956,42.19088937093272,149.98626318871933,124.91373681128064,0.05555555555555536,0.026161655603279987,0.031956546602780043,-3.464719237698205,-3.0428869099903997
2013-04-01,ADANIPORTS,EQ,138.7,140.8,144.2,137.35,143.25,142.45,141.81,890295,12625570490000.0,10105.0,276099,0.3101,137.64,137.29565483207483,46.485943775100395,150.36658220956588,124.9134177904341,0.02703677000720983,0.05555555555555536,0.03131573647068346,-2.5705059950185785,-2.948410726996036
2013-04-02,ADANIPORTS,EQ,142.45,142.95,148.5,142.65,147.75,147.15,147.09,1468440,21599561895000.0,26195.0,701623,0.4778,137.9925,138.23416389568675,55.09396636993076,151.37938576653704,124.60561423346296,0.03299403299403303,0.02703677000720983,0.032481050423111245,-1.4656892835742497,-2.6518664383116786
2013-04-03,ADANIPORTS,EQ,147.15,147.85,149.8,144.5,145.0,146.05,147.76,1553513,22954655645000.0,26619.0,740081,0.4764,138.4875,138.97852923895468,57.36354273944388,152.31249167221586,124.66250832778417,-0.007475365273530321,0.03299403299403303,0.032756104872909926,-0.6711384209489211,-2.255720834839127
2013-04-04,ADANIPORTS,EQ,146.05,144.5,144.6,139.6,140.75,140.75,141.85,1364325,19353108175000.0,19864.0,652780,0.4785,138.22750000000002,139.14724074000662,55.31281032770605,151.65133877169333,124.8036612283067,-0.03628894214310174,-0.007475365273530321,0.0343623626296943,-0.4637707830407578,-1.8973308244794531
2013-04-05,ADANIPORTS,EQ,140.75,141.0,148.65,140.95,144.5,144.75,145.69,1133976,16520773405000.002,16889.0,432734,0.3816,138.25,139.680836860006,54.819277108433745,151.7181300229759,124.78186997702409,0.02841918294849033,-0.03628894214310174,0.03328402552347489,0.023070195753831513,-1.5132506204327962
2013-04-08,ADANIPORTS,EQ,144.75,145.2,146.9,143.1,144.5,144.05,145.23,588531,8547392645000.0,21040.0,339223,0.5764,138.15749999999997,140.09694763524354,55.319148936170215,151.42837333024332,124.88662666975662,-0.004835924006908354,0.02841918294849033,0.029428273671488217,0.3483949489888971,-1.1409215065484577
2013-04-09,ADANIPORTS,EQ,144.05,144.85,147.65,144.1,145.5,145.3,145.95,511288,7462075445000.0,9330.0,197487,0.3863,138.125,140.592476431887,56.206554121151925,151.31847925063127,124.93152074936872,0.008677542519958337,-0.004835924006908354,0.026364660147132346,0.6990238018198909,-0.7729324448747881
2013-04-10,ADANIPORTS,EQ,145.3,146.0,152.5,142.2,151.2,151.3,147.08,2267790,33354193950000.0,21768.0,1540149,0.6790999999999999,138.59,141.6122405812311,64.35272045028142,152.9614849249256,124.21851507507441,0.04129387474191337,0.008677542519958337,0.027146089965850342,1.4443994124217454,-0.32946607341548145
2013-04-11,ADANIPORTS,EQ,151.3,152.15,154.4,148.55,149.85,149.3,150.78,1334386,20119870725000.0,15914.0,570101,0.4272,139.10999999999999,142.3444081449234,66.40851887705713,154.26021625692428,123.95978374307569,-0.013218770654329193,0.04129387474191337,0.028516008385911493,1.8523786012132462,0.10690286151026407
2013-04-12,ADANIPORTS,EQ,149.3,149.0,153.5,146.75,148.3,148.5,149.35,832927,12439854695000.0,10521.0,141342,0.1697,139.765,142.93065498826402,72.36286919831223,155.36588054195028,124.1641194580497,-0.0053583389149364224,-0.013218770654329193,0.0247201167803663,2.0870930243266628,0.5029408940735438
2013-04-15,ADANIPORTS,EQ,148.5,147.3,148.4,142.9,145.0,145.4,145.52,988564,14385373960000.0,13335.0,283064,0.2863,140.0375,143.16583070366744,72.51585623678648,155.84105972558058,124.23394027441942,-0.020875420875420825,-0.0053583389149364224,0.025072534431029816,1.9999081076853429,0.8023343367959037
2013-04-16,ADANIPORTS,EQ,145.4,145.0,147.3,143.55,146.45,146.2,145.54,789507,11490610505000.0,10960.0,389577,0.4934,140.4075,143.45479920808006,70.55492638731596,156.43400025820694,124.38099974179306,0.005502063273727487,-0.020875420875420825,0.022735340361945373,1.972627525044004,1.0363929744455238
2013-04-17,ADANIPORTS,EQ,146.2,147.1,147.5,140.4,141.5,141.0,143.29,1224412,17544138844999.998,19110.0,714912,0.5839,140.50500000000002,143.2210088073105,60.43478260869565,156.5204497776035,124.48955022239657,-0.035567715458276306,0.005502063273727487,0.02529591800029195,1.513958948615084,1.1319061692794359
2013-04-18,ADANIPORTS,EQ,141.0,141.75,146.5,140.8,145.8,145.25,144.38,1433603,20697731505000.0,19090.0,616269,0.4299,140.96750000000003,143.41424606375713,57.625145518044256,156.96941682596977,124.9655831740303,0.03014184397163122,-0.035567715458276306,0.024353418221339573,1.4763814719415507,1.2008012298118589
2013-04-22,ADANIPORTS,EQ,145.25,144.0,152.8,140.7,151.6,150.35,146.83,1690739,24825260055000.0,16430.0,891237,0.5271,141.8675,144.074794057685,58.91647855530475,157.85342390692145,125.88157609307855,0.03511187607573141,0.03014184397163122,0.025194281658478593,1.8369531757221864,1.3280316189939245
2013-04-23,ADANIPORTS,EQ,150.35,150.0,151.0,145.5,147.95,147.3,147.57,1160058,17119496085000.0,17164.0,609757,0.5256000000000001,142.8675,144.3819565283817,50.17584994138336,157.45777343634637,128.27722656365364,-0.020285999334885174,0.03511187607573141,0.02625372710123983,1.8552135912115943,1.4334680134374584
2013-04-25,ADANIPORTS,EQ,147.3,146.5,148.1,141.75,144.4,145.5,144.32,2246425,32420549290000.0,27022.0,1575808,0.7015000000000001,143.9375,144.488436859012,49.36562860438291,155.57206171567168,132.30293828432832,-0.012219959266802527,-0.020285999334885174,0.026541220926681763,1.7047884057265321,1.4877320918952734
2013-04-26,ADANIPORTS,EQ,145.5,144.0,146.2,143.25,144.5,144.85,144.96,877991,12727571985000.0,21310.0,547392,0.6235,144.7775,144.522871443868,55.29715762273902,153.68973139404685,135.86526860595316,-0.0044673539518900185,-0.012219959266802527,0.02232759027660189,1.5156542757228522,1.4933165286607892
2013-04-29,ADANIPORTS,EQ,144.85,143.0,147.5,143.0,145.0,145.4,145.14,415488,6030509960000.0,14170.0,216303,0.5206000000000001,145.4775,144.60640749683296,50.921985815602845,151.7839273813126,139.1710726186874,0.0037970314118054294,-0.0044673539518900185,0.02220550019413078,1.3940744955123137,1.4734681220310943
2013-04-30,ADANIPORTS,EQ,145.4,146.0,146.7,143.15,144.85,145.0,144.58,892336,12901380760000.0,15590.0,566067,0.6344,145.7925,144.64389249713457,51.35908440629469,151.2450971600195,140.33990283998048,-0.0027510316368638543,0.0037970314118054294,0.022182489463523386,1.25102396121045,1.4289792898669655
2013-05-02,ADANIPORTS,EQ,145.0,145.0,149.0,144.15,146.4,146.3,146.31,1253183,18334876710000.0,18150.0,762820,0.6087,145.985,144.801617021217,51.42857142857143,151.20773370644147,140.76226629355855,0.008965517241379395,-0.0027510316368638543,0.02137785737616986,1.2283943521566982,1.3888623023249123
2013-05-03,ADANIPORTS,EQ,146.3,150.0,158.8,148.1,155.45,155.55,152.99,3167410,48458125350000.0,34404.0,1167843,0.3686999999999999,146.40500000000003,145.82527254300587,55.55555555555556,153.15106317944256,139.6589368205575,0.06322624743677374,0.008965517241379395,0.029158992558352838,1.9345575433293902,1.4980013505258079
2013-05-06,ADANIPORTS,EQ,155.55,156.35,156.65,151.25,153.0,152.45,153.69,1465010,22515680080000.0,20884.0,705540,0.4816,146.725,146.4561989674815,54.00254129606096,153.98755718339498,139.462442816605,-0.019929283188685476,0.06322624743677374,0.026984784113525943,2.218479615691649,1.6420970035589764
2013-05-07,ADANIPORTS,EQ,152.45,152.55,153.3,147.3,150.75,150.35,150.31,1713111,25749024340000.0,28322.0,1030861,0.6017,147.20499999999998,146.82703716105468,52.27552275522754,154.0624891829818,140.34751081701816,-0.013775008199409577,-0.019929283188685476,0.026580242659588287,2.2481224972781604,1.7633021023028133
2013-05-08,ADANIPORTS,EQ,150.35,151.0,155.35,150.0,154.5,154.4,153.17,1288174,19730458225000.0,14774.0,614296,0.4769,147.6875,147.5482717171447,60.817307692307686,155.1490417484011,140.2259582515989,0.02693714665779856,-0.013775008199409577,0.025617396103534477,2.5688042706319436,1.9244025359686394
2013-05-09,ADANIPORTS,EQ,154.4,154.55,154.75,150.35,152.0,151.55,151.85,1362727,20692747710000.0,14290.0,910027,0.6678000000000001,148.0625,147.92938869646426,56.12829324169533,155.50815397784967,140.61684602215033,-0.018458549222797882,0.02693714665779856,0.025439121642930183,2.563426124164039,2.0522072536077194
2013-05-10,ADANIPORTS,EQ,151.55,152.0,152.5,150.0,151.0,150.95,151.03,1444269,21813499965000.0,45071.0,1122578,0.7773000000000001,148.345,148.21706596346766,62.74007682458383,155.77806269666848,140.9119373033315,-0.003959089409436012,-0.018458549222797882,0.025015792852651337,2.482136395459378,2.1381930819780512
2013-05-11,ADANIPORTS,EQ,150.95,151.7,151.85,150.3,151.4,151.1,150.88,29097,439001250000.0,427.0,8236,0.2831,148.33499999999998,148.49163110980408,58.36909871244633,155.751844271477,140.91815572852295,0.0009937065253395883,-0.003959089409436012,0.024870600696019526,2.402127218890655,2.190979909360572
2013-05-13,ADANIPORTS,EQ,151.1,149.3,153.85,149.3,150.35,150.35,151.59,878208,13312375340000.0,24847.0,442052,0.5034000000000001,148.3875,148.66861862315605,50.0,155.84784252070833,140.92715747929165,-0.00496360026472531,0.0009937065253395883,0.02505193164392345,2.252238237603052,2.203231575009068
2013-05-14,ADANIPORTS,EQ,150.35,150.4,151.7,148.8,150.5,149.95,150.28,440169,6614887630000.0,6205.0,269179,0.6115,148.46,148.79065494476023,54.740608228980264,155.9530564349146,140.96694356508542,-0.0026604589291653324,-0.00496360026472531,0.025049385117456593,2.0772284860232446,2.178030957211903
2013-05-15,ADANIPORTS,EQ,149.95,150.7,153.5,149.7,153.1,152.5,151.89,1562040,23726151965000.0,11715.0,888623,0.5689000000000001,148.815,149.14392590240212,62.19512195121946,156.37013767334057,141.25986232665943,0.01700566855618546,-0.0026604589291653324,0.025366422235913403,2.119859267708307,2.1663966193111843
2013-05-16,ADANIPORTS,EQ,152.5,157.0,167.35,154.4,162.15,162.0,161.8,8280624,133984607105000.0,78371.0,3897665,0.4707,149.605,150.36831391169713,72.83621837549929,159.07133369812098,140.138666301879,0.062295081967213006,0.01700566855618546,0.02512723717682152,2.8869362702512262,2.3105045494991927
2013-05-17,ADANIPORTS,EQ,162.0,163.05,169.0,163.05,168.9,168.25,165.62,9076436,150325295550000.0,50550.0,6960951,0.7669,150.9675,152.07133163439264,76.4161849710982,162.7739779275023,139.1610220724977,0.03858024691358031,0.062295081967213006,0.025652507937714675,3.953598465744932,2.6391233327483405
2013-05-20,ADANIPORTS,EQ,168.25,169.7,175.0,166.9,168.0,167.6,169.75,7727111,131168640540000.02,60908.0,5939354,0.7686000000000001,152.08499999999998,153.55025243111714,75.97701149425282,165.70457183035023,138.46542816964973,-0.0038632986627042953,0.03858024691358031,0.024800585228410613,4.692395360040678,3.049777738206808
2013-05-21,ADANIPORTS,EQ,167.6,167.6,168.0,160.0,160.5,160.65,162.71,3803039,61880513229999.99,22826.0,2617128,0.6881999999999999,152.6,154.22641886624885,64.59816887080365,166.71333822273942,138.48666177726057,-0.0414677804295942,-0.0038632986627042953,0.029045291887060946,4.663334290214891,3.3724890486084247
2013-05-22,ADANIPORTS,EQ,160.65,160.8,161.8,153.25,154.4,154.65,155.69,2243155,34923747320000.0,20612.0,1195878,0.5331,152.96750000000003,154.2667599266061,49.019607843137244,166.88111601188848,139.05388398811158,-0.03734827264239027,-0.0414677804295942,0.031225883078216103,4.108789756417366,3.519749190170213
2013-05-23,ADANIPORTS,EQ,154.65,154.0,158.95,150.55,151.6,152.45,154.25,2104757,32465622460000.004,35134.0,1012939,0.4813,153.315,154.09373517169126,50.0,166.78336840038108,139.84663159961892,-0.014225670869705942,-0.03734827264239027,0.031626630231267994,3.4519951529415493,3.5061983827244805
2013-05-24,ADANIPORTS,EQ,152.45,153.25,158.2,150.3,157.9,156.65,154.87,1502462,23268657500000.0,17462.0,720269,0.4794,153.905,154.33718896486354,56.68789808917197,166.8350913824248,140.9749086175752,0.027550016398819377,-0.014225670869705942,0.03268280637357286,3.2331162453415345,3.4515819552478915
2013-05-27,ADANIPORTS,EQ,156.65,157.7,160.15,153.0,157.8,158.0,158.46,3890085,61643787985000.0,21220.0,3193140,0.8208,154.53500000000003,154.686028111067,54.05405405405404,166.93733848917051,142.13266151082954,0.00861793807851896,0.027550016398819377,0.0325466775419488,3.1324775998390635,3.387761084166126
2013-05-28,ADANIPORTS,EQ,158.0,158.65,159.75,156.1,157.5,157.85,158.33,2825798,44740107885000.0,22621.0,2459300,0.8703000000000001,155.1775,154.98735876715585,57.55395683453234,166.8073379859268,143.5476620140732,-0.0009493670886076,0.00861793807851896,0.03250377960839506,3.0059660958147276,3.311402086495846
2013-05-29,ADANIPORTS,EQ,157.85,157.0,157.95,151.1,153.2,153.5,153.19,1839294,28176802970000.0,24852.0,1146730,0.6235,155.5375,154.84570555123625,52.80528052805281,166.43283338056446,144.64216661943553,-0.02755780804561292,-0.0009493670886076,0.033798349545127775,2.5255828251880814,3.1542382342342936
2013-05-30,ADANIPORTS,EQ,153.5,152.0,156.2,151.6,154.7,154.65,154.34,2440279,37662799065000.0,33090.0,1657886,0.6794,155.4925,154.82706692730898,53.82131324004307,166.395047988041,144.589952011959,0.007491856677524389,-0.02755780804561292,0.02642295176093292,2.2121704869457233,2.96582468477658
2013-05-31,ADANIPORTS,EQ,154.65,154.7,155.45,150.05,151.5,152.05,152.1,2175273,33085663975000.0,43091.0,1519764,0.6987000000000001,155.4725,154.56258436280336,51.759834368530036,166.39998707087628,144.54501292912371,-0.016812156482379548,0.007491856677524389,0.021839441946744555,1.7340021822037102,2.7194601842620063
2013-06-03,ADANIPORTS,EQ,152.05,151.0,154.65,149.55,153.1,153.55,152.49,2987578,45557769800000.0,22241.0,2454793,0.8217,155.6325,154.46614775682207,53.643724696356294,166.33558735586726,144.92941264413273,0.009865175928970737,-0.016812156482379548,0.022673598704765235,1.459266306041684,2.467421408617942
2013-06-04,ADANIPORTS,EQ,153.55,153.0,156.5,153.0,155.45,155.35,154.87,3938790,61001510410000.0,16974.0,3354540,0.8517,155.68,154.55032416093425,52.92908530318602,166.36847879482042,144.9915212051796,0.011722565939433327,0.009865175928970737,0.020177658495179437,1.3709773283530353,2.2481325925649607
2013-06-05,ADANIPORTS,EQ,155.35,154.1,155.45,149.15,154.0,154.55,152.99,2291669,35060833365000.0,34647.0,1264807,0.5519,155.82999999999998,154.55029328846433,40.675844806007525,166.35742783599403,145.30257216400594,-0.005149662053427595,0.011722565939433327,0.016316253911077827,1.2223637153109053,2.04297881711415
2013-06-06,ADANIPORTS,EQ,154.55,153.8,155.45,152.0,153.0,152.5,153.43,1270646,19495406030000.0,11330.0,830984,0.654,155.9075,154.35502726099153,27.972027972027973,166.30569189747905,145.50930810252095,-0.013264315755418976,-0.005149662053427595,0.016225339959401248,0.9284657140350134,1.8200761964983228
2013-06-07,ADANIPORTS,EQ,152.5,152.0,153.8,150.0,151.9,152.05,152.0,1577506,23977449635000.0,24469.0,778758,0.4936999999999999,155.95499999999998,154.1355008551828,28.129395218002827,166.26906295970693,145.64093704029304,-0.0029508196721310664,-0.013264315755418976,0.013060823027463662,0.651725505468022,1.5864060582922626
2013-06-10,ADANIPORTS,EQ,152.05,152.2,160.35,150.3,151.1,150.8,155.49,4320732,67184164685000.0,39820.0,2190516,0.507,155.97750000000002,153.81783410707015,33.500837520938035,166.24192374109717,145.71307625890287,-0.008220979940808948,-0.0029508196721310664,0.012483794165883912,0.3277640827392929,1.3346776631816686
2013-06-11,ADANIPORTS,EQ,150.8,150.4,153.3,145.75,148.0,148.3,149.13,2191377,32679242400000.0,27836.0,1266904,0.5781000000000001,155.895,153.29232609687298,37.9506641366224,166.38739825076178,145.40260174923824,-0.01657824933687002,-0.008220979940808948,0.012948086974394157,-0.12921724940133572,1.0418986806650679
2013-06-12,ADANIPORTS,EQ,148.3,147.2,147.8,141.8,143.65,144.15,144.32,2083999,30076397120000.0,32095.0,1316636,0.6318,155.47750000000002,152.42162837336127,35.33568904593642,167.13816148705757,143.81683851294247,-0.027983816587997312,-0.01657824933687002,0.01302682550925576,-0.8168326264413963,0.6701524192437751
2013-06-13,ADANIPORTS,EQ,144.15,142.0,144.3,136.4,143.6,143.3,141.1,3768898,53178056810000.0,34881.0,2834710,0.7521,154.5425,151.55290186161258,23.246492985971912,166.97443150932673,142.11056849067324,-0.005896635449184839,-0.027983816587997312,0.012121165206014174,-1.4140602565845768,0.2533098840781047
2013-06-14,ADANIPORTS,EQ,143.3,143.9,149.9,143.8,149.0,148.6,147.52,1702926,25122038380000.0,33278.0,1178986,0.6923,153.56,151.27167311288758,33.737024221453254,164.43960912610393,142.68039087389607,0.036985345429169536,-0.005896635449184839,0.018037028428322402,-1.4430669724336838,-0.08596548722425304
2013-06-17,ADANIPORTS,EQ,148.6,149.0,151.0,145.25,150.6,150.0,149.4,1738706,25976914625000.0,17523.0,1294330,0.7444,152.68,151.15056138785067,36.98175787728025,161.41350475256763,143.94649524743238,0.009421265141319024,0.036985345429169536,0.018004697255405787,-1.3376669125156582,-0.33630577228253405
2013-06-18,ADANIPORTS,EQ,150.0,150.8,155.0,149.45,154.75,153.95,153.17,1791207,27435124625000.0,20704.0,888455,0.496,152.345,151.41717458900774,50.75630252100839,160.2676457569071,144.4223542430929,0.02633333333333332,0.009421265141319024,0.01976596520958543,-0.9247447355141674,-0.4539935649288607
2013-06-19,ADANIPORTS,EQ,153.95,153.35,154.5,148.3,150.5,150.35,150.88,1074287,16208341390000.0,11195.0,626148,0.5828,152.13,151.31553891386415,43.322981366459594,160.02259479712112,144.23740520287888,-0.02338421565443327,0.02633333333333332,0.021020239102670202,-0.8778712950085605,-0.5387691109448007
2013-06-20,ADANIPORTS,EQ,150.35,149.9,151.4,146.85,148.9,148.9,148.53,3201936,47556819105000.0,37158.0,2540666,0.7935,151.95250000000001,151.08548758873422,44.927536231884034,159.9734249368181,143.93157506318192,-0.009644163618224066,-0.02338421565443327,0.020845736078378797,-0.9468123738716088,-0.6203777635301624
2013-06-21,ADANIPORTS,EQ,148.9,147.0,152.6,146.8,152.45,151.45,150.52,4669085,70280244875000.0,18154.0,3870832,0.8290000000000001,151.6925,151.12020305647383,46.728971962616775,159.4034133188288,143.9815866811712,0.017125587642713214,-0.009644163618224066,0.021713245611802188,-0.7866173516261767,-0.6536256811493653
2013-06-24,ADANIPORTS,EQ,151.45,152.0,152.0,147.75,150.05,150.75,149.78,907117,13586754055000.002,14743.0,469165,0.5172,151.32999999999998,151.08494562252395,42.580645161290306,158.45153147337575,144.20846852662422,-0.004621987454605403,0.017125587642713214,0.021594738419790586,-0.7079845866005314,-0.6644974622395985
2013-06-25,ADANIPORTS,EQ,150.75,150.75,151.0,143.95,144.85,145.0,146.96,557666,8195624659999.999,19880.0,252924,0.4535,150.6875,150.50542699180735,36.7176634214186,157.64911467960815,143.72588532039185,-0.03814262023217252,-0.004621987454605403,0.024354075338867846,-1.0969989776875195,-0.7509977653291827
2013-06-26,ADANIPORTS,EQ,145.0,146.4,150.0,143.0,148.3,147.8,147.47,974214,14366705644999.998,14993.0,473523,0.4861,150.4025,150.2477672783019,43.59673024523161,157.34599184109382,143.4590081589062,0.0193103448275862,-0.03814262023217252,0.02331325374374073,-1.1659190963147807,-0.8339820315263023
2013-06-27,ADANIPORTS,EQ,147.8,148.7,150.0,147.15,149.9,149.75,149.41,3226254,48203193860000.0,20391.0,2215517,0.6867,150.1575,150.20036087084458,46.9895287958115,156.80962866603178,143.5053713339682,0.01319350473612979,0.0193103448275862,0.02330827660624358,-1.0510739573895478,-0.8774004166989515
2013-06-28,ADANIPORTS,EQ,149.75,151.95,152.45,148.3,152.0,150.3,150.01,2214838,33224928925000.0,14442.0,1709202,0.7717,150.07,150.20985031171654,49.33333333333333,156.66309048210562,143.47690951789437,0.0036727879799667296,0.01319350473612979,0.020369908451803663,-0.9052428775206067,-0.8829689088632826
2013-07-01,ADANIPORTS,EQ,150.3,150.9,153.3,149.85,151.85,151.55,151.59,1196393,18135585600000.0,8958.0,844117,0.7056,149.97,150.33748361536257,54.48275862068966,156.3994879881249,143.5405120118751,0.00831669993346651,0.0036727879799667296,0.020324079703130625,-0.680956500101729,-0.842566427110972
2013-07-02,ADANIPORTS,EQ,151.55,151.2,154.8,149.4,150.0,150.05,151.42,949423,14375811480000.002,17192.0,550296,0.5796,149.705,150.31010422342328,58.77976190476193,155.61688811232088,143.79311188767915,-0.00989772352358953,0.00831669993346651,0.01849616816708775,-0.6171314864533031,-0.7974794389794382
2013-07-03,ADANIPORTS,EQ,150.05,150.0,150.85,148.0,148.85,149.15,149.26,492114,7345294884999.999,14159.0,219056,0.4451,149.435,150.1996181069068,58.69242199108471,154.89086116507752,143.97913883492248,-0.005998000666444514,-0.00989772352358953,0.01706720051880284,-0.6318881682221331,-0.7643611848279772
2013-07-04,ADANIPORTS,EQ,149.15,149.5,150.95,148.05,148.9,148.9,149.14,457355,6821146259999.999,8532.0,259952,0.5684,149.255,150.07584495386806,50.52447552447555,154.5192688301187,143.9907311698813,-0.0016761649346295204,-0.005998000666444514,0.016785274173849646,-0.6561916862094108,-0.742727285104264
2013-07-05,ADANIPORTS,EQ,148.9,149.2,151.3,147.35,148.0,148.4,149.06,1000475,14913062900000.0,16403.0,526485,0.5262,149.07250000000002,149.91624067254727,47.111913357400724,154.17951014601982,143.96548985398022,-0.00335795836131636,-0.0016761649346295204,0.0156949927054968,-0.7076409759577587,-0.7357100232749629
2013-07-08,ADANIPORTS,EQ,148.4,147.0,150.7,146.5,150.3,149.2,149.13,480067,7159241740000.001,14443.0,248270,0.5172,148.9925,149.84802727516183,40.325865580448045,154.03529319007484,143.94970680992517,0.005390835579514697,-0.00335795836131636,0.01582234468030941,-0.6760683001086534,-0.7237816786417011
2013-07-09,ADANIPORTS,EQ,149.2,149.5,150.75,148.35,150.0,149.3,149.21,1168035,17428370485000.0,17951.0,961869,0.8235,149.0425,149.79583420133687,47.50593824228032,154.07620481956346,144.00879518043652,0.0006702412868633267,0.005390835579514697,0.008940482497409839,-0.6356501831316166,-0.7061553795396842
2013-07-10,ADANIPORTS,EQ,149.3,149.3,152.45,149.0,149.5,149.25,150.0,764498,11467088615000.0,19921.0,479961,0.6278,149.29749999999999,149.74384999168575,50.890585241730264,153.77345623420246,144.82154376579751,-0.0003348961821836305,0.0006702412868633267,0.00686711637186881,-0.6007282945241741,-0.6850699625365823
2013-07-11,ADANIPORTS,EQ,149.25,150.15,151.8,149.4,149.95,150.0,150.58,1400737,21092381865000.0,10565.0,1096519,0.7828,149.6325,149.7682452305728,45.93837535014009,153.10998775017262,146.15501224982737,0.005025125628140614,-0.0003348961821836305,0.005629581071522415,-0.5066928741676691,-0.6493945448627997
2013-07-12,ADANIPORTS,EQ,150.0,150.05,153.9,149.5,151.1,151.85,151.15,1328772,20084772170000.0,17562.0,1055534,0.7944,149.79500000000002,149.96650758956585,52.894736842105246,153.37166413236667,146.21833586763336,0.012333333333333307,0.005025125628140614,0.006775889651113868,-0.27966577418271754,-0.5754487907267832
2013-07-15,ADANIPORTS,EQ,151.85,152.0,152.75,148.55,149.0,149.3,150.45,1112743,16741019575000.0,12448.0,847542,0.7617,149.76000000000002,149.90303067627386,63.607594936708885,153.34191363144436,146.17808636855568,-0.0167928877181428,0.012333333333333307,0.008270332088692645,-0.3020272682209111,-0.5207644862256089
2013-07-16,ADANIPORTS,EQ,149.3,147.0,150.7,146.45,148.65,148.6,148.74,1281108,19054942510000.0,24767.0,890449,0.6951,149.4925,149.77893251662874,52.91970802919702,152.51178450917396,146.47321549082605,-0.0046885465505693835,-0.0167928877181428,0.007832553203078813,-0.37194550693209294,-0.4910006903669057
2013-07-17,ADANIPORTS,EQ,148.6,147.0,148.4,144.4,146.8,146.7,146.74,2430167,35660922590000.0,11909.0,2135143,0.8786,149.31,149.48570084837837,38.82783882783881,152.54461540868078,146.07538459131922,-0.012786002691790088,-0.0046885465505693835,0.008577991600671887,-0.5740530101168417,-0.5076111543168929
2013-07-18,ADANIPORTS,EQ,146.7,145.7,150.6,145.05,149.1,149.75,147.77,1208925,17864822105000.0,33171.0,913282,0.7554000000000001,149.3525,149.51087219615187,48.29721362229099,152.5867696238826,146.1182303761174,0.020790729379686512,-0.012786002691790088,0.01112592064925765,-0.48255258657079025,-0.5025994407676724
2013-07-19,ADANIPORTS,EQ,149.75,150.5,150.5,145.35,146.5,146.7,146.99,670836,9860879905000.0,13141.0,459926,0.6856,149.115,149.24317008223264,36.49025069637881,152.39798644529188,145.83201355470814,-0.020367278797996713,0.020790729379686512,0.01295271321572039,-0.6486698890738012,-0.5318135304288981
2013-07-22,ADANIPORTS,EQ,146.7,146.0,146.85,144.0,146.0,145.65,145.34,518078,7529584045000.0,14054.0,342028,0.6602,148.86,148.90096340773428,37.42857142857143,152.39115457485929,145.32884542514074,-0.007157464212678821,-0.020367278797996713,0.012864140158276714,-0.8551872071137723,-0.596488265765873
2013-07-23,ADANIPORTS,EQ,145.65,146.0,148.05,146.0,146.7,146.8,147.08,854668,12570471635000.0,13914.0,731866,0.8563,148.95,148.70087165461672,43.380281690140876,152.14242524537988,145.7575747546201,0.007895640233436252,-0.007157464212678821,0.013248595730013007,-0.9155049097705898,-0.6602915945668164
2013-07-24,ADANIPORTS,EQ,146.8,144.25,147.4,143.7,145.9,145.65,145.11,557040,8083248159999.999,9191.0,199282,0.3578,148.8425,148.41031244941513,41.286863270777495,152.32920784249526,145.35579215750474,-0.0078337874659401,0.007895640233436252,0.013380086894243942,-1.0440671564701347,-0.7370467069474801
2013-07-25,ADANIPORTS,EQ,145.65,145.5,148.75,143.65,147.0,147.35,146.31,1002650,14669336880000.002,26465.0,691543,0.6897,148.7225,148.3093303113756,47.35516372795967,152.24273847875952,145.20226152124047,0.011671815997253532,-0.0078337874659401,0.013940944433177862,-0.997281826602574,-0.7890937308784989
2013-07-26,ADANIPORTS,EQ,147.35,148.0,148.3,142.65,143.35,143.6,143.71,1729266,24851383945000.0,22725.0,1208737,0.6990000000000001,148.3875,147.86082266267314,37.71929824561407,152.50087676623767,144.2741232337623,-0.025449609772650206,0.011671815997253532,0.014809903487955871,-1.2484069177137371,-0.8809563682455466
2013-07-29,ADANIPORTS,EQ,143.6,143.0,143.0,137.9,139.5,139.45,140.17,1552283,21758097375000.0,25552.0,1205317,0.7765000000000001,147.7825,147.05979193289477,31.65735567970202,153.2679136724469,142.2970863275531,-0.028899721448467974,-0.025449609772650206,0.016261896770058785,-1.7619846168154822,-1.0571620179595338
2013-07-30,ADANIPORTS,EQ,139.45,138.1,140.0,135.05,136.25,135.7,137.62,1537956,21164695460000.0,25820.0,1216453,0.7909999999999999,147.065,145.9779069869048,27.823240589198022,154.65273941788053,139.47726058211947,-0.026891358910003604,-0.028899721448467974,0.01743295939506968,-2.4434260093673856,-1.3344148162411043
2013-07-31,ADANIPORTS,EQ,135.7,135.8,135.85,116.65,125.0,125.25,127.21,5120681,65138765990000.0,74468.0,3485405,0.6807,145.87,144.00382060719957,19.254658385093165,158.1514537113134,133.58854628868662,-0.07700810611643327,-0.026891358910003604,0.027780869958771798,-3.783091761259982,-1.82415020524488
2013-08-01,ADANIPORTS,EQ,125.25,126.5,148.4,125.2,140.8,140.95,136.64,6475235,88476389210000.0,67446.0,2322503,0.3586999999999999,145.4725,143.71298054937105,39.9260628465804,157.85523309683063,133.08976690316936,0.12534930139720557,-0.07700810611643327,0.05200174818316045,-3.537153626574593,-2.1667508895108227
2013-08-02,ADANIPORTS,EQ,140.95,143.0,143.0,125.0,125.05,125.25,130.86,4117068,53875686465000.0,49272.0,1996499,0.4849,144.315,141.95460144943095,32.11895910780669,159.54592767676067,129.08407232323933,-0.11138701667257889,0.12534930139720557,0.06201707464617961,-4.556579263199126,-2.6447165642484833
2013-08-05,ADANIPORTS,EQ,125.25,129.0,129.0,117.95,123.5,123.25,123.04,3230823,39753657010000.0,45468.0,2043179,0.6324000000000001,143.0175,140.17321083519943,31.509846827133472,160.71740410321868,125.31759589678133,-0.015968063872255467,-0.11138701667257889,0.06197208934105155,-5.4628918928827375,-3.208351629975334
2013-08-06,ADANIPORTS,EQ,123.25,120.7,134.75,120.35,128.8,130.05,129.85,3407089,44242146070000.0,53877.0,1784737,0.5238,142.055,139.2090955175614,38.66575901974134,160.39833092635212,123.71166907364791,0.05517241379310356,-0.015968063872255467,0.06559752819464613,-5.568260569781501,-3.680333417936568
2013-08-07,ADANIPORTS,EQ,130.05,129.0,135.35,128.5,134.1,134.2,131.91,1814154,23930274160000.0,23873.0,677611,0.3735,141.3025,138.73203880160315,39.57075788061702,159.6378404802392,122.96715951976081,0.03191080353710096,0.05517241379310356,0.06694199029692267,-5.256304284505262,-3.995527591250307
2013-08-08,ADANIPORTS,EQ,134.2,134.95,145.0,133.45,143.15,142.2,139.36,1294871,18045003345000.0,16918.0,658627,0.5086,140.9125,139.0623208204981,47.16981132075472,158.79512535182312,123.02987464817687,0.05961251862891204,0.03191080353710096,0.07000660828140674,-4.313816547784484,-4.059185382557143
2013-08-12,ADANIPORTS,EQ,142.2,143.4,147.0,141.6,143.45,144.35,144.42,1539039,22227197310000.0,29661.0,1018746,0.6619,140.5375,139.56590931378398,49.19354838709677,157.75664097129868,123.31835902870131,0.015119549929676568,0.05961251862891204,0.06962971384616506,-3.3547299557920383,-3.918294297204122
2013-08-13,ADANIPORTS,EQ,144.35,144.9,147.35,142.1,143.5,144.35,144.61,676958,9789484875000.0,14028.0,431670,0.6377,140.29,140.0215369981855,48.45814977973566,157.1166580476521,123.46334195234789,0.0,0.015119549929676568,0.0687667894784206,-2.5650782959029073,-3.6476510969438793
2013-08-14,ADANIPORTS,EQ,144.35,144.75,147.6,143.55,144.1,145.45,145.82,2171281,31660699935000.004,23172.0,1661405,0.7652,140.1325,140.53853347454879,49.87405541561712,156.68844264432227,123.5765573556777,0.007620367163145181,0.0,0.06781490371728777,-1.8294243937572219,-3.284005756306548
2013-08-16,ADANIPORTS,EQ,145.45,144.9,146.8,140.95,141.65,141.95,143.84,1747053,25129415000000.0,30347.0,1257988,0.7201000000000001,139.895,140.6729588579251,46.67487684729063,156.1884568720726,123.60154312792741,-0.02406325197662429,0.007620367163145181,0.062183199735770564,-1.5114115143695415,-2.929486907919147
2013-08-19,ADANIPORTS,EQ,141.95,135.5,140.2,125.1,130.0,131.25,131.81,2769817,36507640910000.0,76323.0,1763331,0.6365999999999999,138.97,139.77553420478938,42.99489506522972,155.00625497690143,122.93374502309857,-0.07537865445579417,-0.02406325197662429,0.054259268247240075,-2.0985933152553287,-2.7633081893863833
2013-08-20,ADANIPORTS,EQ,131.25,128.0,133.75,125.0,128.25,127.7,129.45,1164236,15070912335000.0,20729.0,580223,0.4984,138.01999999999998,138.62548332814276,43.28954882924044,154.37608369030303,121.66391630969694,-0.027047619047618987,-0.07537865445579417,0.04092998167647917,-2.81791132660166,-2.774228816829439
2013-08-21,ADANIPORTS,EQ,127.7,131.95,132.7,126.0,126.6,126.7,129.01,939051,12114893690000.0,11688.0,558242,0.5945,137.0725,137.48972301117678,44.6933962264151,153.75969884411836,120.38530115588162,-0.007830853563038365,-0.027047619047618987,0.0405971908569164,-3.4291386992906325,-2.905210793321678
2013-08-22,ADANIPORTS,EQ,126.7,126.0,126.9,120.1,122.05,122.3,122.46,2481435,30387513430000.0,37301.0,1770786,0.7136,135.8475,136.04308272439803,48.12698412698412,153.11497703510514,118.58002296489485,-0.034727703235990615,-0.007830853563038365,0.037739421802587075,-4.219939191291473,-3.168156472915637
2013-08-23,ADANIPORTS,EQ,122.3,124.0,124.8,118.95,123.3,123.35,121.49,3373987,40989112375000.0,30207.0,2200212,0.6520999999999999,134.73250000000002,134.83421770302678,36.27145085803432,152.21344526529992,117.25155473470011,0.008585445625511001,-0.034727703235990615,0.035845042535988775,-4.707661067459782,-3.476057391824466
2013-08-26,ADANIPORTS,EQ,123.35,124.75,127.65,121.5,123.8,123.8,124.0,2440388,30260930935000.004,30366.0,1786963,0.7322,133.555,133.78333982654803,48.51586489252814,150.62519254971082,116.4848074502892,0.003648155654641272,0.008585445625511001,0.02755999881543252,-5.000233351438254,-3.780892583747224
2013-08-27,ADANIPORTS,EQ,123.8,123.1,125.6,121.8,123.5,123.5,123.58,1341557,16579201569999.998,11019.0,858182,0.6397,132.55,132.80397412878156,50.26511134676564,149.4964171030803,115.60358289691973,-0.0024232633279482885,0.003648155654641272,0.026059907883995054,-5.196405558527516,-4.063995178703283
2013-08-28,ADANIPORTS,EQ,123.5,122.1,126.1,121.5,122.6,122.8,122.87,1892163,23248653270000.0,24073.0,1399766,0.7398,131.7175,131.85121468794523,41.169305724725916,148.87130194162873,114.56369805837127,-0.005668016194331993,-0.0024232633279482885,0.02575333636918793,-5.346723891050118,-4.32054092117265
2013-08-29,ADANIPORTS,EQ,122.8,122.5,128.5,121.3,128.0,127.75,125.43,1572244,19721211815000.0,24718.0,1007669,0.6409,131.32,131.4606228129028,42.29390681003585,148.45366645863587,114.18633354136412,0.040309446254071624,-0.005668016194331993,0.030654591485695822,-5.008691543128521,-4.458171045563825
2013-08-30,ADANIPORTS,EQ,127.75,127.0,130.3,122.65,126.65,125.95,126.68,1635610,20720700875000.0,23506.0,1090642,0.6668000000000001,131.355,130.93580159262635,27.20897615708276,148.43924635985456,114.2707536401454,-0.014090019569471646,0.040309446254071624,0.030396277973095204,-4.830362022185611,-4.532609240888182
2013-09-02,ADANIPORTS,EQ,125.95,125.6,131.0,124.2,130.0,130.4,128.38,646648,8301469534999.999,13975.0,267904,0.4143,130.8275,130.88477286951908,31.62055335968381,147.30505970052013,114.34994029947985,0.03533148074632786,-0.014090019569471646,0.024023343716926205,-4.280612545410577,-4.482209901792661
2013-09-03,ADANIPORTS,EQ,130.4,131.5,131.95,120.75,121.7,121.95,125.18,1872958,23446608070000.0,38711.0,800187,0.4272,130.6625,130.03384212004107,25.862068965517253,147.4386069130442,113.88639308695579,-0.06480061349693256,0.03533148074632786,0.030712938377151028,-4.475189308103538,-4.480805783054837
2013-09-04,ADANIPORTS,EQ,121.95,118.7,124.85,118.7,124.3,123.7,123.28,1005021,12390116790000.0,13530.0,580552,0.5777,130.685,129.43061906098953,26.886291179596185,147.4204052676856,113.94959473231441,0.014350143501435042,-0.06480061349693256,0.031215744540952394,-4.437035041744963,-4.472051634792862
2013-09-05,ADANIPORTS,EQ,123.7,126.0,128.4,121.85,122.65,122.55,123.73,1712545,21188915960000.0,34389.0,1147992,0.6703,130.31,128.77532200756195,28.299776286353477,147.43685180153008,113.18314819846992,-0.00929668552950691,0.014350143501435042,0.029220711985079355,-4.4483154878544156,-4.467304405405173
2013-09-06,ADANIPORTS,EQ,122.55,123.6,127.5,122.55,126.5,126.85,126.15,1009977,12741259660000.0,20788.0,610521,0.6045,129.94250000000002,128.59195800684176,44.255874673629236,147.03328776170912,112.85171223829094,0.0350877192982455,-0.00929668552950691,0.031163251691540696,-4.06344044719539,-4.386531613763216
2013-09-10,ADANIPORTS,EQ,126.85,127.5,130.5,126.0,129.4,129.4,128.89,1089788,14045935780000.002,20405.0,893291,0.8197,129.30249999999998,128.66891438714254,52.278820375335116,145.38981029823117,113.2151897017688,0.020102483247930625,0.0350877192982455,0.031617993224540356,-3.512174356112723,-4.211660162233118
2013-09-11,ADANIPORTS,EQ,129.4,129.0,130.75,127.5,127.8,128.2,128.89,1760377,22688719580000.0,15245.0,1554208,0.8829000000000001,128.495,128.62425587408134,51.99999999999997,142.93948173634402,114.05051826365599,-0.009273570324575098,0.020102483247930625,0.03186727920956311,-3.1359724402375377,-3.996522617834002
2013-09-12,ADANIPORTS,EQ,128.2,129.0,130.5,126.8,129.45,129.15,129.03,865513,11167644880000.0,13754.0,516516,0.5968,127.73500000000001,128.67432674321645,60.05873715124815,140.11962969295314,115.35037030704689,0.007410296411856532,-0.009273570324575098,0.031684904247431235,-2.7297062960021634,-3.743159353467634
2013-09-13,ADANIPORTS,EQ,129.15,129.5,137.0,129.5,136.0,136.2,134.72,1256650,16929920850000.0,17814.0,513385,0.4085,127.2725,129.39105752957678,66.04244694132332,137.34703668779275,117.19796331220725,0.05458768873402997,0.007410296411856532,0.033685707573813846,-1.817905683897493,-3.3581086195536063
2013-09-16,ADANIPORTS,EQ,136.2,139.4,140.6,135.0,136.8,136.25,137.07,864897,11855021855000.0,11802.0,341524,0.3949,126.9875,130.04429014580757,65.6998738965952,135.51793313517445,118.45706686482555,0.00036710719530108626,0.05458768873402997,0.03298578245546369,-1.0788265070759167,-2.9022521970580684
2013-09-17,ADANIPORTS,EQ,136.25,136.0,136.4,131.4,132.0,132.3,133.72,1135789,15188037394999.998,10222.0,844474,0.7434999999999999,127.04,130.25911965573064,60.16166281755197,135.69293378906212,118.3870662109379,-0.02899082568807332,0.00036710719530108626,0.03341634111290775,-0.8025812658957534,-2.4823180108256055
2013-09-18,ADANIPORTS,EQ,132.3,133.65,135.2,131.05,133.5,133.05,133.0,312008,4149739445000.001,4953.0,74157,0.2377,127.3075,130.5249177837563,61.82237600922723,136.36754966873792,118.2474503312621,0.005668934240362855,-0.02899082568807332,0.02383004760425871,-0.5171745240492385,-2.0892893134703323
2013-09-19,ADANIPORTS,EQ,133.05,136.6,141.7,134.4,138.75,137.95,137.4,2949490,40525332345000.0,11930.0,2495684,0.8461,127.87,131.2320684710176,61.77829099307158,138.09347144667848,117.64652855332153,0.03682826005261153,0.005668934240362855,0.025399129944353876,0.10321166428121842,-1.6507891179200223
2013-09-20,ADANIPORTS,EQ,137.95,137.3,141.2,136.0,139.35,139.7,138.52,2326944,32233164635000.004,19510.0,1718680,0.7386,128.74,132.0385381404445,65.89595375722541,139.88736693007283,117.5926330699272,0.012685755708589985,0.03682826005261153,0.024353079498442114,0.7276941575397871,-1.1750924628280606
2013-09-23,ADANIPORTS,EQ,139.7,139.0,140.2,136.05,139.5,139.6,138.83,2996106,41593995360000.0,10355.0,2722776,0.9088,129.55249999999998,132.7586773651641,61.82519280205654,141.39299585554838,117.71200414445157,-0.0007158196134573469,0.012685755708589985,0.023432539763691848,1.2006910493230976,-0.699935760397829
2013-09-24,ADANIPORTS,EQ,139.6,138.0,140.8,137.9,138.4,138.9,139.4,1450785,20223245320000.0,5963.0,1312474,0.9047,130.3075,133.34356523514845,77.20706260032104,142.52329111771212,118.09170888228789,-0.005014326647564404,-0.0007158196134573469,0.023559287356222206,1.5017491149730233,-0.25959878532365854
2013-09-25,ADANIPORTS,EQ,138.9,138.0,141.95,137.0,140.6,140.7,138.29,1023461,14153398755000.002,6479.0,730005,0.7133,131.1675,134.04417806989622,77.24358974358974,143.78070423415977,118.55429576584021,0.01295896328293722,-0.005014326647564404,0.022854153821067234,1.8640966123913358,0.16514029421934037
2013-09-26,ADANIPORTS,EQ,140.7,140.6,143.5,140.0,141.2,141.05,141.91,979813,13904192250000.0,13555.0,493898,0.5041,132.07999999999998,134.7113992060966,80.4276315789474,144.78463653449708,119.37536346550289,0.0024875621890549926,0.01295896328293722,0.02295882570703056,2.154664063503816,0.5630450480762356
2013-09-27,ADANIPORTS,EQ,141.05,142.0,143.0,138.6,140.65,140.6,140.55,632896,8895383580000.0,18907.0,277209,0.438,132.7225,135.27221832932548,75.894538606403,145.7993769408567,119.6456230591433,-0.0031903580290678635,0.0024875621890549926,0.016634910572664162,2.321864612796986,0.9148089610203858
2013-09-30,ADANIPORTS,EQ,140.6,140.7,141.75,137.05,137.15,138.05,138.68,861504,11946960300000.0,14255.0,497116,0.5770000000000001,133.32750000000001,135.5367689646278,66.29001883239174,146.2031594108089,120.45184058919112,-0.018136557610241688,-0.0031903580290678635,0.017973694748273563,2.2229833951458033,1.1764438478454693
2013-10-01,ADANIPORTS,EQ,138.05,138.2,140.4,136.6,139.0,138.7,138.69,2335850,32395319020000.0,11486.0,2082125,0.8914,133.7425,135.8380290632347,70.19230769230774,146.75517701735075,120.72982298264927,0.004708438971386952,-0.018136557610241688,0.01444277192496824,2.1720310634231623,1.375561290961008
2013-10-03,ADANIPORTS,EQ,138.7,139.5,142.25,139.15,141.0,140.85,141.24,421126,5948148145000.0,11561.0,230781,0.5479999999999999,134.6875,136.31535962864092,71.5073529411765,146.80889799997004,122.56610200002997,0.015501081470800315,0.004708438971386952,0.014835698901975353,2.278868626165547,1.556222758001916
2013-10-04,ADANIPORTS,EQ,140.85,139.75,146.25,138.9,142.75,142.9,140.62,4360793,61322275000000.0,12133.0,3607516,0.8273,135.64749999999998,136.94246823543702,65.09009009009016,147.12926930249785,124.1657306975021,0.014554490592829428,0.015501081470800315,0.010778894740448653,2.5001360200387523,1.7450054104092834
2013-10-07,ADANIPORTS,EQ,142.9,143.0,146.0,142.65,145.0,144.7,144.7,878860,12717184635000.0,15350.0,362734,0.4127,136.75500000000002,137.681280784443,67.64091858037581,147.13787557775547,126.37212442224457,0.01259622113365988,0.014554490592829428,0.01077052822282222,2.7885918298249806,1.953722694292423
2013-10-08,ADANIPORTS,EQ,144.7,144.0,146.6,143.0,145.1,144.5,145.31,666262,9681157090000.0,6310.0,397663,0.5969,137.6375,138.33068261449606,80.19801980198027,147.46088107728016,127.81411892271983,-0.0013821700069107656,0.01259622113365988,0.010802039223510225,2.966856731169486,2.156349501667836
2013-10-09,ADANIPORTS,EQ,144.5,143.0,146.75,142.95,145.9,145.8,145.45,387134,5630955585000.0,4297.0,171492,0.443,138.4575,139.04204617502023,80.72289156626515,148.12231818382054,128.79268181617948,0.008996539792387681,-0.0013821700069107656,0.010477545662349782,3.176416335001562,2.360362868334581
2013-10-10,ADANIPORTS,EQ,145.8,145.95,147.45,143.95,145.3,145.8,146.39,1100941,16116441175000.0,5473.0,851238,0.7732,139.3375,139.68566082501832,74.76340694006322,148.24520659833928,130.42979340166073,0.0,0.008996539792387681,0.0101681664644797,3.3044027330466292,2.549170841276991
2013-10-11,ADANIPORTS,EQ,145.8,144.1,151.8,144.1,150.0,150.4,149.32,5286940,78946501915000.0,18868.0,4607224,0.8714000000000001,140.4,140.7060740797785,78.6096256684493,149.26049778808297,131.53950221191704,0.03155006858710552,0.0,0.013438106015148608,3.7339715322779625,2.786130979477185
2013-10-14,ADANIPORTS,EQ,150.4,151.5,152.4,149.85,150.55,150.95,151.61,1457949,22104678205000.0,8684.0,1140507,0.7823000000000001,141.1375,141.68168607218055,79.63446475195829,150.93222871121537,131.3427712887846,0.0036569148936169693,0.03155006858710552,0.013057415954396327,4.071850545552934,3.0432748926923354
2013-10-15,ADANIPORTS,EQ,150.95,150.1,151.9,148.7,150.4,151.3,151.11,2133195,32234660050000.0,15336.0,1764129,0.8270000000000001,141.89000000000001,142.59771597006812,82.97872340425536,152.39075686495187,131.38924313504816,0.00231864855912578,0.0036569148936169693,0.009856332912718039,4.318087942898785,3.2982375027336257
2013-10-17,ADANIPORTS,EQ,151.3,149.0,152.75,149.0,149.65,150.15,150.37,3169858,47666406455000.0,8527.0,2856574,0.9012,142.78249999999997,143.31698111577595,76.0330578512397,152.87774510273036,132.68725489726958,-0.007600793126239291,0.00231864855912578,0.01116790040626173,4.370062109561218,3.5126024240991445
2013-10-18,ADANIPORTS,EQ,150.15,150.45,154.95,150.0,152.75,152.75,153.45,1633030,25059461980000.0,11214.0,1193885,0.7311,143.76749999999998,144.21536386665443,78.6764705882353,153.70749232235175,133.8275076776482,0.017316017316017174,-0.007600793126239291,0.011316758567660734,4.568388740313168,3.7237596873419494
2013-10-21,ADANIPORTS,EQ,152.75,151.35,163.0,151.35,157.65,156.9,158.09,2044981,32330034295000.0,19024.0,834912,0.4083,144.71499999999997,145.4234244507826,83.81742738589219,155.85979345042435,133.5702065495756,0.027168576104746434,0.017316017316017174,0.012719722454560562,5.002765573633752,3.9795608646003107
2013-10-22,ADANIPORTS,EQ,156.9,157.05,164.4,156.75,159.7,159.8,161.0,2720432,43798086530000.0,25374.0,1460051,0.5367000000000001,145.72,146.79262212213663,94.47852760736198,158.47012487038918,132.9698751296108,0.018483110261312996,0.027168576104746434,0.013013725951997597,5.517416761293646,4.287132043938978
2013-10-23,ADANIPORTS,EQ,159.8,160.6,160.9,154.5,158.35,159.0,156.5,3553428,55611632415000.0,12666.0,2182910,0.6143,146.69,147.955229539076,91.260162601626,160.39572680919954,132.98427319080045,-0.005006257822277926,0.018483110261312996,0.013411858624586994,5.793939295656344,4.588493494282452
2013-10-24,ADANIPORTS,EQ,159.0,158.0,161.7,151.1,154.8,154.9,156.47,6241761,97665522515000.0,22076.0,4141589,0.6635,147.49,148.61663624964018,76.45951035781545,161.14895118112702,133.831048818873,-0.025786163522012573,-0.005006257822277926,0.017498811802462485,5.617494679608228,4.794293731347608
2013-10-25,ADANIPORTS,EQ,154.9,155.0,157.45,143.15,143.55,144.4,151.37,3766465,57012458279999.99,41734.0,1099656,0.292,147.675,148.21505184491255,52.14285714285714,161.04387587290918,134.30612412709084,-0.06778566817301479,-0.025786163522012573,0.029312838487423668,4.577630724817169,4.75096113004152
2013-10-28,ADANIPORTS,EQ,144.4,144.65,147.9,140.85,144.95,145.1,144.49,2508923,36251305180000.0,32474.0,1450689,0.5782,147.8775,147.91838024063514,50.58997050147493,160.9431026911965,134.8118973088035,0.00484764542936289,-0.06778566817301479,0.02720214416356725,3.7665962220627023,4.554088148445756
2013-10-29,ADANIPORTS,EQ,145.1,145.0,146.1,141.45,144.5,145.1,143.79,3491805,50208701850000.0,44340.0,2327036,0.6664,148.10250000000002,147.64996307486035,50.89020771513351,160.7899357659765,135.41506423402353,0.0,0.00484764542936289,0.02712360899584415,3.0882461561204764,4.2609197499807
2013-10-30,ADANIPORTS,EQ,145.1,145.75,149.5,144.85,146.0,146.45,147.02,1799363,26453429245000.0,21129.0,1012439,0.5627000000000001,148.52249999999998,147.5356808772546,50.962962962962926,160.33473607335296,136.710263926647,0.00930392832529292,0.0,0.027381818265188602,2.629273926038991,3.9345905851923586
2013-10-31,ADANIPORTS,EQ,146.45,146.5,146.9,142.6,145.25,145.5,144.98,1905129,27619668930000.0,14927.0,1231332,0.6463,148.8625,147.34180650799226,49.567723342939466,159.84674110403486,137.87825889596516,-0.006486855582109818,0.00930392832529292,0.02736285603622358,2.163933587074439,3.580459185568775
2013-11-01,ADANIPORTS,EQ,145.5,145.5,147.0,143.8,144.8,144.85,145.24,2084157,30270050695000.0,27111.0,1085691,0.5209,149.0625,147.10449160246918,40.97560975609754,159.5676804263165,138.5573195736835,-0.0044673539518900185,-0.006486855582109818,0.02643533853804628,1.7228386367509074,3.2089350758052015
2013-11-03,ADANIPORTS,EQ,144.85,144.5,146.3,143.65,144.6,144.55,144.64,161874,2341281360000.0,1741.0,77674,0.4798,149.145,146.8612066879483,39.50819672131152,159.47079294775904,138.81920705224098,-0.0020711080428027495,-0.0044673539518900185,0.023989103735729753,1.3336863122894727,2.8338853231020558
2013-11-05,ADANIPORTS,EQ,144.55,143.0,155.5,140.6,152.45,151.85,144.91,6256796,90667595815000.0,28651.0,3706911,0.5925,149.5025,147.33632986052464,50.73431241655538,159.67426044381236,139.33073955618764,0.050501556554825244,-0.0020711080428027495,0.029422683625175743,1.5959323679132638,2.5862947320642977
2013-11-06,ADANIPORTS,EQ,151.85,152.0,156.6,150.0,150.7,150.9,152.45,2318436,35345048060000.0,16994.0,437006,0.1885,149.82250000000002,147.67572701666515,51.006711409395976,159.73089489895688,139.91410510104316,-0.006256173855778702,0.050501556554825244,0.029426807297542136,1.7074250625710476,2.410520798165648
2013-11-07,ADANIPORTS,EQ,150.9,151.1,155.9,147.0,147.95,148.3,152.58,1625414,24800153675000.0,25299.0,764755,0.4705,149.94750000000002,147.73518158650654,44.02684563758389,159.70414281130343,140.1908571886966,-0.01722995361166335,-0.006256173855778702,0.028868551290494985,1.567911645991586,2.2419989677308356
2013-11-08,ADANIPORTS,EQ,148.3,147.95,152.9,146.6,148.5,148.4,149.26,1605475,23962834910000.0,20245.0,664407,0.4138,150.0775,147.79849762588685,37.19879518072287,159.669353725674,140.48564627432597,0.0006743088334457692,-0.01722995361166335,0.018197147370270082,1.4487155316231508,2.083342280509299
2013-11-11,ADANIPORTS,EQ,148.4,149.3,152.3,147.85,150.25,149.9,150.14,2734419,41055060425000.0,18712.0,1589958,0.5815,150.05249999999998,147.9986407091357,34.43396226415089,159.64342087121378,140.46157912878618,0.010107816711590223,0.0006743088334457692,0.018335792232337535,1.4584768034812612,1.9583691851036915
2013-11-12,ADANIPORTS,EQ,149.9,150.25,152.8,145.0,146.2,146.2,149.62,1070011,16009806760000.0,23353.0,558190,0.5217,149.815,147.82734159397992,31.556195965417814,159.5465601605233,140.08343983947668,-0.024683122081387676,0.010107816711590223,0.020391620243063277,1.15434701016801,1.7975647501165553
2013-11-13,ADANIPORTS,EQ,146.2,146.5,147.5,144.0,145.85,145.25,145.7,1387266,20212212715000.0,18197.0,805083,0.5803,149.5125,147.58188048979136,34.70681458003165,159.42415581790556,139.60084418209442,-0.006497948016415789,-0.024683122081387676,0.02028337974117954,0.8271302546072832,1.603477851014701
2013-11-14,ADANIPORTS,EQ,145.25,144.0,155.55,144.0,152.0,152.8,151.88,3581094,54389416270000.01,26867.0,2203311,0.6153000000000001,149.645,148.07884425266838,64.68531468531472,159.66282096276908,139.62717903723095,0.051979345955249556,-0.006497948016415789,0.026024823420787335,1.1636170671496586,1.5155056942416927
2013-11-18,ADANIPORTS,EQ,152.8,153.7,157.9,153.45,155.0,154.8,155.75,3407642,53075442860000.0,23791.0,2100668,0.6165,149.7475,148.7189543238428,66.22073578595322,159.93952345490106,139.55547654509894,0.01308900523560208,0.051979345955249556,0.025891606462222033,1.5735299024218818,1.5271105358777306
2013-11-19,ADANIPORTS,EQ,154.8,154.05,157.95,153.6,154.9,154.6,155.48,2106533,32751922940000.0,12955.0,1338831,0.6356,149.6325,149.27905391204825,65.78073089700999,159.53243487485173,139.73256512514826,-0.0012919896640828377,0.01308900523560208,0.02586256227325895,1.8608003015392,1.5938484890100246
2013-11-20,ADANIPORTS,EQ,154.6,155.0,160.95,154.5,157.0,156.3,157.84,2698124,42587499995000.0,20239.0,1416901,0.5251,149.4575,149.94771544423412,66.17405582922828,158.7027704836462,140.21222951635383,0.01099611901681774,-0.0012919896640828377,0.02105671875395584,2.2002765367275288,1.7151340985535255
2013-11-21,ADANIPORTS,EQ,156.3,154.6,158.65,149.8,153.7,152.05,154.13,2137637,32946791120000.0,20191.0,1160719,0.543,149.10999999999999,150.1479330209737,59.703703703703724,157.30824114641223,140.91175885358774,-0.027191298784388973,0.01099611901681774,0.023036671408070884,2.1021422305448425,1.792535724951789
2013-11-22,ADANIPORTS,EQ,152.05,153.8,155.9,151.05,154.0,152.7,153.68,1257846,19330971245000.0,8856.0,795775,0.6325999999999999,149.0,150.3909870189762,61.62962962962963,156.92564126576985,141.07435873423015,0.0042749095692204975,-0.027191298784388973,0.02213229717199229,2.053152193159036,1.8446590185932386
2013-11-25,ADANIPORTS,EQ,152.7,153.1,162.0,153.1,161.65,161.25,158.34,4082301,64639357770000.01,25116.0,2793423,0.6843000000000001,149.84250000000003,151.42517873145468,69.88095238095237,159.1679758591715,140.51702414082857,0.055992141453831135,0.0042749095692204975,0.02766702393057605,2.673423221495966,2.010411859173784
2013-11-26,ADANIPORTS,EQ,161.25,160.1,162.4,156.3,157.65,158.05,158.77,1910831,30337587050000.0,31500.0,1046141,0.5475,150.48999999999998,152.05611409036376,58.17941952506598,160.21861216910366,140.7613878308963,-0.01984496124030999,0.055992141453831135,0.02908024509630849,2.8736535346204164,2.1830601942631107
2013-11-27,ADANIPORTS,EQ,158.05,158.9,158.9,150.7,152.0,151.7,152.65,1401835,21399455300000.0,17829.0,725164,0.5173,150.82,152.02219846271007,50.923787528868345,160.2210301787114,141.41896982128858,-0.04017715912685871,-0.01984496124030999,0.03121247619856182,2.4912282410897717,2.244693803628443
2013-11-28,ADANIPORTS,EQ,151.7,153.8,159.45,153.25,157.5,157.05,156.57,3487149,54597719929999.99,40802.0,2018330,0.5788000000000001,151.35,152.50103670435672,59.50054288816502,160.90758172452857,141.79241827547142,0.03526697429136472,-0.04017715912685871,0.032403463108253754,2.589997845975006,2.313754612097756
2013-11-29,ADANIPORTS,EQ,157.05,157.85,162.05,156.45,157.35,157.95,159.3,2648844,42194908990000.0,24288.0,1560466,0.5891,151.97250000000003,153.01998558965607,60.19210245464245,161.5475484401683,142.39745155983175,0.005730659025787732,0.03526697429136472,0.028549261453677345,2.7096606663725424,2.392935822952713
2013-12-02,ADANIPORTS,EQ,157.95,158.55,161.25,157.3,159.5,159.7,159.69,2244372,35841235905000.0,22920.0,1569307,0.6992,152.715,153.65617743826024,60.40339702760082,162.2675747424721,143.1624252575279,0.011079455523899995,0.005730659025787732,0.028482703414504932,2.912135404104248,2.49677573918302
2013-12-03,ADANIPORTS,EQ,159.7,159.55,161.9,156.65,158.0,158.1,159.19,1900138,30249132935000.004,19987.0,980010,0.5158,153.39249999999998,154.0793986346164,63.22222222222222,162.4140691831469,144.37093081685308,-0.010018785222291715,0.011079455523899995,0.02877744099332517,2.909947401995396,2.5794100717454955
2013-12-04,ADANIPORTS,EQ,158.1,157.6,161.65,152.4,154.5,154.45,157.95,3191123,50404651835000.0,32077.0,1382914,0.4334,153.5225,154.11469400274817,59.64360587002095,162.52539280994495,144.51960719005507,-0.023086654016445274,-0.010018785222291715,0.029678185757704006,2.583903270405898,2.580308711477576
2013-12-05,ADANIPORTS,EQ,154.45,159.9,162.25,158.25,161.0,160.4,159.99,6219677,99511543525000.0,52757.0,4464296,0.7178,153.9975,154.713294573915,58.24295010845986,163.4108989051436,144.5841010948564,0.038523794108125786,-0.023086654016445274,0.030450018978434683,2.773653272489298,2.6189776236799207
2013-12-06,ADANIPORTS,EQ,160.4,159.6,165.35,158.4,163.6,163.3,162.8,3596446,58551256115000.0,28819.0,1694263,0.4711,154.7475,155.53107604306595,59.042553191489354,164.62818157674576,144.86681842325424,0.01807980049875324,0.038523794108125786,0.030686514991485298,3.122048251073295,2.7195917491585955
2013-12-09,ADANIPORTS,EQ,163.3,168.0,169.15,164.0,165.0,164.85,166.47,3404813,56679797610000.0,30546.0,1785624,0.5244,155.57,156.418592610393,60.59979317476733,165.95188706099998,145.188112939,0.009491733006735892,0.01807980049875324,0.02555838832720341,3.4830751060769956,2.872288420542276
2013-12-10,ADANIPORTS,EQ,164.85,164.85,164.85,158.75,160.4,159.95,160.78,1777162,28573145505000.0,19958.0,987166,0.5555,156.07250000000002,156.7549171236889,53.54025218234721,166.27009904662762,145.87490095337242,-0.02972399150743099,0.009491733006735892,0.026684365720874896,3.335354549671621,2.964901646368145
2013-12-11,ADANIPORTS,EQ,159.95,159.9,159.9,155.6,157.05,156.95,157.05,1147763,18025129870000.0,9883.0,607764,0.5295000000000001,156.60999999999999,156.77349644524233,54.8707753479125,165.68840700146237,147.5315929985376,-0.01875586120662709,-0.02972399150743099,0.023653083052708305,2.9422930932323936,2.9603799357409946
2013-12-12,ADANIPORTS,EQ,156.95,156.2,158.25,153.0,154.5,154.2,155.4,986715,15333970575000.0,12059.0,544265,0.5516,157.05749999999998,156.52840154569543,51.431297709923655,164.51596569518867,149.59903430481128,-0.01752150366358718,-0.01875586120662709,0.02161807895312151,2.381435335700445,2.844591015732885
2013-12-13,ADANIPORTS,EQ,154.2,153.0,155.7,151.1,152.4,152.0,153.5,1293806,19860541880000.0,16996.0,665219,0.5142,157.01749999999998,156.09712520801017,39.95656894679696,164.57996096118612,149.45503903881385,-0.014267185473411104,-0.01752150366358718,0.021786831800694465,1.7393794249765335,2.623548697581615
2013-12-16,ADANIPORTS,EQ,152.0,150.5,157.3,150.5,156.85,156.35,154.17,1748287,26953081450000.0,20590.0,893643,0.5112,157.095,156.12120852153302,48.199152542372865,164.5932734854864,149.5967265145136,0.02861842105263146,-0.014267185473411104,0.02372170083342379,1.5635307265463894,2.41154510337457
2013-12-17,ADANIPORTS,EQ,156.35,157.45,159.75,156.55,158.0,157.55,158.17,1182370,18702113400000.0,17602.0,656097,0.5549000000000001,157.2425,156.25728390043463,56.95600475624259,164.64962850108392,149.8353714989161,0.007675087943716186,0.02861842105263146,0.02370590590707564,1.5036660115193854,2.2299692850035333
2013-12-18,ADANIPORTS,EQ,157.55,156.3,160.2,156.3,158.2,158.3,158.71,2880051,45710340270000.0,18514.0,1871932,0.65,157.3425,156.45182829086943,51.66889185580774,164.7500548206573,149.9349451793427,0.004760393525864881,0.007675087943716186,0.022299062689512615,1.4994567218370207,2.083866772370231
2013-12-19,ADANIPORTS,EQ,158.3,160.0,168.45,156.3,166.55,167.2,163.34,2524728,41237685725000.0,28444.0,900455,0.3567,158.1,157.475463691739,60.17601760176017,166.28631721066776,149.91368278933223,0.05622236260265301,0.004760393525864881,0.025874979854813615,2.18904252938691,2.104901923773567
2013-12-20,ADANIPORTS,EQ,167.2,167.0,168.0,161.6,163.75,163.2,163.79,1737990,28465960345000.0,16776.0,864158,0.4972,158.625,158.02065762585912,53.66876310272537,166.69916282119385,150.55083717880615,-0.02392344497607657,0.05622236260265301,0.026810343580017198,2.3852816375312784,2.1609778665251094
2013-12-23,ADANIPORTS,EQ,163.2,164.0,165.6,161.5,162.0,161.95,162.71,1846021,30036930405000.0,20273.0,1017505,0.5512,158.66,158.39488070911062,54.06546990496304,166.78796342718613,150.53203657281387,-0.007659313725490224,-0.02392344497607657,0.02670235781273399,2.412132430094175,2.211208779238923
2013-12-24,ADANIPORTS,EQ,161.95,163.2,164.5,158.6,159.3,159.3,161.7,750508,12135906420000.0,6981.0,168750,0.2248,158.72250000000003,158.4810825463382,55.23193096008632,166.84993728626046,150.5950627137396,-0.01636307502315515,-0.007659313725490224,0.02543504477685202,2.1942846757762595,2.20782395854639
2013-12-26,ADANIPORTS,EQ,159.3,160.0,164.3,158.9,160.05,159.95,161.63,2433227,39328704960000.0,29153.0,1284107,0.5277000000000001,159.135,158.62097944668693,49.45188794153469,166.56963445461008,151.7003655453899,0.004080351537978588,-0.01636307502315515,0.024587115819112035,2.050451994464197,2.1763495657299514
2013-12-27,ADANIPORTS,EQ,159.95,160.7,163.5,159.55,160.3,160.0,161.21,534707,8619815250000.0,7614.0,239699,0.4483,159.2825,158.75231473747866,45.68062827225128,166.65979625269253,151.90520374730747,0.00031259768677727173,0.004080351537978588,0.023628850928599437,1.918384201476556,2.124756492879272
2013-12-30,ADANIPORTS,EQ,160.0,161.35,161.65,156.3,157.0,157.05,157.76,1300968,20523421090000.0,11574.0,689012,0.5296000000000001,159.2375,158.59018952438544,40.15151515151516,166.65986130678186,151.81513869321816,-0.018437499999999885,0.00031259768677727173,0.02401957994638453,1.5577227203440316,2.0113497383722243
2013-12-31,ADANIPORTS,EQ,157.05,157.2,158.75,154.65,155.3,155.4,156.24,983269,15362516890000.0,9733.0,444310,0.4518999999999999,159.02249999999998,158.28636195063444,43.74140302613481,166.63512628449337,151.4098737155066,-0.010506208213944657,-0.018437499999999885,0.022624627959445597,1.1257774263473834,1.8342352759672562
2014-01-01,ADANIPORTS,EQ,155.4,154.55,157.75,154.55,156.5,156.3,156.56,851727,13334724800000.0,5166.0,500357,0.5875,158.9325,158.0971846220026,49.05109489051098,166.6330997715825,151.23190022841752,0.005791505791505891,-0.010506208213944657,0.022557821430618758,0.8463242481295481,1.6366530703997149
2014-01-02,ADANIPORTS,EQ,156.3,155.7,159.4,151.1,151.75,152.65,156.21,2862278,44710791580000.0,20462.0,1726403,0.6032000000000001,158.8425,157.57840513419285,47.795163584637294,166.80142580691583,150.88357419308417,-0.023352527191298766,0.005791505791505891,0.023549402048200854,0.3265666384360202,1.374635784006976
2014-01-03,ADANIPORTS,EQ,152.65,151.5,153.85,147.5,149.65,149.9,150.35,1636752,24608530435000.0,16311.0,710903,0.4343,158.31750000000002,156.8471284547459,47.058823529411775,167.17801412313682,149.45698587686323,-0.018015067147068464,-0.023352527191298766,0.01106179410871195,-0.3037456385424946,1.038959499497082
2014-01-06,ADANIPORTS,EQ,149.9,150.5,152.5,149.0,151.0,150.85,150.93,750034,11320433860000.0,8146.0,285694,0.3809,157.695,156.27597336381774,41.486068111455104,166.8268355795876,148.5631644204124,0.006337558372248031,-0.018015067147068464,0.01121312598036731,-0.7183350790408554,0.6875005837894946
2014-01-07,ADANIPORTS,EQ,150.85,150.85,152.2,145.3,145.5,145.95,148.08,1069056,15830748465000.0,9638.0,625606,0.5852,156.75,155.29254732916843,33.88888888888883,166.64412372120523,146.85587627879477,-0.03248259860788871,0.006337558372248031,0.013663146038421633,-1.425852901892398,0.2648298866531162
2014-01-08,ADANIPORTS,EQ,145.95,147.1,152.2,144.4,150.55,150.75,149.21,1195550,17838434855000.0,22012.0,490710,0.4104,156.29,154.85992377400953,40.574282147315834,166.4105679058456,146.1694320941544,0.03288797533401855,-0.03248259860788871,0.019039176226452934,-1.581020963649081,-0.10434028340732329
2014-01-09,ADANIPORTS,EQ,150.75,149.45,153.2,148.55,150.35,149.55,150.08,1377312,20670805355000.0,17929.0,782943,0.5685,155.92000000000002,154.35421674791337,22.72024729520865,166.47089918841993,145.3691008115801,-0.007960199004975022,0.03288797533401855,0.018755964257470725,-1.7803005452117588,-0.43953233576821044
2014-01-10,ADANIPORTS,EQ,149.55,150.3,152.0,147.7,147.75,148.3,149.69,820545,12282656120000.0,11919.0,331011,0.4034,155.625,153.7776246766835,24.83108108108108,166.69551560630595,144.55448439369405,-0.008358408559010377,-0.007960199004975022,0.018603653204606295,-2.0158580459208224,-0.7547974777987329
2014-01-13,ADANIPORTS,EQ,148.3,148.5,149.95,142.2,145.1,143.75,144.47,1444514,20868749940000.0,15664.0,708379,0.4904,155.2125,152.82261280271365,22.34042553191489,167.40925862893994,143.01574137106007,-0.030681051921780278,-0.008358408559010377,0.019776023509115264,-2.5404018650413605,-1.1119183552472585
2014-01-14,ADANIPORTS,EQ,143.75,143.0,149.7,142.0,147.4,147.05,146.58,2065518,30275811790000.0,26431.0,860007,0.4164,154.7475,152.27284015483616,31.74366616989569,167.459884140133,142.035115859867,0.022956521739130542,-0.030681051921780278,0.022116594755094997,-2.6591709328418744,-1.4213688707661816
2014-01-15,ADANIPORTS,EQ,147.05,147.1,150.9,147.1,150.4,150.1,149.14,1073586,16011815105000.002,13541.0,606368,0.5648,154.375,152.0659029972327,36.30041724617526,167.17789852050328,141.57210147949672,0.020741244474668408,0.022956521739130542,0.02341580528329259,-2.4786148357301556,-1.6328180637589766
2014-01-16,ADANIPORTS,EQ,150.1,149.1,152.45,149.1,150.2,150.8,150.91,1193550,18011803435000.0,15444.0,720201,0.6034,154.0,151.94534080702007,37.431693989071064,166.75811403320253,141.24188596679747,0.004663557628247883,0.020741244474668408,0.022472522181231035,-2.2530667273294114,-1.7568677964730637
2014-01-17,ADANIPORTS,EQ,150.8,150.2,151.6,145.1,148.95,148.65,148.24,1122874,16644951150000.0,15328.0,666006,0.5931000000000001,153.07250000000002,151.6314988253991,38.26815642458101,164.40788822960107,141.73711177039897,-0.014257294429708245,0.004663557628247883,0.02218581190825925,-2.2221892437980273,-1.8499320859380566
2014-01-20,ADANIPORTS,EQ,148.65,149.1,152.5,148.75,150.6,150.95,151.27,1223239,18503396125000.0,13074.0,803454,0.6568,152.45999999999998,151.5665941753611,43.895747599451276,162.7685860993838,142.15141390061615,0.015472586612848893,-0.014257294429708245,0.02268632646185142,-1.989197605774308,-1.8777851899053069
2014-01-21,ADANIPORTS,EQ,150.95,151.0,151.45,146.15,147.1,147.65,147.85,1112972,16455145500000.0,13165.0,727922,0.654,151.745,151.1935852062791,38.86743886743886,161.233158825332,142.256841174668,-0.021861543557469276,0.015472586612848893,0.02117969877867951,-2.0472332442939205,-1.9116748007830298
2014-01-22,ADANIPORTS,EQ,147.65,147.65,149.6,146.65,147.95,147.9,148.04,732908,10849674030000.0,7239.0,250160,0.3413,151.175,150.8799104247287,43.30042313117066,160.10546235615635,142.24453764384367,0.0016931933626820328,-0.021861543557469276,0.018092430122649234,-2.0494294483273165,-1.9392257302918872
2014-01-23,ADANIPORTS,EQ,147.9,147.2,149.6,147.2,148.5,148.3,148.34,1518047,22519154855000.0,8977.0,1053136,0.6937000000000001,150.5925,150.63420466999264,47.58308157099698,158.58336814333705,142.60163185666295,0.0027045300878971723,0.0016931933626820328,0.01800037595089403,-1.9958859677457497,-1.9505577777826597
2014-01-24,ADANIPORTS,EQ,148.3,147.5,149.2,143.15,144.4,145.0,145.6,4192128,61035555054999.99,8882.0,3729605,0.8897,149.8425,150.09761374904096,41.748942172073356,156.87372921049476,142.81127078950524,-0.022252191503708718,0.0027045300878971723,0.019156860120815043,-2.1944386713613824,-1.9993339564984045
2014-01-27,ADANIPORTS,EQ,145.0,143.55,147.4,141.25,144.4,143.95,144.27,2467215,35594450630000.0,32326.0,813670,0.3298,149.1875,149.51212672532276,46.835443037974684,155.82113637674962,142.55386362325038,-0.007241379310344853,-0.022252191503708718,0.01652150552700893,-2.4087527420418837,-2.0812177136071006
2014-01-28,ADANIPORTS,EQ,143.95,143.6,146.4,141.05,142.4,142.0,143.74,1453706,20896273190000.0,25671.0,854243,0.5876,148.5175,148.79668608481583,34.78260869565217,155.2156753210533,141.8193246789467,-0.013546370267453867,-0.007241379310344853,0.014903464573769626,-2.7047680083352077,-2.205927772552722
2014-01-29,ADANIPORTS,EQ,142.0,144.0,147.8,143.35,147.35,146.65,146.25,1503702,21992149230000.0,19935.0,735607,0.4892,148.035,148.59223979102384,45.49689440993788,153.6802215470943,142.3897784529057,0.03274647887323945,-0.013546370267453867,0.01734645551480727,-2.534925063028453,-2.2717272306478686
2014-01-30,ADANIPORTS,EQ,146.65,144.7,146.35,141.0,142.8,141.65,142.34,1530051,21778785085000.0,14734.0,874790,0.5717,147.48499999999999,147.93107409664063,40.75104311543811,153.37514341707165,141.59485658292832,-0.03409478349812478,0.03274647887323945,0.019801756127597454,-2.7718295923405094,-2.3717477029863967
2014-01-31,ADANIPORTS,EQ,141.65,143.0,147.55,142.3,146.0,146.95,145.29,765126,11116199280000.0,10890.0,406331,0.5311,147.3375,147.83763846838912,54.35967302452315,153.11976644691737,141.55523355308264,0.03741616660783609,-0.03409478349812478,0.02377050629378441,-2.5030587296380986,-2.398009908316737
2014-02-03,ADANIPORTS,EQ,146.95,146.4,146.65,143.4,144.0,143.95,144.47,520680,7522158009999.999,15378.0,287451,0.5521,146.9925,147.4673871856854,45.741758241758205,152.71542481350588,141.26957518649414,-0.02041510717931272,0.03741616660783609,0.02373366387809846,-2.503274620915249,-2.41906285083644
2014-02-04,ADANIPORTS,EQ,143.95,142.5,148.5,141.95,148.0,146.9,145.35,787885,11451707470000.0,13103.0,421777,0.5353,147.04000000000002,147.41335031085822,45.59228650137742,152.74222486587837,141.33777513412167,0.020493226814866317,-0.02041510717931272,0.02406510758160276,-2.2395887850678093,-2.383168037682714
2014-02-05,ADANIPORTS,EQ,146.9,146.9,148.5,144.5,146.0,145.7,147.33,2446824,36048289820000.0,7110.0,2139587,0.8744,146.7875,147.2501740907765,43.07065217391302,152.2397689627433,141.33523103725668,-0.008168822328114445,0.020493226814866317,0.024178451980589065,-2.1032014346452854,-2.327174717075228
2014-02-06,ADANIPORTS,EQ,145.7,148.0,148.85,145.7,146.0,146.4,147.15,720689,10605093245000.0,10724.0,424348,0.5888,146.63,147.1692051297502,46.817538896746825,151.92601637777614,141.33398362222385,0.0048043925875087545,-0.008168822328114445,0.024225548383537788,-1.9165366850590146,-2.2450471106719854
2014-02-07,ADANIPORTS,EQ,146.4,147.5,152.5,146.7,147.2,147.5,147.85,6366201,94126067615000.0,23181.0,4782840,0.7513,146.59,147.2007094031073,44.94875549048319,151.84483236249108,141.33516763750893,0.007513661202185773,0.0048043925875087545,0.02313165020286094,-1.6606992124765156,-2.1281775310328914
2014-02-10,ADANIPORTS,EQ,147.5,147.25,149.1,146.7,147.5,148.05,147.55,1981260,29233416530000.0,8064.0,1745515,0.881,146.805,147.281594221859,50.63694267515925,151.9206004946674,141.6893995053326,0.003728813559322086,0.007513661202185773,0.0229063091882471,-1.3974567571771104,-1.9820333762617353
2014-02-11,ADANIPORTS,EQ,148.05,149.9,150.0,147.55,148.3,148.25,148.47,2114388,31391530865000.0,9885.0,1746268,0.8259000000000001,146.865,147.3738233435867,50.55821371610844,152.02069179594025,141.70930820405977,0.001350894967916183,0.003728813559322086,0.02218010163824313,-1.15933281918268,-1.8174932648459243
2014-02-12,ADANIPORTS,EQ,148.25,149.0,149.2,144.35,146.0,146.05,146.66,835543,12253869690000.0,20550.0,454538,0.544,146.6625,147.2477449299118,46.60633484162896,151.59657859472628,141.7284214052737,-0.01483979763912302,0.001350894967916183,0.02049633906485965,-1.135055285777554,-1.6810056690322503
2014-02-13,ADANIPORTS,EQ,146.05,146.1,147.25,143.5,144.0,144.15,144.74,734478,10630529915000.0,26586.0,507380,0.6908,146.32999999999998,146.95272160325354,48.66141732283466,150.97807826729888,141.68192173270108,-0.01300924340979126,-0.01483979763912302,0.017488252915361022,-1.254666274867219,-1.5957377901992442
2014-02-14,ADANIPORTS,EQ,144.15,143.35,148.4,143.35,147.4,147.05,146.71,919174,13485378050000.0,14430.0,509477,0.5543,146.25,146.96198621246748,54.61309523809527,150.78361712217907,141.71638287782093,0.020117932708983766,-0.01300924340979126,0.014113381071918882,-1.1027413657509726,-1.4971385053095898
2014-02-17,ADANIPORTS,EQ,147.05,148.4,152.0,146.2,152.0,151.2,149.22,647048,9655488685000.0,11253.0,270663,0.4183,146.2625,147.36560657318486,62.84916201117317,150.85171791295863,141.67328208704134,0.02822169330159796,0.020117932708983766,0.014607803916847645,-0.640090894326562,-1.3257289831129841
2014-02-18,ADANIPORTS,EQ,151.2,152.0,160.4,151.45,160.4,159.65,155.99,3306662,51580789490000.0,69262.0,1552033,0.4694,146.8625,148.5355488043101,66.4141414141414,154.40381602364002,139.32118397636,0.055886243386243484,0.02822169330159796,0.021455609364274843,0.4037531034484232,-0.9798325658007028
2014-02-19,ADANIPORTS,EQ,159.65,160.0,165.0,158.5,163.5,164.1,162.68,2624162,42689814615000.0,33562.0,1405333,0.5355,147.67249999999999,150.0178774896139,78.7451984635083,158.4630648357105,136.88193516428947,0.02787347322267464,0.055886243386243484,0.021360136866217995,1.5719641774493596,-0.46947321715069035
2014-02-20,ADANIPORTS,EQ,164.1,161.05,167.5,160.15,165.2,164.8,164.44,2344760,38557536290000.0,41406.0,1143919,0.4879,148.4975,151.42569868107924,75.90711175616836,161.7355422705883,135.2594577294117,0.004265691651432091,0.02787347322267464,0.021381431001195734,2.525155598077447,0.1294525458949371
2014-02-21,ADANIPORTS,EQ,164.8,166.4,168.4,162.55,166.65,167.25,165.7,2288323,37916755250000.0,34414.0,1195596,0.5225,149.61,152.93277499716692,84.36578171091443,165.15001964369105,134.06998035630897,0.0148665048543688,0.004265691651432091,0.02133214088791567,3.4386228866256374,0.7912866140410771
2014-02-24,ADANIPORTS,EQ,167.25,167.0,170.7,163.35,163.5,164.5,167.07,2124447,35492441265000.0,22595.0,1040096,0.4896,150.6375,154.0344154736272,76.11275964391689,167.28018054699905,133.99481945300093,-0.01644245142002987,0.0148665048543688,0.023164995912551816,3.8957425812246527,1.4121778074777924
2014-02-25,ADANIPORTS,EQ,164.5,164.85,166.6,158.05,159.45,159.0,161.86,1682365,27230186870000.0,20500.0,887716,0.5277000000000001,151.4875,154.5073282856627,67.50000000000001,168.00877416393746,134.96622583606256,-0.033434650455927084,-0.01644245142002987,0.0270349418577792,3.77074242649482,1.8838907312811979
2014-02-26,ADANIPORTS,EQ,159.0,160.0,161.7,154.85,160.6,160.75,158.17,1778597,28132277930000.0,17492.0,998747,0.5615,152.19250000000002,155.10186844893292,68.37387964148527,169.0446519787764,135.34034802122366,0.011006289308176154,-0.033434650455927084,0.025888959784131797,3.7694375482706164,2.2610000946790816
2014-02-28,ADANIPORTS,EQ,160.75,160.6,169.8,160.15,168.85,167.25,164.78,2464976,40618202415000.0,41558.0,1637516,0.6643000000000001,153.47250000000003,156.25883335855835,72.21597300337459,170.83423878631393,136.11076121368612,0.04043545878693622,0.011006289308176154,0.02614135581865546,4.243977173043476,2.6575955103519604
2014-03-03,ADANIPORTS,EQ,167.25,168.0,173.8,167.4,171.5,171.65,171.75,1937906,33283799350000.0,24225.0,468192,0.2416,154.7075,157.72465875298136,74.43064182194617,173.56522981257808,135.84977018742194,0.026307922272047923,0.04043545878693622,0.026341173850786354,4.918400216121427,3.109756451505854
2014-03-04,ADANIPORTS,EQ,171.65,172.3,176.8,171.1,175.0,175.45,174.04,2792682,48603244335000.0,34960.0,1352379,0.4843,156.2825,159.41278649079266,76.20423892100192,176.56514165811652,135.99985834188348,0.022138071657442415,0.026307922272047923,0.026094036151673532,5.693878096411879,3.626580780487059
2014-03-05,ADANIPORTS,EQ,175.45,176.2,178.65,175.05,176.5,176.9,177.21,2423656,42949784320000.0,18600.0,1406558,0.5803,157.7825,161.07823539643144,80.15640273704788,179.52806881660902,136.03693118339098,0.00826446280991755,0.022138071657442415,0.02186481856916186,6.352228252235875,4.171710274836823
2014-03-06,ADANIPORTS,EQ,176.9,177.25,179.7,175.75,178.3,179.15,178.1,1618425,28824210515000.0,21939.0,722867,0.4466,159.455,162.79935583486656,83.98058252427185,182.4001038235539,136.50989617644612,0.01271905031091003,0.00826446280991755,0.021038600946973834,6.9751267703061615,4.732393573930691
2014-03-07,ADANIPORTS,EQ,179.15,179.7,189.7,176.55,184.7,186.9,184.02,4517490,83128850675000.0,45069.0,2063218,0.4567,161.48,165.09465527916498,85.35936113575865,186.61773426962958,136.3422657303704,0.043259838124476646,0.01271905031091003,0.02352749614761701,8.00189766884776,5.386294392914105
2014-03-10,ADANIPORTS,EQ,186.9,185.95,190.75,182.3,187.8,187.85,187.0,2522084,47162554195000.0,24292.0,959469,0.3804,163.4975,167.26183096686356,84.47789275634996,190.3306388791033,136.6643611208967,0.005082932049224054,0.043259838124476646,0.02364033989196872,8.790941561792351,6.067223826689754
2014-03-11,ADANIPORTS,EQ,187.85,188.1,188.5,183.65,183.85,184.6,186.34,1741685,32454855165000.0,23247.0,722125,0.4146,165.325,168.9130851604956,76.01668404588112,192.70143050816526,137.94856949183472,-0.01730103806228378,0.005082932049224054,0.023756124921983084,9.049697414534762,6.6637185442587565
2014-03-12,ADANIPORTS,EQ,184.6,183.25,186.35,182.05,183.85,183.65,183.93,1067157,19628514905000.0,29377.0,497485,0.4662,167.095,170.31660085949602,71.99100112485941,194.40055948790192,139.78944051209808,-0.00514626218851566,-0.01730103806228378,0.01896620935466728,9.073512428341104,7.145677321075226
2014-03-13,ADANIPORTS,EQ,183.65,183.65,185.7,177.9,178.3,179.2,182.69,923751,16876147794999.998,12224.0,236657,0.2562,168.7525,171.16263887287735,64.93775933609956,194.66840600790385,142.83659399209614,-0.024230873945004228,-0.00514626218851566,0.022641195409718165,8.633783308920528,7.443298518644287
2014-03-14,ADANIPORTS,EQ,179.2,177.0,185.35,175.2,184.1,183.2,181.24,1715374,31089676130000.0,17544.0,901012,0.5253,170.70499999999998,172.3090542183176,66.03015075376884,194.623565790483,146.78643420951695,0.022321428571428603,-0.024230873945004228,0.020677608860934896,8.509963818674521,7.656631578650335
2014-03-18,ADANIPORTS,EQ,183.2,183.5,189.8,183.5,188.5,188.75,188.29,3061068,57637942925000.0,45596.0,1835866,0.5997,172.79,173.87485857847784,73.07326355851569,195.2520522097529,150.3279477902471,0.03029475982532759,0.022321428571428603,0.02107568708567253,8.758709644622257,7.877047191844719
2014-03-19,ADANIPORTS,EQ,188.75,189.95,189.95,184.3,185.05,185.2,187.15,1385598,25931732155000.0,23132.0,734906,0.5304,174.49,174.95344347576568,75.88932806324108,195.145892494318,153.83410750568203,-0.018807947019867655,0.03029475982532759,0.022339044370161636,8.570590737377614,8.015755900951298
2014-03-20,ADANIPORTS,EQ,185.2,184.05,186.9,180.75,181.9,181.6,183.9,1230749,22633046605000.0,20013.0,441152,0.3584,175.5875,175.5864488590261,69.87607244995232,195.23116444000607,155.94383555999394,-0.01943844492440605,-0.018807947019867655,0.023657049289672567,8.038354092244361,8.02027553920991
2014-03-21,ADANIPORTS,EQ,181.6,183.0,184.4,179.8,181.2,181.7,182.15,1492705,27189769170000.0,15951.0,817258,0.5475,176.4675,176.16869182483313,65.68946796959824,195.51210898991962,157.42289101008038,0.0005506607929515184,-0.01943844492440605,0.023406082932645705,7.537731602840836,7.923766751936096
2014-03-22,ADANIPORTS,EQ,181.7,182.95,182.95,181.0,181.8,181.6,181.73,84234,1530766645000.0,1296.0,35119,0.4169,177.30749999999998,176.68595927008712,61.916167664670645,195.65451395466332,158.96048604533664,-0.0005503577325260967,0.0005506607929515184,0.018296561071009184,7.051628722506564,7.74933914605019
2014-03-24,ADANIPORTS,EQ,181.6,182.0,182.9,174.6,178.1,178.5,178.05,1389494,24739849095000.0,20823.0,727113,0.5233,177.86999999999998,176.85872505388835,53.71498172959807,195.5980746720823,160.14192532791765,-0.017070484581497736,-0.0005503577325260967,0.01858535623218899,6.343124998911236,7.4680963166223995
2014-03-25,ADANIPORTS,EQ,178.5,179.0,182.2,177.0,179.9,179.9,180.36,1468660,26489411670000.0,18208.0,846438,0.5763,178.64,177.14837028685136,53.65853658536585,195.22380947919038,162.0561905208096,0.007843137254901933,-0.017070484581497736,0.018427098871666603,5.827424075878895,7.1399618684737
2014-03-26,ADANIPORTS,EQ,179.9,180.55,183.0,177.8,179.15,178.8,179.87,1836011,33024848470000.0,15887.0,1203608,0.6556000000000001,179.63,177.3056683547703,49.560853199498126,193.40298652779111,165.85701347220888,-0.00611450806003333,0.007843137254901933,0.018445530115845148,5.269226212239573,6.765814737226875
2014-03-27,ADANIPORTS,EQ,178.8,178.5,180.55,177.8,179.35,179.75,179.8,1595618,28689912655000.0,13226.0,1043530,0.654,180.57999999999998,177.53846184479218,39.18305597579423,191.10877760685992,170.05122239314005,0.005313199105145383,-0.00611450806003333,0.016881500413595384,4.847627017510888,6.3821771932836775
2014-03-28,ADANIPORTS,EQ,179.75,179.35,188.1,179.35,186.05,186.15,184.57,5268789,97248293460000.0,44275.0,2703875,0.5132,181.525,178.35860833576436,47.79220779220781,190.2553162057631,172.7946837942369,0.03560500695410296,0.005313199105145383,0.019163496917327383,4.9726119559142035,6.100264145809783
2014-03-31,ADANIPORTS,EQ,186.15,187.4,192.8,185.75,186.55,187.45,188.78,3889451,73426593360000.0,30110.0,2461235,0.6328,182.315,179.22445516092964,53.898768809849514,190.09006811613276,174.53993188386724,0.006983615363953755,0.03560500695410296,0.016546184108486652,5.117570389638587,5.903725394575544
2014-04-01,ADANIPORTS,EQ,187.45,188.7,189.4,184.3,187.0,186.3,186.74,1143086,21346410135000.0,38978.0,565034,0.4943,182.85750000000002,179.89831657417443,53.60544217687077,190.11242754506813,175.6025724549319,-0.006134969325153228,0.006983615363953755,0.015442497062483707,5.0810840298540825,5.739197121631252
2014-04-02,ADANIPORTS,EQ,186.3,187.9,189.7,175.15,186.4,186.0,184.85,2072685,38313329580000.0,32674.0,716355,0.3456,183.3125,180.4794292813959,60.42944785276077,190.12200380756488,176.50299619243512,-0.0016103059581320522,-0.006134969325153228,0.01380128659940984,4.970662135095836,5.585490124324169
2014-04-03,ADANIPORTS,EQ,186.0,186.05,187.8,179.1,180.55,181.3,182.31,2074961,37828976775000.0,35625.0,1194403,0.5756,183.42,180.55757887364393,47.14714714714717,190.01739980678022,176.82260019321976,-0.025268817204300964,-0.0016103059581320522,0.016377379368225118,4.452574757321173,5.358907050923571
2014-04-04,ADANIPORTS,EQ,181.3,182.0,183.4,178.35,179.5,179.85,180.55,2928018,52866324210000.0,35710.0,1623250,0.5544,183.06750000000002,180.49019040948738,34.760273972602704,189.6353062507466,176.49969374925345,-0.007997793712079537,-0.025268817204300964,0.01656833059640955,3.880254734764719,5.0631765876918005
2014-04-07,ADANIPORTS,EQ,179.85,180.25,182.8,175.5,176.55,177.0,178.08,2230925,39728380830000.0,53245.0,1221108,0.5474,182.525,180.15779132286954,35.61403508771929,189.2206781033093,175.82932189669071,-0.015846538782318564,-0.007997793712079537,0.016439169654630277,3.160286002166174,4.682598470586676
2014-04-09,ADANIPORTS,EQ,177.0,178.8,184.2,176.9,183.25,183.45,181.77,3813131,69312826635000.0,43076.0,2509517,0.6581,182.4675,180.47133500640578,52.95055821371611,189.10767081263955,175.82732918736045,0.03644067796610173,-0.015846538782318564,0.02016097281544714,3.074723194550046,4.36102341537935
2014-04-10,ADANIPORTS,EQ,183.45,183.35,204.4,183.35,193.0,193.0,196.07,15336233,300703849440000.0,120503.0,4457864,0.2907,182.935,181.6645411962719,63.8480392156863,191.07328509026956,174.79671490973044,0.05205778141182882,0.03644067796610173,0.02526258536598698,3.7344705880752826,4.235712849918537
2014-04-11,ADANIPORTS,EQ,193.0,193.5,200.6,188.15,194.0,193.65,194.23,8768812,170312506120000.0,89145.0,2724043,0.3107,183.6575,182.80601346329362,64.57073760580414,192.89154883540877,174.42345116459123,0.0033678756476684946,0.05205778141182882,0.025292653688090454,4.260660476585684,4.240702375251967
2014-04-15,ADANIPORTS,EQ,193.65,195.0,195.3,185.3,186.5,187.0,189.09,4579077,86585380810000.0,48996.0,2186594,0.4775,183.84750000000003,183.20544075250376,59.465478841870826,193.1975619192984,174.49743808070164,-0.034340304673379785,0.0033678756476684946,0.026384492595532053,4.09387864591335,4.211337629384244
2014-04-16,ADANIPORTS,EQ,187.0,187.6,198.35,187.05,194.75,194.1,195.03,7878787,153663072110000.0,86192.0,2948791,0.3743,184.115,184.2430178236939,64.03162055335969,194.3224327923579,173.90756720764213,0.03796791443850256,-0.034340304673379785,0.02889569069708447,4.482936999136882,4.265657503334772
2014-04-17,ADANIPORTS,EQ,194.1,195.35,203.4,195.3,198.0,198.4,199.35,6192143,123438164034999.98,59499.0,1620543,0.2617,184.775,185.59130184048493,68.21561338289962,196.8195008198753,172.73049918012472,0.022153529108706937,0.03796791443850256,0.029191279878338673,5.079687139136638,4.428463430495145
2014-04-21,ADANIPORTS,EQ,198.4,199.9,209.5,198.9,203.75,204.0,205.56,7284821,149747335065000.0,63682.0,1924085,0.2641,185.895,187.34451118901018,70.7442258340462,200.5741258882156,171.21587411178442,0.028225806451612767,0.022153529108706937,0.029767451625283478,5.936061896810116,4.72998312375814
2014-04-22,ADANIPORTS,EQ,204.0,205.6,208.9,202.15,205.35,204.8,205.63,3848936,79145864345000.0,34050.0,1013352,0.2633,187.05,189.00693869481876,67.64427625354779,203.82488724567884,170.27511275432119,0.0039215686274509665,0.028225806451612767,0.027287919981178053,6.603181015821406,5.1046227021707935
2014-04-23,ADANIPORTS,EQ,204.8,208.0,213.05,203.35,205.7,204.45,207.84,7702502,160089467835000.0,60289.0,2553239,0.3315,188.19250000000002,190.47770643816935,66.3776493256262,206.45137743710256,169.93362256289748,-0.001708984375000111,0.0039215686274509665,0.026829213858368724,7.022682536234015,5.488234668983438
2014-04-25,ADANIPORTS,EQ,204.45,205.0,206.7,197.25,198.65,198.7,201.09,5808334,116797562380000.0,69804.0,3021865,0.5203,189.20250000000001,191.26078201548657,60.973451327433594,207.43865480591336,170.96634519408667,-0.02812423575446321,-0.001708984375000111,0.028534121837758646,6.812631789705591,5.753114093127869
2014-04-28,ADANIPORTS,EQ,198.7,199.4,199.65,189.4,192.3,192.15,192.96,6111039,117916078900000.0,68675.0,3000872,0.4911,189.815,191.3454694425831,54.9003984063745,207.55164360344884,172.07835639655116,-0.032964267740311914,-0.02812423575446321,0.03031311842359723,6.047918164480166,5.812074907398328
2014-04-29,ADANIPORTS,EQ,192.15,193.7,196.5,190.55,191.1,191.55,193.71,4973177,96335950365000.0,47345.0,2094915,0.4211999999999999,190.45250000000001,191.36494854328947,58.73827791986359,207.42211603634644,173.4828839636536,-0.0031225604996096834,-0.032964267740311914,0.02543655312650253,5.331998165634218,5.716059559045506
2014-04-30,ADANIPORTS,EQ,191.55,192.05,194.45,174.6,189.75,188.2,186.56,5884524,109779456155000.0,54633.0,2073176,0.3523,190.875,191.0635248725,56.89512799339388,207.12830735573448,174.62169264426552,-0.01748890629078581,-0.0031225604996096834,0.025937737217471685,4.443092204536839,5.461466088143773
2014-05-02,ADANIPORTS,EQ,188.2,190.0,192.4,184.0,185.85,185.85,186.8,5328258,99532655235000.0,49031.0,2575744,0.4834,190.85999999999999,190.56699869416667,57.36885928393004,207.13221073195757,174.5877892680424,-0.012486716259298536,-0.01748890629078581,0.02379348030600742,3.508557993368953,5.070884469188809
2014-05-05,ADANIPORTS,EQ,185.85,187.0,190.4,182.5,186.0,186.05,186.69,3462920,64649479985000.0,35453.0,986606,0.2849,190.79000000000002,190.13680834234128,52.41635687732344,207.13585413395072,174.44414586604933,0.0010761366693570196,-0.012486716259298536,0.019697440207396735,2.752343919167714,4.60717635918459
2014-05-06,ADANIPORTS,EQ,186.05,187.3,193.9,186.6,193.75,192.5,190.05,3079280,58520212745000.01,29340.0,1283807,0.4169,191.1,190.36187421449927,49.5069033530572,207.32201233541937,174.87798766458062,0.03466809997312548,0.0010761366693570196,0.021829526042976326,2.6430326767687973,4.214347622701432
2014-05-07,ADANIPORTS,EQ,192.5,193.5,196.15,187.35,189.7,189.5,193.23,4398923,85001876740000.0,41358.0,1524172,0.3465,191.275,190.27979095597553,46.08859566446748,207.34011421486989,175.20988578513013,-0.01558441558441559,0.03466809997312548,0.01914165138253308,2.287953695666886,3.829068837294523
2014-05-08,ADANIPORTS,EQ,189.5,190.05,191.6,185.05,190.8,190.2,188.48,4955646,93406284400000.0,65717.0,2662108,0.5372,191.72,190.27219181731118,53.39702760084924,207.10017863149884,176.33982136850116,0.003693931398416783,-0.01558441558441559,0.01912711015188894,2.03952482220339,3.4711600342762967
2014-05-09,ADANIPORTS,EQ,190.2,191.1,208.65,189.1,204.95,204.7,200.28,8272339,165677052720000.0,69686.0,2833036,0.3425,192.9625,191.64626878709106,59.72477064220182,208.32012711248993,177.60487288751008,0.07623554153522605,0.003693931398416783,0.03268889375537669,2.9783395245074473,3.372595932322527
2014-05-12,ADANIPORTS,EQ,204.7,206.5,209.5,200.1,205.5,204.6,206.25,4820292,99417406625000.0,37865.0,1490024,0.3091,194.34250000000003,192.87995747403477,56.16302186878726,208.58004395584805,180.104956044152,-0.0004885197850512668,0.07623554153522605,0.031122235982704156,3.6719597097940095,3.432468687816824
2014-05-13,ADANIPORTS,EQ,204.6,210.05,227.7,210.0,223.75,224.5,221.69,21252250,471140495570000.0,164626.0,8509668,0.4004,196.395,195.89139009555527,65.86687306501548,215.14226365998005,177.64773634001997,0.09726295210166191,-0.0004885197850512668,0.04016818483275323,5.76101302066192,3.8981775543858435
2014-05-14,ADANIPORTS,EQ,224.5,227.0,229.35,215.55,217.5,217.05,221.96,11619778,257907673125000.0,119948.0,4528268,0.3897,197.5975,197.9064958007405,58.59649122807018,218.40042173305335,176.79457826694664,-0.03318485523385295,0.09726295210166191,0.042826641937679794,6.737781135778789,4.466098270664433
2014-05-15,ADANIPORTS,EQ,217.05,219.5,227.2,215.55,219.65,220.4,222.19,13153383,292257857585000.0,117128.0,3989588,0.3033,198.935,200.04873429590805,60.740740740740755,221.98739113068464,175.88260886931536,0.015434231743837845,-0.03318485523385295,0.04143356878456143,7.693507936673456,5.111580203866238
2014-05-16,ADANIPORTS,EQ,220.4,235.0,235.0,219.05,223.8,225.0,227.31,16816546,382264707500000.0,129777.0,6232484,0.3706,200.83499999999998,202.42504531534536,67.98905608755132,225.91991054084238,175.75008945915758,0.020871143375680523,0.015434231743837845,0.04014891383626477,8.72157300362315,5.833578763817621
2014-05-19,ADANIPORTS,EQ,225.0,228.0,232.5,225.6,230.9,231.65,229.12,8324363,190725180495000.0,70926.0,3644377,0.4378,202.7125,205.20837433293153,76.98087431693989,231.08095681571737,174.34404318428264,0.029555555555555557,0.020871143375680523,0.03966469964386654,9.958130272559515,6.658489065566
2014-05-20,ADANIPORTS,EQ,231.65,233.95,244.7,231.55,235.3,235.8,237.04,7962251,188739514610000.0,99827.0,3805316,0.4779,204.58249999999998,208.12186249169994,78.82736156351791,236.46683495918379,172.69816504081618,0.017914957910641016,0.029555555555555557,0.03946319552905663,11.14451411263721,7.555694074980242
2014-05-21,ADANIPORTS,EQ,235.8,237.4,237.4,212.25,226.35,225.65,230.01,5478596,126014542380000.0,81491.0,2492781,0.455,205.66500000000002,209.79120892106184,72.41172950329145,238.9072226757028,172.42277732429724,-0.0430449533502969,0.017914957910641016,0.04309346052633834,11.137327501727839,8.272020760329761
2014-05-22,ADANIPORTS,EQ,225.65,227.5,230.55,224.0,224.95,225.05,226.62,4449033,100823574360000.0,55260.0,2192488,0.4928,206.6775,211.24442711905596,73.96088019559903,241.02400790492555,172.33099209507446,-0.002658985153999538,-0.0430449533502969,0.0433806294911479,10.95691260712104,8.808999129688017
2014-05-23,ADANIPORTS,EQ,225.05,224.0,229.0,223.25,228.6,227.7,226.31,3328418,75326237180000.0,61363.0,1715051,0.5153,207.84,212.81162453628872,74.71810089020772,243.42073991124315,172.25926008875686,0.01177516107531651,-0.002658985153999538,0.03821235437499868,10.902092816678419,9.227617867086098
2014-05-26,ADANIPORTS,EQ,227.7,229.5,235.95,211.1,222.7,223.25,228.81,6471305,148068750370000.0,75775.0,2548426,0.3938,209.06750000000002,213.80575553283265,68.69300911854104,245.0126083708121,173.12239162918794,-0.019543258673693442,0.01177516107531651,0.039326764334905236,10.379916709446434,9.458077635558165
2014-05-27,ADANIPORTS,EQ,223.25,221.05,223.0,211.65,213.5,214.45,215.78,4048066,87350885810000.0,69261.0,1959750,0.4841,210.18249999999998,213.86711214875336,64.16808631459398,245.29179214234873,175.07320785765123,-0.03941769316909305,-0.019543258673693442,0.027335161502673826,9.150520423615717,9.396566193169676
2014-05-28,ADANIPORTS,EQ,214.45,214.1,222.7,214.1,221.95,220.4,219.44,2455740,53888420125000.0,29179.0,877040,0.3571,211.625,214.4892919441102,66.1843515541265,245.87103703542243,177.37896296457757,0.027745395197015688,-0.03941769316909305,0.026951966146471898,8.5576826449892,9.228789483533582
2014-05-29,ADANIPORTS,EQ,220.4,220.0,221.1,211.1,212.0,211.9,215.06,3058419,65774177600000.0,39379.0,1440587,0.471,212.81,214.2426927113378,54.12371134020619,245.23487024686855,180.38512975313145,-0.03856624319419233,0.027745395197015688,0.029243106207879888,7.31762247489732,8.84655608180633
2014-05-30,ADANIPORTS,EQ,211.9,212.0,232.0,212.0,228.1,227.5,224.55,11195546,251398786295000.0,79160.0,6374803,0.5694,214.8925,215.5052934054961,61.13813229571984,245.31491685613364,184.4700831438664,0.07361963190184051,-0.03856624319419233,0.03767635573938895,7.507118096906282,8.57866848482632
2014-06-02,ADANIPORTS,EQ,227.5,229.0,230.3,224.05,225.85,226.15,226.9,2341446,53128157355000.0,23606.0,720145,0.3076,216.89749999999998,216.51907498592504,50.97922848664689,244.46818380115184,189.32681619884812,-0.005934065934065869,0.07361963190184051,0.036415289593904734,7.462339816749136,8.355402751210883
2014-06-03,ADANIPORTS,EQ,226.15,227.6,241.8,226.65,240.0,240.3,235.77,6583611,155221713380000.0,67673.0,1948265,0.2959,219.2875,218.7839249872655,62.78174821330402,246.23334969507195,192.34165030492804,0.0625690913110768,-0.005934065934065869,0.04148754016629421,8.470991137802656,8.378520428529239
2014-06-04,ADANIPORTS,EQ,240.3,241.85,245.35,237.8,243.8,243.85,242.02,4530747,109652964575000.0,46992.0,1874559,0.4136999999999999,222.00499999999997,221.17117022657357,62.86341195831047,247.20817231494422,196.8018276850557,0.014773200166458444,0.0625690913110768,0.03831895891283872,9.447900393467904,8.592396421516973
2014-06-05,ADANIPORTS,EQ,243.85,244.5,245.0,236.4,241.5,241.65,240.15,5542042,133092247550000.0,66931.0,2553286,0.4607,224.57750000000001,223.12153496689987,59.38028169014085,246.38629771777124,202.7687022822288,-0.009021939717039129,0.014773200166458444,0.03857563796024536,9.930118181884069,8.859940773590392
2014-06-06,ADANIPORTS,EQ,241.65,243.85,260.4,242.0,256.3,257.65,251.21,8606900,216212395900000.0,91331.0,4577090,0.5318,227.225,226.40996020814748,63.251783893985724,251.58070829016702,202.86929170983296,0.06621146285950741,-0.009021939717039129,0.04280769977350778,11.47111367785817,9.382175354443948
2014-06-09,ADANIPORTS,EQ,257.65,259.0,261.8,252.3,253.5,254.0,255.94,4765315,121965533745000.0,67560.0,1945616,0.4083,229.695,229.03758304546676,59.32377049180328,254.40678921720777,204.9832107827922,-0.014166504948573522,0.06621146285950741,0.04238178027495773,12.256553298033197,9.957050943161798
2014-06-10,ADANIPORTS,EQ,254.0,255.7,255.7,242.7,246.5,246.05,246.15,5125196,126159002009999.98,63946.0,2660050,0.519,230.77249999999998,230.65781323161278,60.69182389937108,256.39310180483704,205.15189819516291,-0.03129921259842516,-0.014166504948573522,0.04131379584397768,12.098062364574531,10.385253227444345
2014-06-11,ADANIPORTS,EQ,246.05,247.4,251.0,235.5,236.3,238.2,243.0,6632454,161171058340000.0,77537.0,2948800,0.4446,231.82999999999998,231.37611673336394,56.405260594252304,256.80353125126294,206.856468748737,-0.031904084535663624,-0.03129921259842516,0.04345452871730327,11.209808073522026,10.550164196659882
2014-06-12,ADANIPORTS,EQ,238.2,239.0,242.1,233.1,237.5,236.95,238.17,2751243,65526271875000.0,36354.0,986428,0.3585,232.65749999999997,231.90696275875786,54.567901234567906,257.12806825098727,208.18693174901267,-0.0052476910159530155,-0.031904084535663624,0.040618661987418356,10.286420146645924,10.49741538665709
2014-06-13,ADANIPORTS,EQ,236.95,237.95,246.55,223.55,231.6,230.6,235.2,5345562,125726744134999.98,53941.0,1825747,0.3414999999999999,232.9375,231.78249011506662,53.56277266117305,257.1661015192553,208.70889848074472,-0.026798902722093287,-0.0052476910159530155,0.035809423309059965,8.939191199416484,10.185770549208971
2014-06-16,ADANIPORTS,EQ,230.6,229.95,230.0,219.65,228.8,228.1,225.6,3233252,72943099890000.0,54379.0,1194280,0.3694,232.76000000000005,231.43177677077455,57.04697986577182,257.08015841360975,208.43984158639037,-0.010841283607979202,-0.026798902722093287,0.03596228086873163,7.582368620254755,9.665090163418128
2014-06-17,ADANIPORTS,EQ,228.1,227.9,236.6,226.4,236.4,236.1,233.03,3338397,77793141355000.0,60968.0,1371748,0.4109,232.775,231.8763694592722,57.937310414560166,257.10342175857426,208.44657824142575,0.03507233669443233,-0.010841283607979202,0.0315482694513008,7.071098865979906,9.146291903930484
2014-06-18,ADANIPORTS,EQ,236.1,235.0,239.3,228.85,230.0,231.05,234.67,2415067,56674947525000.0,29606.0,632816,0.262,233.045,231.7976676060082,60.031430068098494,257.1593962243111,208.9306037756889,-0.02138924184667501,0.03507233669443233,0.03157088551371845,6.187100068573898,8.554453536859167
2014-06-19,ADANIPORTS,EQ,231.05,231.0,234.35,224.6,225.6,225.95,228.22,2672876,60999984740000.0,46224.0,1010352,0.378,233.09,231.24074688162648,49.087698646262496,257.1448627319414,209.0351372680586,-0.022073144341051787,-0.02138924184667501,0.03202494741303954,5.017162548457236,7.846995339178782
2014-06-20,ADANIPORTS,EQ,225.95,224.45,236.0,223.1,233.85,232.6,230.94,3228673,74561646920000.0,35362.0,1001148,0.3101,233.33499999999998,231.37019955956683,53.57340720221607,257.25816868644097,209.411831313559,0.02943129010843104,-0.022073144341051787,0.02384686537430102,4.573853522172584,7.192366975777542
2014-06-23,ADANIPORTS,EQ,232.6,233.95,239.2,233.6,237.0,237.0,236.92,2865754,67895880645000.01,45453.0,841282,0.2936,234.02249999999998,231.90637103008424,47.950310559006205,257.5117242931657,210.53327570683425,0.018916595012897774,0.02943129010843104,0.025434519239185063,4.52540509961716,6.6589746005454655
2014-06-24,ADANIPORTS,EQ,237.0,239.3,243.5,235.5,238.55,238.0,239.93,3569302,85637015290000.0,40347.0,1470016,0.4118,235.2,232.4867166462667,46.24759461193073,256.84687895334935,213.5531210466506,0.00421940928270037,0.018916595012897774,0.02404632424444543,4.515647445482614,6.230309169532896
2014-06-25,ADANIPORTS,EQ,238.0,238.95,241.2,235.65,237.5,237.15,238.47,1943671,46351289135000.0,25020.0,831119,0.4276,236.0375,232.93083887043178,47.0626631853786,256.53922970879626,215.53577029120376,-0.0035714285714285587,0.00421940928270037,0.021838094107622552,4.3887359222092925,5.861994520068176
2014-06-26,ADANIPORTS,EQ,237.15,238.0,238.9,232.65,235.5,234.55,235.82,1801189,42476278170000.0,20219.0,611148,0.3393,237.17,233.0850446922954,31.72468354430383,254.27935109046356,220.0606489095364,-0.010963525195024193,-0.0035714285714285587,0.02205776748924659,4.0318823250896685,5.495972081072475
2014-06-27,ADANIPORTS,EQ,234.55,235.0,236.0,230.5,232.0,231.4,232.55,3496814,81319141535000.0,42686.0,1639542,0.4689,237.36499999999995,232.92456424541012,31.97767145135566,254.09499512378915,220.63500487621076,-0.01342997228735876,-0.010963525195024193,0.020668281546567732,3.455066745294033,5.087791013916787
2014-06-30,ADANIPORTS,EQ,231.4,232.0,244.9,231.75,243.95,243.7,239.27,3695817,88428046050000.0,36869.0,1815930,0.4913,238.2425,233.95079622203772,48.24757643549588,254.324175580411,222.160824419589,0.05315471045808118,-0.01342997228735876,0.02597904475784967,3.944968308185878,4.859226472770605
2014-07-01,ADANIPORTS,EQ,243.7,245.45,247.3,242.7,244.5,244.2,244.88,1969294,48223759395000.0,26606.0,597683,0.3035,238.4375,234.92691086755795,55.02512562814071,254.71757742771928,222.15742257228072,0.002051702913418163,0.05315471045808118,0.024031021643742198,4.323723455087588,4.7521258692340025
2014-07-02,ADANIPORTS,EQ,244.2,245.95,279.4,245.9,270.25,271.25,269.25,29796852,802267303480000.0,169697.0,5551108,0.1863,239.80750000000003,238.3862526896953,70.05847953216374,261.6623868436162,217.95261315638382,0.11076986076986084,0.002051702913418163,0.03986444831552781,6.729030496619316,5.147506794711066
2014-07-03,ADANIPORTS,EQ,271.25,271.9,276.35,267.8,270.0,270.4,272.08,10025759,272775868980000.03,73545.0,2009670,0.2005,241.24499999999998,241.43518100496243,74.87499999999999,267.0374897269668,215.4525102730332,-0.003133640552995476,0.11076986076986084,0.038225953331687476,8.469039939453324,5.811813423659518
2014-07-04,ADANIPORTS,EQ,270.4,271.4,277.5,269.4,275.1,275.55,273.7,7514461,205669290325000.0,48992.0,1997881,0.2659,242.14000000000001,244.68421138544218,78.70538415003024,271.3457600663384,212.9342399336616,0.019045857988165826,-0.003133640552995476,0.03804399381835113,10.146608136095892,6.678772366146793
2014-07-07,ADANIPORTS,EQ,275.55,277.85,282.6,248.0,280.0,280.7,279.58,10604584,296478347375000.0,66504.0,3026659,0.2854,243.475,248.11428649159055,77.94486215538845,277.0738956585418,209.87610434145822,0.018689892941389896,0.019045857988165826,0.03804325978701962,11.756137542170904,7.6942454013516155
2014-07-08,ADANIPORTS,EQ,280.7,281.5,281.5,253.6,256.4,258.45,269.99,5348048,144391199360000.0,65175.0,2003528,0.3746,244.09499999999997,249.0986401590581,64.12371134020617,278.34528467034824,209.8447153296517,-0.07926612041325254,0.018689892941389896,0.0489291264394115,11.108263002290357,8.377048921539364
2014-07-09,ADANIPORTS,EQ,258.45,258.0,272.65,249.35,265.0,264.9,263.05,7271247,191273044650000.0,80942.0,1545773,0.2126,245.43,250.60353157248113,69.80172852058972,280.77668003467335,210.08331996532667,0.024956471271038838,-0.07926612041325254,0.04892468165380933,10.988609012329391,8.89936093969737
2014-07-10,ADANIPORTS,EQ,264.9,267.25,285.4,252.35,271.05,270.3,268.84,9128261,245407046355000.03,87896.0,1877194,0.2056,247.09750000000003,252.4793857084353,69.4129763130793,283.8773210550567,210.31767894494334,0.02038505096262755,0.024956471271038838,0.048276489946866265,11.20040592603712,9.35956993696532
2014-07-11,ADANIPORTS,EQ,270.3,273.0,279.9,244.6,250.0,248.7,260.2,7391100,192313330960000.0,78314.0,2001015,0.2707,248.0025,252.11944421239383,55.11811023622046,283.95453639646183,212.05046360353816,-0.07991120976692567,0.02038505096262755,0.056545300310941855,9.515626802292019,9.390781310030661
2014-07-14,ADANIPORTS,EQ,248.7,249.8,255.3,246.85,253.3,252.8,251.68,3749117,94356736875000.0,59069.0,701347,0.1871,249.2375,252.1842590493087,56.30323679727428,283.9877650501045,214.4872349498955,0.016485725774024962,-0.07991120976692567,0.05449198289073751,8.414268493918627,9.195478746808254
2014-07-15,ADANIPORTS,EQ,252.8,254.8,264.25,254.6,262.6,262.95,260.55,4753216,123843382809999.98,45889.0,830318,0.1747,250.58,253.2095677112793,60.18153117600631,285.26778641417854,215.89221358582148,0.040150316455696,0.016485725774024962,0.055583297751457976,8.26517844041905,9.009418685530413
2014-07-16,ADANIPORTS,EQ,262.95,264.1,285.4,263.0,285.0,281.0,273.28,6760956,184761105460000.0,66588.0,1548800,0.2291,253.07750000000001,255.85627554830032,66.33837495603234,289.014894027302,217.14010597269805,0.0686442289408633,0.040150316455696,0.04808903790453362,9.494065966134002,9.106348141651132
2014-07-17,ADANIPORTS,EQ,281.0,285.0,289.65,282.55,284.3,285.65,286.28,6726603,192566627435000.0,67277.0,1109668,0.165,256.0625,258.69377311512886,68.88270100939782,292.4275189779,219.6974810221,0.016548042704626287,0.0686442289408633,0.04813987309285444,10.719615270142754,9.429001567349458
2014-07-18,ADANIPORTS,EQ,285.65,283.75,293.4,275.55,289.0,288.3,285.78,8919945,254916615220000.0,84114.0,1963029,0.2201,258.84749999999997,261.5134137708309,66.64179104477611,296.1657962746421,221.52920372535783,0.009277087344652601,0.016548042704626287,0.04795741170951206,11.769038624905818,9.897008978860729
2014-07-21,ADANIPORTS,EQ,288.3,290.0,293.85,286.1,287.6,288.1,290.03,4470445,129654820190000.02,46322.0,1175369,0.2629,261.40250000000003,264.04546960218033,66.41735228122664,299.4134329840199,223.39156701598017,-0.0006937218175511184,0.009277087344652601,0.04776069532941983,12.441161895732591,10.405839562235101
2014-07-22,ADANIPORTS,EQ,288.1,288.7,289.9,282.15,284.5,284.8,285.64,3096008,88433192425000.0,27851.0,882422,0.285,263.74249999999995,266.02209154482983,56.1618917689859,301.44829007610116,226.0367099238987,-0.011454356126345044,-0.0006937218175511184,0.03861770201709139,12.562726715944677,10.837216992977018
2014-07-23,ADANIPORTS,EQ,284.8,285.05,287.5,277.15,280.9,279.8,281.78,3814814,107493450770000.0,31076.0,1411784,0.3701,265.875,267.3342733024651,54.119193689745856,302.0410861785394,229.7089138214606,-0.0175561797752809,-0.011454356126345044,0.039177888673480904,12.115944433023174,11.09296248098625
2014-07-24,ADANIPORTS,EQ,279.8,280.15,282.65,271.65,275.7,275.7,277.77,3952702,109795152609999.98,48264.0,1243563,0.3146,267.9325,268.13100917842075,50.06634232640423,301.157542473536,234.707457526464,-0.014653323802716334,-0.0175561797752809,0.03933356391709534,11.3007623659704,11.134522457983081
2014-07-25,ADANIPORTS,EQ,275.7,272.9,276.0,263.05,268.1,268.05,268.34,5432866,145785546240000.0,52488.0,2527084,0.4651,269.765,268.12329401857113,44.52617914322805,298.20430008761696,241.325699912383,-0.0277475516866158,-0.014653323802716334,0.029356438931485554,9.923046930348221,10.89222735245611
2014-07-28,ADANIPORTS,EQ,268.05,267.75,277.75,264.75,265.35,266.0,271.16,5082312,137814099945000.0,47627.0,1933235,0.3804,270.88,267.921075540612,53.95909805977976,296.63878797409893,245.1212120259011,-0.007647826897966836,-0.0277475516866158,0.029563459525383314,8.567024330583308,10.427186748081551
2014-07-30,ADANIPORTS,EQ,266.0,267.0,268.3,259.15,263.1,263.65,263.67,6091746,160618847750000.0,64533.0,4127186,0.6775,271.8525,267.51430644150605,49.31506849315068,294.67092457313487,249.03407542686517,-0.008834586466165528,-0.007647826897966836,0.027140706066304848,7.219519167455928,9.785653231956427
2014-07-31,ADANIPORTS,EQ,263.65,262.05,265.5,259.45,260.45,260.55,261.85,7890098,206602814865000.0,49614.0,5698301,0.7222,271.3175,266.8510391613626,44.5193929173693,294.69040998255196,247.94459001744804,-0.011758012516593808,-0.008834586466165528,0.012926768783997011,5.834214334037597,8.995365452372662
2014-08-01,ADANIPORTS,EQ,260.55,257.35,263.25,255.6,259.25,259.25,260.53,6097901,158866021230000.0,34637.0,3879642,0.6362,270.76,266.1271306698043,57.68390386016024,294.7488482863415,246.77115171365847,-0.0049894454039531855,-0.011758012516593808,0.009930794410304348,4.578671067581183,8.112026575414367
2014-08-04,ADANIPORTS,EQ,259.25,260.05,266.4,258.5,265.7,265.45,262.02,4251061,111386786565000.02,35266.0,2028590,0.4772,270.255,266.0626420345848,58.93992932862189,294.2445130597091,246.2654869402909,0.02391513982642235,-0.0049894454039531855,0.013471156719906981,4.0373916301286386,7.297099586357222
2014-08-05,ADANIPORTS,EQ,265.45,264.6,269.65,262.5,266.0,265.8,265.11,5848392,155044896820000.0,30098.0,3183565,0.5443,269.51,266.0376285074815,52.33798195242004,293.05506541216243,245.96493458783758,0.0013185157280091175,0.02391513982642235,0.01360909873678848,3.5952223656843216,6.556724142222642
2014-08-06,ADANIPORTS,EQ,265.8,265.85,275.75,265.1,268.0,268.5,270.87,6978210,189015655950000.0,61938.0,1431058,0.2051,270.0125,266.27214007819754,36.29385964912281,292.9857309896782,247.0392690103218,0.010158013544018019,0.0013185157280091175,0.01466431430704167,3.423206875128983,5.930020688803911
2014-08-07,ADANIPORTS,EQ,268.5,269.9,273.0,263.65,266.0,266.15,268.23,3496953,93797252670000.0,32691.0,880975,0.2519,270.075,266.26050768979775,27.48267898383375,292.9964103543265,247.15358964567346,-0.008752327746741284,0.010158013544018019,0.014133397080836703,3.0619616118719364,5.356408873417516
2014-08-08,ADANIPORTS,EQ,266.15,262.0,263.9,258.3,262.5,262.1,261.55,4238796,110863855120000.0,28918.0,2224348,0.5247999999999999,269.66499999999996,265.86426886219795,20.69351230425056,292.8611680138372,246.46883198616274,-0.015216982904377008,-0.008752327746741284,0.01417767504123651,2.4209636237147265,4.769319823476958
2014-08-11,ADANIPORTS,EQ,262.1,265.6,272.25,265.0,270.05,270.0,270.04,4305779,116271880259999.98,37353.0,2480160,0.5760000000000001,270.72999999999996,266.2581480181791,32.729007633587756,291.7246960720497,249.7353039279502,0.030141167493322962,-0.015216982904377008,0.015585773575205474,2.521367323891127,4.319729323559792
2014-08-12,ADANIPORTS,EQ,270.0,273.0,274.95,270.1,271.05,271.35,272.02,3262251,88740801365000.0,24348.0,1646927,0.5048,271.65749999999997,266.74308630216206,36.66997026759169,290.88131404185015,252.43368595814982,0.0050000000000001155,0.030141167493322962,0.015332175711191158,2.6789899684863485,3.9915814525451037
2014-08-13,ADANIPORTS,EQ,271.35,270.25,275.25,265.7,274.1,274.4,270.79,3863196,104612605820000.0,27298.0,1834339,0.4748,272.22999999999996,267.4723161781466,44.43298969072161,291.039471298422,253.42052870157798,0.011240095817210083,0.0050000000000001155,0.01505335600167191,3.0152585365483446,3.796316869345752
2014-08-14,ADANIPORTS,EQ,274.4,276.0,276.0,268.75,272.65,272.4,271.76,2321776,63095742550000.0,23911.0,828902,0.357,271.8,267.9416193992755,46.44396551724136,290.15297193773296,253.44702806226704,-0.007288629737609353,0.011240095817210083,0.014589221008682289,3.0848107361804296,3.6540156427126878
2014-08-18,ADANIPORTS,EQ,272.4,273.8,277.9,273.0,273.2,273.6,275.15,2499975,68785728250000.0,37773.0,910349,0.3641,271.1975,268.4805127898207,56.94618272841053,288.390566993164,254.004433006836,0.004405286343612591,-0.007288629737609353,0.01420388894714956,3.199875157702081,3.5631875457105666
2014-08-19,ADANIPORTS,EQ,273.6,275.45,289.65,275.2,287.25,287.15,284.28,5479772,155780772120000.0,49280.0,1591021,0.2903,271.14,270.25855919079015,70.55393586005832,288.09832663045233,254.18167336954764,0.049524853801169444,0.004405286343612591,0.019292045318291824,4.334471212652602,3.7174442790989737
2014-08-20,ADANIPORTS,EQ,287.15,287.95,297.5,284.95,292.1,293.15,292.46,11384639,332955827165000.0,57093.0,6506980,0.5716,271.3925,272.4386964107149,76.76950998185123,289.52389977758423,253.26110022241573,0.02089500261187527,0.049524853801169444,0.019524591365381396,5.652636541030972,4.104482731485374
2014-08-21,ADANIPORTS,EQ,293.15,294.4,301.35,293.35,296.5,296.9,297.32,6936813,206247901975000.0,45821.0,1759951,0.2537,271.99750000000006,274.7683443715992,82.60089686098655,292.6454379625451,251.34956203745506,0.012792085962817668,0.02089500261187527,0.01954455837613242,6.9201149431389695,4.667609173816093
2014-08-22,ADANIPORTS,EQ,296.9,296.95,300.4,294.25,297.5,297.7,297.06,4107903,122027808590000.02,35311.0,1848902,0.4501,272.89250000000004,276.952311574304,84.79638009049776,296.3280617093217,249.45693829067844,0.002694509936005396,0.012792085962817668,0.01861973597188106,7.8981095323330806,5.31370924551949
2014-08-25,ADANIPORTS,EQ,297.7,297.3,301.0,291.7,293.15,293.35,296.76,2557796,75903947575000.0,24744.0,676748,0.2646,273.775,278.51399618627505,76.12359550561806,298.9224493841056,248.6275506158943,-0.014612025529055939,0.002694509936005396,0.018524318947751094,8.227329116091141,5.8964332196338205
2014-08-26,ADANIPORTS,EQ,293.35,292.5,300.9,289.25,300.4,298.0,294.67,2768112,81566835970000.0,29723.0,874774,0.316,275.2725,280.36980607329644,77.90294627383021,302.46807771712633,248.07692228287362,0.015851372081131743,-0.014612025529055939,0.01744445647650979,8.762446121985988,6.469635800104254
2014-08-27,ADANIPORTS,EQ,298.0,299.25,302.7,284.3,288.0,288.25,290.72,3607703,104883855210000.0,34913.0,1536740,0.426,276.385,281.1203007329825,65.25096525096528,303.8029368873322,248.96706311266783,-0.03271812080536918,0.015851372081131743,0.022111195744621847,8.304062623789775,6.836521164841359
2014-08-28,ADANIPORTS,EQ,288.25,289.7,293.85,281.35,284.35,282.85,285.44,3637436,103828212580000.0,33644.0,1551412,0.4265,277.34499999999997,281.285033996508,62.31563421828915,304.2247106030756,250.46528939692433,-0.018733738074588002,-0.03271812080536918,0.023360205787271823,7.419527830345032,6.953122497942094
2014-09-01,ADANIPORTS,EQ,282.85,285.8,287.55,276.3,285.9,286.5,282.74,3598155,101732863615000.0,38063.0,898684,0.2498,278.64250000000004,281.781697425412,68.10089020771515,304.5980749006044,252.6869250993957,0.012904366271875523,-0.018733738074588002,0.023217347243563724,6.933131307499764,6.949124259853629
2014-09-02,ADANIPORTS,EQ,286.5,285.9,291.5,285.9,288.85,288.85,289.24,2060621,59602409510000.0,19558.0,598226,0.2903,280.12250000000006,282.4548690991823,65.23848019401782,304.76457943634625,255.48042056365387,0.0082024432809773,0.012904366271875523,0.023232128168916826,6.660505754757764,6.891400558834457
2014-09-03,ADANIPORTS,EQ,288.85,290.15,294.95,287.95,289.0,289.1,291.55,2780904,81077485910000.0,34634.0,894902,0.3218,281.30499999999995,283.087738708784,64.60905349794243,305.24219633584676,257.36780366415314,0.000865501125151491,0.0082024432809773,0.01738974232124397,6.390950056686279,6.791310458404822
2014-09-04,ADANIPORTS,EQ,289.1,289.1,292.9,286.4,289.4,289.3,288.43,5686505,164013325235000.0,51707.0,3547109,0.6238,282.48,283.67938264128077,62.86701208981006,305.5021952403335,259.45780475966654,0.0006918021445865286,0.000865501125151491,0.015908017621140993,6.1228827712263865,6.657624920969135
2014-09-05,ADANIPORTS,EQ,289.3,290.8,292.9,286.4,289.9,290.15,290.16,1540290,44693501110000.0,16317.0,409798,0.2661,283.5625,284.29563191353975,65.63876651982382,305.8409029239514,261.2840970760486,0.0029381265122709888,0.0006918021445865286,0.01523555413943088,5.910888370695432,6.508277610914394
2014-09-08,ADANIPORTS,EQ,290.15,289.75,301.5,289.75,299.55,299.8,298.23,3472358,103555334305000.0,34705.0,945266,0.2722,285.245,285.77223839796454,70.09202453987733,307.0643516233406,263.4256483766594,0.033258659314147954,0.0029381265122709888,0.018940044683275536,6.447235910214545,6.4960692707744245
2014-09-09,ADANIPORTS,EQ,299.8,300.8,301.2,293.65,294.4,295.2,296.85,1903788,56513892454999.99,18646.0,729405,0.3831,286.9,286.67012045530123,57.15555555555557,306.203831089622,267.59616891037797,-0.015343562374916742,0.033258659314147954,0.019007755895850006,6.427026878097479,6.482260792239035
2014-09-10,ADANIPORTS,EQ,295.2,291.0,296.75,288.0,293.45,293.45,293.35,3601230,105641438560000.0,28745.0,2016615,0.56,288.07250000000005,287.3158232690821,50.28846153846155,305.8419437610962,270.3030562389039,-0.00592818428184283,-0.015343562374916742,0.018326000400544905,6.198349979679847,6.425478629727198
2014-09-11,ADANIPORTS,EQ,293.45,294.7,295.45,290.1,293.0,293.45,293.25,1911504,56055151420000.01,30559.0,810562,0.424,289.1775,287.9000305767886,46.42487046632125,305.2345192881762,273.1204807118238,0.0,-0.00592818428184283,0.014665795382897008,5.948550700524379,6.330093043886635
2014-09-12,ADANIPORTS,EQ,293.45,294.15,299.9,292.55,293.9,293.5,295.78,2602822,76985594055000.0,43261.0,998528,0.3836,290.13250000000005,288.43336099804685,45.578947368421055,304.6909222323212,275.5740777676789,0.0001703867779860868,0.0,0.012814143505042529,5.68903786699201,6.20188200850771
2014-09-15,ADANIPORTS,EQ,293.5,291.9,294.0,288.5,291.45,291.8,291.9,1273200,37164957530000.0,15768.0,343814,0.27,291.1025,288.7539932839471,48.27201783723521,303.0345212696237,279.1704787303763,-0.005792163543441142,0.0001703867779860868,0.012697704951500424,5.285270970441161,6.018559800894401
2014-09-16,ADANIPORTS,EQ,291.8,291.8,292.8,278.4,279.05,279.7,285.27,2068845,59018039754999.99,20438.0,792529,0.3831,291.4075,287.89170820928547,32.50478011472275,301.64768271834384,281.1673172816562,-0.04146675805346134,-0.005792163543441142,0.018396748737055556,3.943456211371995,5.60353908298992
2014-09-17,ADANIPORTS,EQ,279.7,280.0,284.0,271.8,280.85,282.45,279.59,2458969,68749685020000.01,27856.0,1016029,0.4132,291.1725,287.37345028459157,43.598233995584984,302.02168017760425,280.3233198223958,0.009831962817304252,-0.04146675805346134,0.018822940448846665,3.0666103891797434,5.096153344227885
2014-09-18,ADANIPORTS,EQ,282.45,280.0,296.0,278.15,294.25,294.6,289.34,3210047,92878775775000.0,31105.0,1305431,0.4067,291.245,288.0616931146305,61.28722382324687,302.16894280082033,280.3210571991797,0.04301646309081275,0.009831962817304252,0.023670672082051796,3.313906563938758,4.73970398817006
2014-09-19,ADANIPORTS,EQ,294.6,294.8,295.4,283.6,286.15,284.95,287.37,3571431,102633486825000.0,38629.0,1818572,0.5092,290.6475,287.7653413894276,48.664944013781216,301.5763355906852,279.7186644093148,-0.032756279701290025,0.04301646309081275,0.02609236993824735,2.700091241440134,4.331781438824075
2014-09-22,ADANIPORTS,EQ,284.95,283.9,288.7,282.05,286.0,285.8,285.83,1729402,49430777785000.0,25163.0,740390,0.4281,290.0525,287.5781660190059,47.303271441202476,300.655551943951,279.449448056049,0.002982979470082636,-0.032756279701290025,0.0232080435562165,2.2562177979845615,3.9166687106561726
2014-09-23,ADANIPORTS,EQ,285.8,287.3,288.4,272.1,273.5,273.1,277.69,2629647,73022001875000.0,27891.0,1012044,0.3849,289.04,286.1992930648148,38.405797101449295,301.93657645308775,276.1434235469123,-0.04443666899930021,0.002982979470082636,0.02632821502627667,0.8696364072659435,3.307262249978127
2014-09-24,ADANIPORTS,EQ,273.1,274.8,274.8,261.1,269.5,268.25,267.37,5118762,136862294615000.02,50835.0,2466655,0.4819,287.5525,284.48983658245146,35.7094365241005,302.75442075813635,272.35057924186367,-0.017759062614427057,-0.04443666899930021,0.026517973132317667,-0.6135215074824032,2.5231054984860206
2014-09-25,ADANIPORTS,EQ,268.25,271.0,271.45,264.25,270.85,267.9,268.04,5305786,142216832565000.0,51541.0,3557388,0.6705,286.535,282.90985214602756,34.79152426520852,304.08340223645587,268.9865977635442,-0.0013047530288909925,-0.017759062614427057,0.026474016415120927,-1.79646834658746,1.6591907294713246
2014-09-26,ADANIPORTS,EQ,267.9,269.0,281.75,267.25,280.8,279.95,274.42,3311604,90876729430000.0,60207.0,1707921,0.5157,286.39,282.6279614654535,36.863004632693595,304.11365650761195,268.666343492388,0.044979469951474504,-0.0013047530288909925,0.031472181132965446,-1.741552413161628,0.9790421009447343
2014-09-29,ADANIPORTS,EQ,279.95,281.9,285.7,277.1,281.5,281.45,282.1,4799075,135381791640000.02,56243.0,3337141,0.6954000000000001,286.1375,282.5157746592198,40.51069703243619,303.9979200752103,268.2770799247897,0.0053580996606537035,0.044979469951474504,0.03160950082136379,-1.5590222383902415,0.47142923307773915
2014-09-30,ADANIPORTS,EQ,281.45,278.7,285.85,275.1,278.5,277.55,280.32,2567794,71981501140000.0,41256.0,1012308,0.3942,285.5725,282.0428437392941,39.34316353887403,303.78312370676224,267.36187629323774,-0.01385681293302532,0.0053580996606537035,0.028988459539511614,-1.709358742619031,0.035271637938385114
2014-10-01,ADANIPORTS,EQ,277.55,277.05,283.35,272.5,276.0,275.15,276.97,1937730,53669031335000.0,17826.0,950303,0.4904,284.875,281.38638243078987,38.11688311688314,303.578686661636,266.171313338364,-0.008647090614303798,-0.01385681293302532,0.028852798278809967,-1.9991168727970035,-0.37160606420869263
2014-10-07,ADANIPORTS,EQ,275.15,274.15,275.15,256.5,262.0,259.9,265.06,5687206,150744590615000.0,60969.0,3133617,0.551,283.40500000000003,279.34006029452416,31.778741865509787,305.03652913299015,261.7734708670099,-0.05542431401053971,-0.008647090614303798,0.028486361502484927,-3.4198776087164333,-0.9812603731102407
2014-10-08,ADANIPORTS,EQ,259.9,260.9,264.85,258.55,261.45,261.15,261.56,2156752,56411978079999.99,33318.0,855814,0.3968,281.95500000000004,277.6076735998076,33.29700272479565,305.48717058903424,258.42282941096585,0.0048095421315890174,-0.05542431401053971,0.027929212530863102,-4.394321175505581,-1.663872533589309
2014-10-09,ADANIPORTS,EQ,261.15,262.75,270.7,262.65,269.45,269.8,267.94,2010254,53862567215000.0,34326.0,856332,0.426,280.45500000000004,276.8640856379211,44.394110985277486,303.0016743959197,257.9083256040804,0.03312272640245073,0.0048095421315890174,0.030767703896630066,-4.41766788822639,-2.2146316045167254
2014-10-10,ADANIPORTS,EQ,269.8,268.0,268.0,257.6,259.7,258.9,261.45,1876136,49052165040000.0,21643.0,753078,0.4014,278.64,275.1532203390715,37.791601866251966,302.0178707778338,255.26212922216615,-0.040400296515937906,0.03312272640245073,0.03021904366344612,-5.255131348184534,-2.8227315532502875
2014-10-13,ADANIPORTS,EQ,258.9,257.0,263.8,252.0,259.75,260.5,257.49,2155274,55496636860000.0,32923.0,700161,0.3249,276.99249999999995,273.7576755448742,30.15133876600703,300.6186735993623,253.3663264006376,0.006179992275009649,-0.040400296515937906,0.03003591326040668,-5.723740824240792,-3.402933407448389
2014-10-14,ADANIPORTS,EQ,260.5,263.0,264.5,255.0,259.7,260.15,260.21,3429442,89236633550000.0,48371.0,1421643,0.4145,275.3275,272.4617064453624,33.81201044386427,298.76299882684384,251.89200117315613,-0.0013435700575816778,0.006179992275009649,0.030035741502787205,-6.053577412897539,-3.933062208538219
2014-10-16,ADANIPORTS,EQ,260.15,258.7,262.5,251.05,253.5,252.95,257.39,2214333,56994966325000.0,36377.0,798147,0.3604,273.3,270.6034486886612,30.198915009041613,297.12879726186816,249.47120273813186,-0.027676340572746483,-0.0013435700575816778,0.025750390895366584,-6.817368729789337,-4.509923512788443
2014-10-17,ADANIPORTS,EQ,252.95,254.45,255.55,244.1,250.95,250.35,249.04,3201427,79728837925000.0,34705.0,1351258,0.4221,271.22749999999996,268.67454881355064,34.38572409059714,295.48772247912603,246.9672775208739,-0.010278711207748592,-0.027676340572746483,0.02519729970621446,-7.545497325875033,-5.117038275405761
2014-10-20,ADANIPORTS,EQ,250.35,253.9,261.65,253.5,258.0,258.9,258.29,2122596,54823687470000.01,40595.0,850104,0.4004999999999999,270.1875,267.7436394027363,43.89288047028086,294.7004584419915,245.6745415580085,0.034152186938286366,-0.010278711207748592,0.02895965879622967,-7.347928592598805,-5.563216338844371
2014-10-21,ADANIPORTS,EQ,258.9,260.95,265.0,257.6,261.65,261.9,261.68,1999783,52331237060000.0,24074.0,866385,0.4332,269.15999999999997,267.1871023167614,46.21212121212122,293.2274622019431,245.0925377980568,0.011587485515643037,0.034152186938286366,0.029498789239899296,-6.870084957210395,-5.824590062517576
2014-10-22,ADANIPORTS,EQ,261.9,264.5,269.85,263.2,269.0,269.0,266.32,2777106,73960617770000.0,39092.0,1483046,0.534,267.88,267.3597592389746,42.626262626262644,288.7629671213009,246.9970328786991,0.02710958381061479,0.011587485515643037,0.02485688139982931,-5.851032707749823,-5.829878591564025
2014-10-23,ADANIPORTS,EQ,269.0,270.05,271.4,269.05,269.25,270.0,270.39,296522,8017777765000.001,2933.0,126215,0.4257,267.1325,267.61121074002466,42.23728813559324,286.4547063412696,247.8102936587304,0.0037174721189590088,0.02710958381061479,0.024853992058969664,-4.906179433012937,-5.645138759853808
2014-10-27,ADANIPORTS,EQ,270.0,270.8,270.9,262.65,263.45,263.85,265.61,893003,23719310325000.0,12939.0,280753,0.3144,266.03499999999997,267.25300019335566,40.98684210526318,283.273943061992,248.79605693800795,-0.022777777777777675,0.0037174721189590088,0.023741908490741197,-4.600597187187532,-5.436230445320553
2014-10-28,ADANIPORTS,EQ,263.85,263.5,266.05,260.0,261.5,261.4,261.67,1208043,31611010355000.0,20005.0,563477,0.4664,265.45,266.6955716035123,40.95989480604867,282.4721836684361,248.42781633156386,-0.009285578927421101,-0.022777777777777675,0.019869317341068584,-4.504194035191176,-5.249823163294678
2014-10-29,ADANIPORTS,EQ,261.4,264.0,272.5,262.9,271.95,271.95,267.6,2843234,76083595530000.0,39866.0,1223605,0.4304,265.635,267.19599335555876,58.444288717589345,282.8644759672235,248.40552403277653,0.04035960214231071,-0.009285578927421101,0.023450096761495256,-3.5357392120009763,-4.907006373035939
2014-10-30,ADANIPORTS,EQ,271.95,272.8,274.45,270.1,272.5,271.85,272.34,2122837,57814046375000.0,32307.0,1040930,0.4903,265.8325,267.63923208360075,57.62108262108264,283.2607068709523,248.4042931290477,-0.0003677146534287745,0.04035960214231071,0.02342483322240493,-2.744662194265004,-4.474537537281752
2014-10-31,ADANIPORTS,EQ,271.85,275.8,288.0,274.3,287.05,285.65,282.46,2716153,76720583320000.0,30937.0,1244233,0.4581,266.11749999999995,269.354543313734,60.51758460517582,284.66803623852167,247.56696376147823,0.050763288578259846,-0.0003677146534287745,0.024504058801030106,-0.9927396055059035,-3.7781779509265827
2014-11-03,ADANIPORTS,EQ,285.65,287.4,293.5,283.5,292.7,291.5,289.42,2314825,66996034385000.0,19923.0,1174257,0.5073,266.62,271.4636344267117,73.18634423897583,287.33722903641393,245.90277096358608,0.020479607911780162,0.050763288578259846,0.02322441521089997,0.8578292558353269,-2.850976509574201
2014-11-05,ADANIPORTS,EQ,291.5,292.0,294.6,285.1,290.3,288.75,288.67,1797633,51891744615000.0,36390.0,811968,0.4517,267.17999999999995,273.10995495750103,69.76906927921624,289.670779397224,244.6892206027759,-0.009433962264150941,0.020479607911780162,0.0234393282656314,2.078556093002021,-1.8650699890589564
2014-11-07,ADANIPORTS,EQ,288.75,288.6,295.75,284.05,292.45,292.9,291.22,1615079,47034428370000.0,21157.0,541167,0.3351,268.0675,274.99472115202474,71.7607973421927,293.13566549036824,242.99933450963175,0.01437229437229437,-0.009433962264150941,0.023460776047206915,3.3423328902920844,-0.8235894131887482
2014-11-10,ADANIPORTS,EQ,292.9,292.95,300.95,287.4,290.5,290.7,293.77,5822567,171050969355000.0,65821.0,1525914,0.2621,269.6075,276.49046199468904,76.86832740213525,296.2949753790072,242.92002462099282,-0.007511095937179912,0.01437229437229437,0.023454774758229165,4.1188835674818165,0.16490518294536471
2014-11-11,ADANIPORTS,EQ,290.7,294.0,296.45,289.0,291.35,291.5,292.21,1984726,57994770915000.0,29156.0,613371,0.309,271.125,277.91994180471863,80.05843681519359,299.2028897842535,243.04711021574647,0.002751977984176257,-0.007511095937179912,0.023476483856011515,4.744171037445483,1.0807583538453884
2014-11-12,ADANIPORTS,EQ,291.5,295.6,306.35,295.0,300.65,300.7,301.89,6066400,183137659980000.0,59815.0,2377879,0.392,272.66999999999996,280.0894711566502,80.24602026049206,303.6875909343111,241.6524090656888,0.0315608919382504,0.002751977984176257,0.02180708250315803,5.91390713456866,2.0473881099900426
2014-11-13,ADANIPORTS,EQ,300.7,302.1,304.9,291.3,295.5,294.25,297.46,2585938,76922516910000.0,24980.0,763081,0.2951,274.4375,281.43809295125493,72.29496898690562,306.17170659825746,242.70329340174254,-0.021449950116395056,0.0315608919382504,0.023485858861084334,6.248442172091757,2.8875989224103855
2014-11-14,ADANIPORTS,EQ,294.25,295.25,298.9,292.3,296.75,297.25,296.24,1540791,45644769100000.0,29473.0,424583,0.2756,276.275,282.9439888606592,70.63550036523011,308.8557902718253,243.69420972817463,0.010195412064570863,-0.021449950116395056,0.02129546503983206,6.678651193831001,3.6458093766945088
2014-11-17,ADANIPORTS,EQ,297.25,297.2,297.2,292.4,296.8,296.1,294.72,1170407,34494188450000.0,12280.0,280777,0.2399,278.07250000000005,284.1969423025012,69.0233236151604,310.8735185175597,245.27148148244035,-0.0038687973086626304,0.010195412064570863,0.02149690005892634,6.84786166734375,4.286219834824357
2014-11-18,ADANIPORTS,EQ,296.1,297.0,305.0,296.8,303.2,303.1,302.09,2537080,76641505135000.0,30039.0,649551,0.256,280.58,285.9972335117868,78.25773938084956,312.95946717808454,248.20053282191546,0.023640661938534313,-0.0038687973086626304,0.01681286921602177,7.460800224456648,4.921135912750816
2014-11-19,ADANIPORTS,EQ,303.1,304.7,307.25,296.0,298.55,300.15,303.3,3988326,120967444940000.02,46696.0,1343903,0.337,283.07000000000005,287.3451160344738,77.698355968549,313.2455286004337,252.89447139956638,-0.009732761464863238,0.023640661938534313,0.016650287623945274,7.62067174100423,5.461043078401499
2014-11-20,ADANIPORTS,EQ,300.15,299.95,301.9,292.45,300.3,300.25,296.81,1669583,49555216880000.0,19162.0,361479,0.2165,285.1375,288.5741526026191,73.78151260504205,313.97696263824884,256.29803736175114,0.00033316674995842455,-0.009732761464863238,0.016114288678227985,7.667059148658325,5.902246292452864
2014-11-21,ADANIPORTS,EQ,300.25,300.05,304.75,297.55,301.3,303.05,302.47,3515231,106324712430000.0,22534.0,2071969,0.5894,287.195,289.952804735703,75.08038585209002,314.90346156149866,259.4865384385013,0.009325562031640366,0.00033316674995842455,0.015830902949067145,7.839390489143341,6.289675131790959
2014-11-24,ADANIPORTS,EQ,303.05,302.0,308.75,302.0,304.9,306.3,305.48,3374221,103075381045000.0,40643.0,1730199,0.5128,289.06,291.5096804751599,69.99031945788965,316.6328050612764,261.48719493872363,0.010724302920310125,0.009325562031640366,0.015464500399066645,8.144329397054548,6.660605984843677
2014-11-25,ADANIPORTS,EQ,306.3,306.0,306.8,294.5,299.1,298.7,298.64,2054557,61356414500000.0,26713.0,684027,0.3329,290.495,292.19447281085894,56.74157303370785,316.8516410286964,264.1383589713036,-0.024812275546849616,0.010724302920310125,0.01819427141184781,7.684160969952984,6.865316981865538
2014-11-26,ADANIPORTS,EQ,298.7,297.2,300.6,293.05,296.1,296.8,297.09,1374295,40828594730000.0,17270.0,237968,0.1732,292.1425,292.63309444792,57.65937202664131,315.4265870666231,268.8584129333769,-0.006360897221292183,-0.024812275546849616,0.015189200654462689,7.08449441344942,6.909152468182315
2014-11-27,ADANIPORTS,EQ,296.8,294.55,298.0,289.0,290.3,290.35,292.75,2123941,62177525985000.0,23161.0,917840,0.4321,293.59000000000003,292.4156568814514,47.67547857793988,311.8939426296423,275.28605737035775,-0.02173180592991908,-0.006360897221292183,0.015231154713387157,6.01940529466799,6.731203033479451
2014-11-28,ADANIPORTS,EQ,290.35,290.05,297.85,288.5,288.8,290.25,292.74,1925459,56366554910000.0,25531.0,800560,0.4158,294.505,292.2094038451227,49.57345971563982,309.8435273430141,279.1664726569859,-0.00034441191665235404,-0.02173180592991908,0.014708480527967707,5.108359343546681,6.406634295492897
2014-12-01,ADANIPORTS,EQ,290.25,290.0,292.45,284.0,289.1,289.0,289.02,1974590,57068851035000.0,22616.0,510112,0.2583,295.3625,291.9037463360634,47.650375939849624,306.7862460442697,283.9387539557303,-0.004306632213608941,-0.00034441191665235404,0.01471437694370042,4.236646882200489,5.972636812834416
2014-12-02,ADANIPORTS,EQ,289.0,288.0,291.6,285.0,286.0,286.15,287.33,2280967,65538677900000.0,57927.0,1065664,0.4672,295.3875,291.3557704945336,34.4717182497332,306.72360324767124,284.05139675232874,-0.009861591695501826,-0.004306632213608941,0.011637388977960055,3.278049975080762,5.4337194452836854
2014-12-03,ADANIPORTS,EQ,286.15,285.75,293.0,285.75,290.9,291.25,290.54,1637493,47575065720000.0,20213.0,487545,0.2977,295.375,291.3456971141018,46.703296703296715,306.72968834306687,284.02031165693313,0.017822820199196343,-0.009861591695501826,0.01365733870417426,2.8964934242025606,4.9262742410674605
2014-12-04,ADANIPORTS,EQ,291.25,291.45,293.65,285.0,286.15,286.2,288.72,1869475,53975668895000.01,34784.0,944296,0.5051,295.2475,290.8556307222826,38.380651945320736,306.96682614372156,283.52817385627844,-0.01733905579399142,0.017822820199196343,0.014316889253645935,2.1616956316432834,4.373358519182625
2014-12-05,ADANIPORTS,EQ,286.2,286.55,291.15,283.0,284.0,284.55,287.1,2638164,75742337445000.0,34518.0,1265323,0.4796,294.83,290.25509446301766,37.98126951092614,307.46093112372915,282.1990688762708,-0.005765199161425483,-0.01733905579399142,0.01344435099524823,1.4297407157447424,3.784634958495049
2014-12-08,ADANIPORTS,EQ,284.55,282.6,284.7,276.0,277.2,276.8,279.96,1157284,32399489870000.0,27091.0,449038,0.3879999999999999,294.135,288.9736568951112,23.053278688524642,309.04653209678486,279.2234679032151,-0.02723598664558069,-0.005765199161425483,0.013494563665385593,0.22174480481862702,3.072056927759765
2014-12-09,ADANIPORTS,EQ,276.8,275.05,279.85,266.05,268.85,269.2,272.31,1934181,52668930640000.0,31810.0,705990,0.365,293.02,287.09045147652915,21.047708138447206,311.63593544873163,274.40406455126833,-0.027456647398844014,-0.02723598664558069,0.013838735313880725,-1.3334855505203222,2.190948432103748
2014-12-10,ADANIPORTS,EQ,269.2,269.0,277.6,268.35,274.35,275.25,273.55,1964268,53731723575000.0,33018.0,861907,0.4388,291.7475,285.96278943114544,28.956228956228983,311.5918011838022,271.9031988161978,0.02247399702823194,-0.027456647398844014,0.017309737295667343,-2.054153372503606,1.3419280711822772
2014-12-11,ADANIPORTS,EQ,275.25,273.6,282.5,270.25,277.75,278.1,278.45,3450618,96084079375000.0,37710.0,1556766,0.4512,290.94,285.2139523424649,29.015979814970606,311.6509581978588,270.2290418021412,0.010354223433242549,0.02247399702823194,0.017326485821784643,-2.3680195763651,0.5999385416728018
2014-12-12,ADANIPORTS,EQ,278.1,279.75,287.45,275.55,278.7,277.45,282.14,5222845,147356437760000.0,36399.0,3082847,0.5903,289.95,284.4745283098492,24.626209322779275,311.2747817289943,268.6252182710057,-0.002337288745055899,0.010354223433242549,0.01728906878842142,-2.638792020115659,-0.04780757068489033
2014-12-15,ADANIPORTS,EQ,277.45,275.55,289.45,274.5,288.9,288.05,285.06,2084321,59414890740000.0,21851.0,814961,0.391,289.5475,284.81504942319685,41.102756892230616,310.686600090386,268.40839990961405,0.03820508199675632,-0.002337288745055899,0.021913219139928004,-1.975279923109781,-0.4333020411698685
2014-12-16,ADANIPORTS,EQ,288.05,286.8,286.8,272.0,275.0,274.5,279.11,1933499,53966810070000.01,33574.0,779176,0.4029999999999999,288.1175,283.8326637638448,34.40559440559443,309.26585504365323,266.9691449563468,-0.047040444367297374,0.03820508199675632,0.026437671171196983,-2.5138356314599832,-0.8494087592278915
2014-12-17,ADANIPORTS,EQ,274.5,273.65,278.15,267.55,273.0,273.75,273.67,2231001,61054725110000.0,27705.0,1043255,0.4676,286.7975,282.87241007205,37.386018237082084,308.07881067886353,265.5161893211365,-0.002732240437158473,-0.047040444367297374,0.025343391562094586,-2.966962347330309,-1.272919476848375
2014-12-18,ADANIPORTS,EQ,273.75,278.0,291.0,277.65,289.8,289.95,286.07,3335626,95422019255000.0,41720.0,1879782,0.5635,286.28249999999997,283.5464662556643,49.81684981684981,306.6729589401332,265.89204105986676,0.05917808219178089,-0.002732240437158473,0.03214112983318812,-1.9958569270311841,-1.417506966884937
2014-12-19,ADANIPORTS,EQ,289.95,292.0,293.7,286.1,289.9,289.9,290.02,3204495,92936220360000.0,43783.0,1871391,0.584,285.625,284.1515647075058,50.557620817843855,304.5331018557988,266.7168981442012,-0.00017244352474565794,0.05917808219178089,0.03204406535881066,-1.2162631427281099,-1.3772582020535715
2014-12-22,ADANIPORTS,EQ,289.9,290.6,292.95,285.1,291.0,290.3,290.11,1909478,55396494720000.01,30004.0,932704,0.4885,284.825,284.7371299734577,52.65175718849842,301.2393871424719,268.41061285752806,0.0013797861331494854,-0.00017244352474565794,0.03034364767937707,-0.559700911234529,-1.213746743889763
2014-12-23,ADANIPORTS,EQ,290.3,291.55,295.9,287.0,287.15,288.15,291.69,2092865,61047138090000.0,24127.0,577463,0.2759,284.2975,285.0621652140807,47.94156706507303,299.4651759833744,269.1298240166256,-0.00740613158801251,0.0013797861331494854,0.028556924194821445,-0.21043191606162281,-1.0130837783241349
2014-12-24,ADANIPORTS,EQ,288.15,287.9,287.9,282.0,283.7,283.05,283.98,2631645,74733195890000.0,25887.0,1266423,0.4811999999999999,283.61,284.8705304317873,47.909754479097565,297.59170232839307,269.62829767160696,-0.017699115044247704,-0.00740613158801251,0.02899038524932454,-0.3412276387488191,-0.8787125504090717
2014-12-26,ADANIPORTS,EQ,283.05,284.4,290.0,283.3,290.0,289.2,287.2,1208404,34704921605000.0,15832.0,517848,0.4285,283.5525,285.2828608668552,52.91170945522853,297.4265376622101,269.67846233778994,0.021727609962904015,-0.017699115044247704,0.029521651631344296,0.050784004601666766,-0.6928132394069241
2014-12-29,ADANIPORTS,EQ,289.2,291.45,294.5,287.95,294.35,293.1,292.03,1377996,40241056150000.0,12788.0,660711,0.4795,283.695,286.0273503081071,60.7236842105263,297.91296121293146,269.4770387870685,0.01348547717842341,0.021727609962904015,0.029549786633280103,0.6684480100232122,-0.4205609895208968
2014-12-30,ADANIPORTS,EQ,293.1,293.8,317.1,293.8,316.0,316.0,310.74,8904689,276708244225000.0,161243.0,2670266,0.2999,285.04499999999996,288.8818883740016,75.6297918948521,305.25044220591644,264.8395577940835,0.07813033094506983,0.01348547717842341,0.03632186735675669,2.9715357862364726,0.25785836563057707
2014-12-31,ADANIPORTS,EQ,316.0,316.8,321.3,311.4,320.0,319.05,316.4,3559436,112621288750000.0,38448.0,1363328,0.383,286.69,291.75504186219194,74.80181200452998,311.9891907505233,261.3908092494767,0.009651898734177156,0.07813033094506983,0.030389395159136003,4.985390473739869,1.2033647872524356
2015-01-01,ADANIPORTS,EQ,319.05,319.0,322.5,316.25,318.35,319.55,319.63,1456204,46544083185000.0,16777.0,177991,0.1222,288.105,294.4021807324594,74.11285631180915,317.3379104372343,258.8720895627657,0.0015671524839366846,0.009651898734177156,0.030131253764685947,6.546269326071638,2.271945695016276
2015-01-02,ADANIPORTS,EQ,319.55,319.35,325.8,318.05,319.3,319.35,321.61,2894058,93075294935000.0,36823.0,1036496,0.3581,289.7625,296.7781635198442,74.50292397660819,322.13158653573146,257.3934134642685,-0.0006258801439523731,0.0015671524839366846,0.02629653914207519,7.678624332017421,3.3532814224165053
2015-01-05,ADANIPORTS,EQ,319.35,320.45,327.5,319.35,323.75,323.8,324.37,2099786,68109832600000.0,34920.0,773016,0.3681,291.725,299.35167175604954,72.52678008821675,327.35822665862634,256.0917733413737,0.01393455456395798,-0.0006258801439523731,0.026067357118459016,8.833277122065908,4.449280562346386
2015-01-06,ADANIPORTS,EQ,323.8,321.65,331.45,315.6,321.7,321.85,323.73,3672197,118879291730000.0,44136.0,978986,0.2666,293.9775,301.49436968404484,84.94464944649448,331.2940333048839,256.66096669511614,-0.006022235948116128,0.01393455456395798,0.026485698993916194,9.481699939088912,5.455764437694892
2015-01-07,ADANIPORTS,EQ,321.85,321.95,328.7,317.4,321.75,321.1,323.01,2981544,96305861250000.0,43175.0,996993,0.3344,296.57250000000005,303.36157257127866,84.94464944649448,333.8524152218341,259.292584778166,-0.002330278079850867,-0.006022235948116128,0.026147169392870862,9.821840893291096,6.328979728814133
2015-01-08,ADANIPORTS,EQ,321.1,326.0,337.3,323.55,336.7,334.55,330.87,2932673,97032717805000.0,55031.0,1064595,0.363,299.5375,306.33189899306166,84.30769230769232,339.04320744908125,260.0317925509188,0.04188726253503572,-0.002330278079850867,0.025618388992635497,11.049337756061504,7.273051334263608
2015-01-09,ADANIPORTS,EQ,334.55,339.9,343.1,327.35,331.3,331.15,334.89,3543488,118668961490000.02,44647.0,1569476,0.4429,302.19,308.69552766038913,80.17556693489392,342.7450905364642,261.6349094635358,-0.010162905395307176,0.04188726253503572,0.02693501697158137,11.613908372123092,8.141222741835506
2015-01-12,ADANIPORTS,EQ,331.15,332.15,335.75,325.55,327.45,328.45,329.0,2990475,98385745185000.0,44860.0,1443283,0.4826,304.74,310.5769059784473,76.99929228591648,345.158515819515,264.321484180485,-0.008153404801449438,-0.010162905395307176,0.027830924849956043,11.708498930323856,8.854677979533177
2015-01-13,ADANIPORTS,EQ,328.45,330.2,331.3,320.75,324.0,323.0,326.24,2688701,87717133535000.0,43122.0,1266862,0.4712,306.4875,311.7600577900238,73.56321839080464,346.8898563017875,266.0851436982125,-0.016593088750190277,-0.008153404801449438,0.016592855552398596,11.214420320021588,9.32662644763086
2015-01-14,ADANIPORTS,EQ,323.0,324.0,333.9,322.65,332.8,331.25,328.02,2272652,74548065180000.0,27213.0,865899,0.381,309.325,313.61624276240246,81.25810635538262,348.211115774139,270.438884225861,0.025541795665634748,-0.016593088750190277,0.01806869913824767,11.357641690069443,9.732829496118576
2015-01-15,ADANIPORTS,EQ,331.25,334.0,337.3,326.25,330.0,330.6,330.85,2140699,70825891940000.0,25565.0,912377,0.4261999999999999,312.1675,315.2337434516975,78.9106145251397,348.319420310061,276.01557968993905,-0.0019622641509433603,0.025541795665634748,0.018153694498520327,11.288568499194469,10.043977296733756
2015-01-16,ADANIPORTS,EQ,330.6,329.8,334.6,326.0,331.0,330.85,330.87,1970666,65202464304999.99,49292.0,784469,0.3981,314.2125,316.72100598010724,77.7777777777778,349.69368663831426,278.7313133616857,0.0007562008469450543,-0.0019622641509433603,0.018123594788429,11.125749691538033,10.260331775694613
2015-01-19,ADANIPORTS,EQ,330.85,332.05,334.8,326.6,328.6,328.35,330.58,1362398,45038346905000.0,15876.0,612447,0.4495,316.13500000000005,317.82852922009704,62.98633017875924,350.20828170745403,282.06171829254606,-0.007556294393229579,0.0007562008469450543,0.01804779462626472,10.671965728940677,10.342658566343825
2015-01-20,ADANIPORTS,EQ,328.35,329.0,332.65,326.85,329.7,330.5,330.21,1091657,36047264870000.0,19264.0,387652,0.3550999999999999,318.14500000000004,319.0353359610402,62.27224008574492,350.5009138009493,285.78908619905076,0.006547890970001413,-0.007556294393229579,0.01789967328142831,10.36632911176116,10.347392675427292
2015-01-21,ADANIPORTS,EQ,330.5,330.35,333.5,326.2,328.55,329.35,328.91,1514648,49818026110000.0,19478.0,739341,0.4881,320.205,320.0176849171316,60.35940803382667,349.6338776902039,290.77612230979605,-0.0034795763993947793,0.006547890970001413,0.017939900296999517,9.916997527227181,10.26131364578727
2015-01-22,ADANIPORTS,EQ,329.35,329.05,331.65,327.0,328.8,329.4,329.42,1376133,45332934470000.0,29388.0,686897,0.4992,322.52250000000004,320.9112387345476,60.657476139978776,346.4100319824012,298.63496801759885,0.00015181417944432063,-0.0034795763993947793,0.011507348122030154,9.455931499148107,10.100237216459439
2015-01-23,ADANIPORTS,EQ,329.4,332.0,352.75,330.1,345.3,346.9,342.24,7519790,257354979095000.0,124460.0,2628704,0.3496,325.40749999999997,323.38635885506693,69.18604651162792,346.06932024385026,304.7456797561497,0.05312689738919252,0.00015181417944432063,0.020273470025710037,10.382948924452023,10.156779558057957
2015-01-27,ADANIPORTS,EQ,346.9,348.0,349.45,340.9,344.25,345.15,344.53,2928237,100885469785000.0,49431.0,971955,0.3319,328.01000000000005,325.4590865831558,69.41666666666666,344.15642212281483,311.86357787718526,-0.005044681464398959,0.05312689738919252,0.020074989078148222,10.851319284169278,10.295687503280222
2015-01-28,ADANIPORTS,EQ,345.15,343.4,350.0,333.9,337.65,339.25,342.41,3391819,116140514909999.98,48217.0,814463,0.2401,329.1725,326.77250690856954,63.9293937068304,345.0233002454372,313.3216997545628,-0.017094017094017033,-0.005044681464398959,0.020135802389551895,10.6239590898262,10.361341820589418
2015-01-29,ADANIPORTS,EQ,339.25,340.65,348.4,337.65,343.2,344.15,343.61,4034959,138643294800000.0,77982.0,1905695,0.4723,330.4275,328.4275062506106,58.48056537102473,346.86742172473726,313.98757827526276,0.014443625644804614,-0.017094017094017033,0.019166368337418464,10.715640315456767,10.432201519562888
2015-01-30,ADANIPORTS,EQ,344.15,346.4,352.0,323.5,339.0,341.05,342.31,4373172,149696657630000.0,69132.0,1124543,0.2571,331.5025,329.6296485124572,58.79218472468923,347.75829977471074,315.24670022528926,-0.009007700130756802,0.014443625644804614,0.01953537918681719,10.418061329093803,10.429373481469073
2015-02-02,ADANIPORTS,EQ,341.05,339.5,343.9,333.0,333.9,335.9,337.53,1735161,58566826640000.0,30467.0,451557,0.2602,332.33000000000004,330.22682484460415,56.340425531914896,347.6384221745215,317.0215778254786,-0.015100425157601571,-0.009007700130756802,0.02038830441434583,9.65536484315021,10.2745717538053
2015-02-03,ADANIPORTS,EQ,335.9,336.3,336.95,326.05,328.0,327.8,330.29,1537152,50771209205000.0,49659.0,563214,0.3664,332.53000000000003,329.99569866892756,53.90879478827364,347.46925947575403,317.59074052424603,-0.024114319738017143,-0.015100425157601571,0.02184386164822245,8.301624122332328,9.879982227510707
2015-02-04,ADANIPORTS,EQ,327.8,329.45,333.0,319.25,321.4,321.25,326.59,2792395,91197141540000.0,34847.0,1031201,0.3693,332.5,329.1627749861725,41.62479061976548,347.5316858318375,317.4683141681625,-0.01998169615619283,-0.024114319738017143,0.022565162348219737,6.623888524855829,9.228763486979732
2015-02-05,ADANIPORTS,EQ,321.25,322.0,322.7,308.45,310.0,312.2,316.68,2167857,68651712390000.0,35854.0,829867,0.3828,332.05499999999995,327.54727260653704,36.49045521292212,348.9225303155816,315.1874696844183,-0.028171206225680923,-0.01998169615619283,0.02397760533566512,4.512000082105203,8.285410806004826
2015-02-06,ADANIPORTS,EQ,312.2,311.1,313.95,298.6,299.1,300.2,305.84,3265593,99876018165000.0,50322.0,1658372,0.5078,330.3375,324.9427704535335,30.80776455854722,352.3468730033297,308.3281269966703,-0.038436899423446524,-0.028171206225680923,0.02605719347510352,1.8487028681882407,6.998069218441509
2015-02-09,ADANIPORTS,EQ,300.2,296.7,307.9,292.5,300.0,300.15,301.14,3103409,93455356750000.0,47485.0,1292341,0.4164,328.7875,322.5815542198637,31.782945736434044,354.594616011709,302.98038398829107,-0.00016655562958034498,-0.038436899423446524,0.01509841426321762,-0.262982446056526,5.545858885541902
2015-02-10,ADANIPORTS,EQ,300.15,298.1,319.7,298.1,319.5,317.85,312.54,3921257,122553747459999.98,72815.0,1273566,0.3248,328.2575,322.1309300084481,43.19526627218936,354.52507607072414,301.98992392927585,0.05897051474262893,-0.00016655562958034498,0.0277300408861193,-0.50247398917071,4.33619231059938
2015-02-11,ADANIPORTS,EQ,317.85,319.9,328.9,319.0,326.75,326.1,324.92,2148555,69809880929999.99,32049.0,602315,0.2803,328.4125,322.50893667431023,48.37581209395302,354.5858668368945,302.2391331631055,0.025955639452571955,0.05897051474262893,0.029427887073569838,-0.026263956121511,3.463701057255202
2015-02-12,ADANIPORTS,EQ,326.1,327.7,338.0,326.8,337.1,336.6,334.91,3539194,118531084570000.0,78875.0,1891971,0.5346000000000001,328.68,323.85094270532835,53.257918552036216,355.08381551374555,302.27618448625446,0.03219871205151792,0.025955639452571955,0.03112174573779417,1.1847412145708631,3.007909088718334
2015-02-13,ADANIPORTS,EQ,336.6,337.7,344.35,331.55,335.55,335.35,337.83,2180303,73656758400000.0,32388.0,576911,0.2646,328.91749999999996,324.9460910191066,43.87267904509286,355.47901301571335,302.3559869842866,-0.0037136066547831525,0.03219871205151792,0.031030130646635755,2.0203180153746985,2.8103908740496073
2015-02-16,ADANIPORTS,EQ,335.35,335.1,341.7,329.65,331.8,331.25,335.52,2205960,74014436950000.0,31079.0,770508,0.3493,328.9375,325.5464633030012,42.80538302277434,355.5057413299812,302.3692586700188,-0.012226032503354745,-0.0037136066547831525,0.03090068009497254,2.3248831098463256,2.713289321208951
2015-02-18,ADANIPORTS,EQ,331.25,332.3,335.8,330.0,333.8,333.8,333.29,1227170,40900533165000.0,15234.0,456549,0.372,329.21,326.33251441700105,47.07774798927615,355.8645266225717,302.55547337742826,0.007698113207547097,-0.012226032503354745,0.029873528342729737,2.740426894861457,2.7187168359394525
2015-02-19,ADANIPORTS,EQ,333.8,335.15,341.0,323.7,333.85,333.85,332.53,2643121,87891665960000.0,40343.0,910698,0.3446,329.3775,327.0484654249057,44.17420814479641,356.10815409638815,302.64684590361185,0.00014979029358896945,0.007698113207547097,0.028873259506662502,3.038754055259517,2.7827242798034657
2015-02-20,ADANIPORTS,EQ,333.85,335.05,338.05,326.4,329.4,329.0,332.33,1302901,43298722865000.0,22858.0,449757,0.3452,329.36,327.234325860629,43.31669439822518,356.0911881713539,302.6288118286461,-0.014527482402276526,0.00014979029358896945,0.027460050211812803,2.850961898246453,2.7963718034920633
2015-02-23,ADANIPORTS,EQ,329.0,331.0,332.4,321.2,323.0,323.4,325.63,1737238,56569978704999.99,27903.0,656901,0.3781,329.06,326.86915196914055,43.101545253863144,355.9236439899868,302.19635601001323,-0.017021276595744705,-0.014527482402276526,0.0242979626296957,2.2246180498943886,2.6820210527725283
2015-02-24,ADANIPORTS,EQ,323.4,323.75,336.9,319.25,335.5,334.05,328.11,2330482,76465857475000.0,38937.0,522790,0.2243,328.4175,327.5530422577938,53.354804079441756,354.07205279179647,302.76294720820357,0.03293135435992589,-0.017021276595744705,0.025334663262373807,2.558113689505774,2.6572395801191777
2015-02-25,ADANIPORTS,EQ,334.05,336.0,337.45,326.85,328.9,328.2,331.73,1467120,48669308940000.0,20019.0,451245,0.3076,327.57000000000005,327.614657280861,53.75878853434288,351.9871941144096,303.1528058855905,-0.017512348450830828,0.03293135435992589,0.020302672344791058,2.32358048761148,2.5905077616176384
2015-02-26,ADANIPORTS,EQ,328.2,328.1,332.5,322.5,329.45,327.3,327.35,1775811,58132022045000.01,26453.0,517279,0.2913,326.97249999999997,327.58468992077906,58.95610913404507,350.76306590994614,303.1819340900538,-0.002742230347349106,-0.017512348450830828,0.018726139037644224,2.0415549819950343,2.480717205693118
2015-02-27,ADANIPORTS,EQ,327.3,329.4,349.65,327.8,345.8,346.25,340.61,3025639,103056063970000.0,42343.0,1156749,0.3823,327.0775,329.36233849975247,75.23287671232873,351.20345184922826,302.9515481507717,0.057897952948365417,-0.002742230347349106,0.024446036442781864,3.309010155862552,2.646375795727005
2015-02-28,ADANIPORTS,EQ,346.25,349.9,357.95,326.3,330.9,330.75,346.07,5648235,195467279285000.0,72523.0,1156413,0.2047,326.5625,329.49449673787126,64.33926897844422,349.85805808121995,303.26694191878005,-0.04476534296028878,0.057897952948365417,0.02877900398372803,3.027853837315888,2.7226714040447817
2015-03-02,ADANIPORTS,EQ,330.75,334.5,335.6,325.6,331.1,330.35,330.0,2592113,85540246580000.0,46958.0,804934,0.3105,326.28499999999997,329.5759732390264,56.99105145413869,349.24198724043725,303.3280127595627,-0.0012093726379439618,-0.04476534296028878,0.028511638717550167,2.7411603816190677,2.726369199559639
2015-03-03,ADANIPORTS,EQ,330.35,332.5,339.05,332.0,336.0,336.55,336.0,2016305,67748461115000.0,33294.0,746491,0.3702,326.72249999999997,330.240166263881,55.981682884945606,350.1301342697199,303.31486573028,0.0187679733615862,-0.0012093726379439618,0.02904967559320655,2.979891601439249,2.777073679935561
2015-03-04,ADANIPORTS,EQ,336.55,339.9,343.3,330.1,331.0,332.0,337.57,1846535,62333498775000.0,39442.0,517546,0.2803,327.26,330.4077694768447,47.17444717444716,350.63219670777806,303.8878032922219,-0.013519536473035276,0.0187679733615862,0.02942362038863142,2.7700098893161567,2.77566092181168
2015-03-05,ADANIPORTS,EQ,332.0,332.8,335.4,327.2,332.55,333.05,331.59,1770268,58700292385000.0,35081.0,643786,0.3636999999999999,328.3025,330.65941047904994,48.58374384236453,350.68537585585574,305.9196241441443,0.0031626506024096113,-0.013519536473035276,0.02899314325731286,2.657766269968249,2.752081991442994
2015-03-09,ADANIPORTS,EQ,333.05,331.55,335.9,323.5,323.6,325.0,328.79,1825760,60029880604999.99,49628.0,919969,0.5039,329.5425,330.12041900485474,46.330005871990615,347.7235854577155,311.36141454228454,-0.0241705449632188,0.0031626506024096113,0.029585402734779387,1.8973729354937632,2.581140180253148
2015-03-10,ADANIPORTS,EQ,325.0,325.05,327.9,314.7,318.6,317.55,321.98,1215285,39130144915000.0,19946.0,389268,0.3203,330.4125,328.92323624248763,40.97723486951695,343.670144269577,317.15485573042304,-0.022923076923076935,-0.0241705449632188,0.02809792981761491,0.6856986941192531,2.202051883026369
2015-03-11,ADANIPORTS,EQ,317.55,318.9,318.9,302.2,307.05,307.8,307.87,4828130,148641731265000.0,41867.0,1624636,0.3364999999999999,329.91,326.9114994574888,36.94235588972431,345.6936891158235,314.1263108841766,-0.030703826169107273,-0.022923076923076935,0.029059417150064604,-1.0492107393692436,1.5517993585472465
2015-03-12,ADANIPORTS,EQ,307.8,306.55,312.0,304.0,310.75,310.25,309.75,3431277,106283866715000.0,23606.0,1397326,0.4072,329.1175,325.324689985347,40.3697996918336,347.13959973746313,311.0954002625369,0.007959714100064907,-0.030703826169107273,0.029388762885658778,-2.2010718540469725,0.8012251160284029
2015-03-13,ADANIPORTS,EQ,310.25,312.9,316.3,305.0,306.7,306.25,312.06,4356123,135939151034999.98,40583.0,1978244,0.4540999999999999,327.6,323.5080528438854,41.04438642297651,347.93229217926154,307.2677078207385,-0.012892828364222453,0.007959714100064907,0.019394546912618833,-3.3975320224804477,-0.038526311673367286
2015-03-16,ADANIPORTS,EQ,306.25,306.7,314.75,303.05,314.0,313.3,310.18,1629195,50533772195000.0,27676.0,506479,0.3109,326.4975,322.53585733494396,38.74118285404232,347.4424271587159,305.55257284128413,0.02302040816326545,-0.012892828364222453,0.01850734063494543,-3.7338181143018687,-0.7775846721990676
2015-03-17,ADANIPORTS,EQ,313.3,315.3,320.85,310.3,319.35,319.55,316.95,5158959,163512996165000.0,40768.0,3735232,0.7240000000000001,325.9125,322.2514899697112,45.326850351161546,346.9518834960638,304.8731165039363,0.01994893073731241,0.02302040816326545,0.02015667159837287,-3.4561639912069495,-1.313300536000644
2015-03-18,ADANIPORTS,EQ,319.55,320.05,320.95,312.9,314.3,316.65,318.3,3069180,97692944600000.0,30063.0,1194241,0.3891,325.055,321.7180147345006,44.36805922792171,346.1387403053363,303.97125969466373,-0.009075262087310354,0.01994893073731241,0.018662630003857653,-3.4305812566886402,-1.7367566801382435
2015-03-19,ADANIPORTS,EQ,316.65,316.15,322.65,310.5,311.9,312.9,318.25,1470026,46783130135000.0,20533.0,587576,0.3997,324.0075,320.8782038074053,28.985507246376798,345.33174552869633,302.68325447130366,-0.011842728564661287,-0.009075262087310354,0.01859416334806876,-3.670588159767533,-2.1235229760641015
2015-03-20,ADANIPORTS,EQ,312.9,312.9,316.7,306.5,308.0,308.15,312.24,2049167,63982353060000.0,47376.0,917119,0.4476,322.965,319.6659939209858,33.5276967930029,345.2773072009885,300.65269279901145,-0.015180568871844047,-0.011842728564661287,0.01852169403244061,-4.195715070615506,-2.5379613949743827
2015-03-23,ADANIPORTS,EQ,308.15,308.3,311.25,302.55,303.25,303.85,307.17,1387396,42616420470000.0,36128.0,556813,0.4013,321.9875,318.1597087856538,31.724137931034477,345.876803375971,298.098196624029,-0.01395424306344295,-0.015180568871844047,0.017771850433902683,-4.902344814777109,-3.010838078934928
2015-03-24,ADANIPORTS,EQ,303.85,304.0,309.0,299.0,308.5,307.1,304.18,2447607,74451057125000.0,29690.0,803214,0.3282,320.64,317.1064031870201,28.828181164629783,344.70411611113593,296.57588388886404,0.010696067138390664,-0.01395424306344295,0.017511384397479096,-5.140845670575857,-3.4368395972631136
2015-03-25,ADANIPORTS,EQ,307.1,310.15,315.5,309.2,314.2,314.75,313.29,2456872,76971166680000.0,34077.0,1145244,0.4661,319.96750000000003,316.8819838358753,38.128011011699925,343.89340041202263,296.04159958797743,0.024910452621295986,0.010696067138390664,0.01661508765643069,-4.6588637693290025,-3.6812444316762916
2015-03-26,ADANIPORTS,EQ,314.75,313.55,315.6,303.0,304.95,304.2,307.73,3406327,104822062835000.0,25409.0,2405730,0.7062999999999999,318.8125,315.6741758515062,32.44065733414483,343.46716487299534,294.15783512700466,-0.033518665607625175,0.024910452621295986,0.019911869855963122,-5.069745598616066,-3.9589446650642466
2015-03-27,ADANIPORTS,EQ,304.2,307.8,307.8,295.4,304.85,305.0,302.76,3371344,102070041135000.0,58751.0,1789039,0.5307000000000001,316.75,314.6575876751723,36.64886515353805,338.4667895271869,295.0332104728131,0.002629848783694877,-0.033518665607625175,0.01955185149088935,-5.2700690192984325,-4.221169535911084
2015-03-30,ADANIPORTS,EQ,305.0,306.0,310.0,303.0,308.7,308.55,307.1,3039118,93331531410000.0,71037.0,2021840,0.6653,315.64,314.07591265848924,43.66197183098591,336.6000522297393,294.6799477702607,0.01163934426229507,0.002629848783694877,0.018341426628570388,-5.083768918473481,-4.393689412423564
2015-03-31,ADANIPORTS,EQ,308.55,311.0,315.45,305.05,308.0,308.2,311.23,2590770,80633593435000.0,76709.0,1328199,0.5127,314.5325,313.5163019291093,50.324675324675304,334.5389535640439,294.5260464359562,-0.0011343380327338837,0.01163934426229507,0.016761670031401922,-4.907792840408661,-4.496510098020583
2015-04-01,ADANIPORTS,EQ,308.2,308.45,312.05,306.1,311.05,310.95,309.21,1026200,31731325765000.0,21529.0,361057,0.3518,313.2525,313.27189222157506,50.5654281098546,330.3990655606607,296.1059344393393,0.008922777417261551,-0.0011343380327338837,0.017058134429484853,-4.494617362261977,-4.496131550868862
2015-04-06,ADANIPORTS,EQ,310.95,313.75,323.85,311.45,322.25,321.25,317.72,2039045,64785092954999.99,33035.0,1056801,0.5183,312.71500000000003,314.03171200999645,60.99706744868034,327.95508219344237,297.4749178065577,0.03312429651069304,0.008922777417261551,0.01979046486204661,-3.298031248474615,-4.256511490390013
2015-04-07,ADANIPORTS,EQ,321.25,323.0,325.6,316.65,323.75,323.9,321.59,1913068,61521880340000.0,39616.0,682828,0.3569,312.2575,314.97154896142536,58.307210031347935,325.32124150482866,299.1937584951713,0.0082490272373541,0.03312429651069304,0.018784823882455406,-2.111554592390746,-3.82752011079016
2015-04-08,ADANIPORTS,EQ,323.9,324.3,325.0,318.0,318.15,319.15,321.07,1317175,42290925125000.0,29105.0,506054,0.3842,311.96500000000003,315.36949667938484,49.67897271268055,324.0529714026507,299.87702859734935,-0.014665020067922252,0.0082490272373541,0.018866337011576986,-1.5368329434089105,-3.36938267731391
2015-04-09,ADANIPORTS,EQ,319.15,319.7,320.55,312.0,314.6,316.7,316.5,1503986,47600979695000.0,25485.0,473278,0.3147,311.9225,315.49621128134817,50.040420371867434,323.93352454106383,299.9114754589362,-0.007676641077863033,-0.014665020067922252,0.01915168035980265,-1.2644802788971674,-2.9484021976305614
2015-04-10,ADANIPORTS,EQ,316.7,316.9,323.85,313.5,319.0,319.8,319.87,2127407,68049482179999.99,38382.0,960345,0.4514,312.5225,315.9060959212198,55.63725490196081,324.8608644313914,300.18413556860855,0.009788443321755658,-0.007676641077863033,0.01780054008771587,-0.7893950827253207,-2.5166007746495134
2015-04-13,ADANIPORTS,EQ,319.8,320.5,331.65,319.55,330.65,330.8,327.45,2405161,78757709100000.0,53124.0,1129519,0.4696,313.55,317.3245629763417,66.79021497405489,328.28202740897075,298.8179725910293,0.034396497811131965,0.009788443321755658,0.015685504169930933,0.4693114964147753,-1.9194183204366557
2015-04-15,ADANIPORTS,EQ,330.8,330.5,333.6,324.25,326.7,325.75,329.58,1576904,51971226930000.0,37903.0,415900,0.2637,314.525,318.12698555002345,66.05571847507329,329.79411226867495,299.255887731325,-0.015266021765417248,0.034396497811131965,0.017364189860327034,1.0472803376622437,-1.3260785888168758
2015-04-16,ADANIPORTS,EQ,325.75,328.0,332.4,321.8,326.85,327.5,327.53,1676768,54919131204999.99,31623.0,520392,0.3104,315.235,319.0196535928784,65.29235382308843,331.54909142266536,298.92090857733467,0.005372217958557135,-0.015266021765417248,0.017280522930514564,1.6277712493214835,-0.7353086211892039
2015-04-17,ADANIPORTS,EQ,327.5,327.6,332.0,321.0,325.3,322.75,327.01,1471127,48106893570000.0,23937.0,583711,0.3968,315.39500000000004,319.3749246792709,56.269592476489024,331.9482919289163,298.84170807108376,-0.01450381679389312,0.005372217958557135,0.01838523870622638,1.6851043425095895,-0.2512260284494452
2015-04-20,ADANIPORTS,EQ,322.75,324.5,324.95,308.3,312.55,313.5,315.27,2002115,63121601965000.0,34661.0,973003,0.486,315.2375,318.81540804314983,57.44,331.80045406526676,298.67454593473326,-0.02865995352439965,-0.01450381679389312,0.021085900980783293,0.9729282264317476,-0.006395177473206642
2015-04-21,ADANIPORTS,EQ,313.5,313.95,320.65,310.25,314.45,314.45,316.13,1679188,53084384665000.0,41067.0,745105,0.4437,315.315,318.3996548961832,57.541899441340775,331.8463768649906,298.7836231350094,0.003030303030302939,-0.02865995352439965,0.017901213517152098,0.47965146054247043,0.09081415012992877
2015-04-22,ADANIPORTS,EQ,314.45,316.4,318.25,304.75,314.5,313.7,311.68,2317579,72233395630000.0,60801.0,1100788,0.475,315.59250000000003,317.95206871559435,54.30242272347533,331.8006290520571,299.38437094794295,-0.0023851168707266224,0.003030303030302939,0.01753731444915182,0.027885886577450947,0.07822849741943322
2015-04-23,ADANIPORTS,EQ,313.7,315.0,319.85,313.2,318.55,318.6,317.51,1069160,33947066665000.0,15486.0,320725,0.3,316.33000000000004,318.01377645696635,58.0745341614907,331.60379592979353,301.05620407020655,0.015620019126554086,-0.0023851168707266224,0.01792074444593867,0.06450390256975425,0.07548357844949743
2015-04-24,ADANIPORTS,EQ,318.6,319.0,319.0,312.95,318.85,316.3,316.91,1316393,41718446365000.0,25210.0,606326,0.4606,316.78999999999996,317.850559651541,54.18295543393277,331.43454631737757,302.14545368262236,-0.007219083490270006,0.015620019126554086,0.01789961868415028,-0.09101763934586415,0.042183334890425125
2015-04-27,ADANIPORTS,EQ,316.3,316.75,323.45,304.55,306.5,305.95,313.28,2330507,73009998435000.0,29444.0,1039970,0.4462,316.35,316.7171730180609,38.046875,331.76134237125126,300.9386576287488,-0.03272209927284231,-0.007219083490270006,0.020218939682515032,-1.0374687888313474,-0.1737470898539294
2015-04-28,ADANIPORTS,EQ,305.95,307.0,310.8,298.5,305.8,306.1,304.07,2539436,77216139490000.0,42350.0,949014,0.3737,316.445,315.7060136830075,35.528455284552905,331.56159596879945,301.32840403120053,0.0004902761889198359,-0.03272209927284231,0.015254543635817483,-1.7552015265897012,-0.4900379772010838
2015-04-29,ADANIPORTS,EQ,306.1,308.0,315.4,305.75,313.05,312.85,311.81,1566799,48854591180000.0,25529.0,611704,0.3904,316.8375,315.43401237986393,45.039370078740205,331.0855608098722,302.58943919012773,0.022051617118588718,0.0004902761889198359,0.017566747303702675,-1.7590639105702621,-0.7438431638749194
2015-04-30,ADANIPORTS,EQ,312.85,313.05,319.9,308.7,319.0,317.55,316.67,2916537,92357743485000.0,37294.0,1579630,0.5416,317.2875,315.63553501035307,50.64638783269964,330.99158602147264,303.5834139785274,0.015023174045069476,0.022051617118588718,0.018378642062343634,-1.3671149075856306,-0.8684975126170618
2015-05-04,ADANIPORTS,EQ,317.55,325.55,353.0,321.05,349.0,347.2,336.92,6375610,214807326965000.0,99806.0,2608812,0.4092,319.2375,318.64167453317657,64.84290357529791,337.7517015192242,300.72329848077584,0.09337112265784908,0.015023174045069476,0.034985198173531275,1.3207894669189955,-0.4306401167098504
2015-05-05,ADANIPORTS,EQ,347.2,349.6,351.7,337.95,341.5,342.7,345.03,4219216,145575076405000.0,69978.0,1801098,0.4269,320.825,320.93294362525495,56.93473193473192,341.6480009465676,300.00199905343237,-0.012960829493087522,0.09337112265784908,0.0334843739571977,3.052671361850855,0.26602217900229075
2015-05-06,ADANIPORTS,EQ,342.7,340.35,344.25,329.05,330.5,331.2,334.58,2247751,75205015140000.0,41180.0,759137,0.3377,321.3225,321.9107585180878,52.953929539295395,342.65741023502426,299.9875897649757,-0.03355704697986572,-0.012960829493087522,0.03615382544356519,3.4573916913632843,0.9042960814744896
2015-05-07,ADANIPORTS,EQ,331.2,332.3,332.3,315.4,325.7,322.8,325.78,1709602,55695026020000.01,25325.0,408845,0.2391,321.26750000000004,321.9954481830318,47.62386248736098,342.58009264526163,299.95490735473845,-0.0253623188405796,-0.03355704697986572,0.0374371581736752,3.064994323415874,1.3364357298627665
2015-05-08,ADANIPORTS,EQ,322.8,326.2,340.75,326.2,337.0,335.1,336.13,2097977,70519247420000.0,29665.0,726039,0.3461,322.065,323.24350073702874,55.80084546735557,344.2209567848543,299.9090432151457,0.03810408921933095,-0.0253623188405796,0.038894521909003874,3.7038283590877654,1.8099142557077665
2015-05-11,ADANIPORTS,EQ,335.1,337.6,345.0,337.05,344.5,344.05,342.45,2266220,77605790755000.0,41494.0,1100103,0.4854,323.4325,325.2250720954069,64.39001413094678,347.4888652808568,299.3761347191432,0.026708445240226864,0.03810408921933095,0.03911935225597675,4.87609059946783,2.423149524459779
2015-05-12,ADANIPORTS,EQ,344.05,343.4,343.4,333.15,335.65,334.9,335.61,1550748,52045095370000.0,26427.0,710761,0.4583,324.1875,326.14649380060627,58.9418452120682,348.707199384259,299.667800615741,-0.026594971661095923,0.026708445240226864,0.03843323633183774,5.009047162734589,2.940329052114741
2015-05-13,ADANIPORTS,EQ,334.9,336.45,344.0,334.55,341.65,340.45,339.93,3022877,102757438485000.0,49564.0,1455253,0.4814,324.66999999999996,327.50873248626283,61.22534620226604,350.10045004464877,299.23954995535115,0.01657211107793377,-0.026594971661095923,0.03834012605005473,5.498867294493664,3.4520367005905257
2015-05-14,ADANIPORTS,EQ,340.45,338.4,340.0,330.75,333.8,333.95,334.62,3075816,102922725125000.0,56512.0,1486839,0.4834,325.08,328.12218653519017,56.356107660455464,350.8459587746825,299.31404122531745,-0.01909237773535022,0.01657211107793377,0.03925900939031969,5.301445833114087,3.8219185270952387
2015-05-15,ADANIPORTS,EQ,333.95,335.85,338.65,327.05,329.3,329.0,333.39,1663198,55448746595000.01,23999.0,767388,0.4614,325.155,328.205787817553,55.145867098865466,350.9593223633419,299.350677636658,-0.014822578230273997,-0.01909237773535022,0.03973160683515334,4.691483766983481,3.9958315750728874
2015-05-18,ADANIPORTS,EQ,329.0,330.8,340.55,329.5,339.0,339.35,336.24,1370344,46076037940000.0,18155.0,543618,0.3967,325.985,329.26714135873846,63.53322528363048,352.5211144182931,299.4488855817069,0.03145896656534952,-0.014822578230273997,0.027121503251310877,4.9857700824995845,4.193819276558227
2015-05-19,ADANIPORTS,EQ,339.35,338.3,344.9,335.35,339.3,339.85,341.35,1685421,57532471590000.0,30168.0,556612,0.3303,327.30249999999995,330.27503265790625,63.63636363636363,353.84514641943326,300.75985358056664,0.0014734050390452502,0.03145896656534952,0.026853438307572766,5.199404431322705,4.394936307511124
2015-05-20,ADANIPORTS,EQ,339.85,340.8,344.45,338.55,342.25,343.05,341.89,1660453,56768448854999.99,22360.0,637500,0.3839,328.73249999999996,331.49169621429616,62.562396006655575,355.4407931137936,302.02420688620634,0.009415918787700317,0.0014734050390452502,0.024294075229481557,5.562799953263095,4.628509036661518
2015-05-21,ADANIPORTS,EQ,343.05,344.0,351.0,343.55,348.3,348.4,348.25,2609479,90875046355000.0,43136.0,1045731,0.4007,330.46750000000003,333.10201086055366,62.76375672321058,357.56949594513674,303.3655040548633,0.015595394257396755,0.009415918787700317,0.022195838070369588,6.210898439646428,4.9449869172585
2015-05-22,ADANIPORTS,EQ,348.4,347.55,354.8,346.8,347.7,348.95,350.14,2369700,82971675695000.0,45098.0,1032206,0.4356,331.985,334.6113431595486,50.95367847411444,359.6813630521313,304.2886369478687,0.0015786452353616642,0.015595394257396755,0.019513050271436766,6.691763083512001,5.2943421505092
2015-05-25,ADANIPORTS,EQ,348.95,347.65,350.3,340.35,344.5,342.9,345.25,1420555,49044013945000.0,23721.0,526417,0.3706,333.315,335.4007390491154,50.10718113612004,360.3876527387964,306.2423472612036,-0.01733772746811868,0.0015786452353616642,0.018834513187831692,6.5096283961302674,5.537399399633414
2015-05-26,ADANIPORTS,EQ,342.9,343.05,350.25,343.0,345.25,345.25,346.81,1576396,54670481990000.0,19971.0,712171,0.4518,335.28,336.3387639015806,58.34818775995247,359.5494826783215,311.01051732167844,0.006853310002916446,-0.01733772746811868,0.01643902865790488,6.480210867314042,5.72596169316954
2015-05-27,ADANIPORTS,EQ,345.25,343.0,344.9,336.1,339.8,338.9,339.19,2585896,87712143870000.0,37286.0,1595500,0.617,336.92,336.58269114904914,59.80511571254564,356.9495938945005,316.89040610549955,-0.018392469225199215,0.006853310002916446,0.016981073735088965,5.8767616824316065,5.756121691021954
2015-05-28,ADANIPORTS,EQ,338.9,339.9,340.6,320.55,335.2,333.0,329.49,3394601,111847992415000.02,49597.0,1304186,0.3842,337.9275,336.2414824681873,48.612945838837504,354.60605461993595,321.2489453800641,-0.017409265269991092,-0.018392469225199215,0.01678157958796037,4.866346945758153,5.578166741969193
2015-05-29,ADANIPORTS,EQ,333.0,333.1,334.7,322.55,323.5,323.85,326.12,3711024,121025304184999.98,64254.0,2015006,0.543,338.24249999999995,335.0613412807409,36.69301712779974,353.4759560822613,323.0090439177386,-0.02747747747747742,-0.017409265269991092,0.01840853023776771,3.2893399931421072,5.120401392203776
2015-06-01,ADANIPORTS,EQ,323.85,325.8,325.8,308.25,309.9,311.55,316.88,3889157,123237783445000.0,60039.0,1731656,0.4453,336.46,332.8221659206704,35.23086654016447,355.2159562469234,317.7040437530766,-0.037980546549328476,-0.02747747747747742,0.017709868024109846,1.035111298150639,4.303343373393148
2015-06-02,ADANIPORTS,EQ,311.55,318.1,321.0,306.2,312.15,309.15,313.23,7395219,231639355175000.0,92094.0,3231909,0.437,334.78249999999997,330.5676739282256,29.38076416337286,356.8903760673701,312.67462393262986,-0.007703418391911465,-0.037980546549328476,0.01737789254606705,-0.9342714263941616,3.2558204134356865
2015-06-03,ADANIPORTS,EQ,309.15,311.0,311.8,288.0,298.8,297.25,297.75,24022178,715251708035000.0,146495.0,12622642,0.5255,333.085,327.39456212553745,27.42927429274293,360.8426940495251,305.32730595047485,-0.03849264111272843,-0.007703418391911465,0.01823210264548171,-3.4158758809361984,1.9214811545613095
2015-06-04,ADANIPORTS,EQ,297.25,301.0,316.35,301.0,310.3,311.2,310.06,6343813,196698324955000.0,80177.0,2101953,0.3313,332.505,325.85222287548623,40.1439645625692,361.6191835573351,303.3908164426649,0.046930193439865375,-0.03849264111272843,0.025243045178204023,-4.208405001948506,0.6955039232593465
2015-06-05,ADANIPORTS,EQ,311.2,311.0,315.65,308.7,311.9,311.3,312.72,2533852,79238037295000.0,35295.0,941089,0.3714,331.31499999999994,324.4662968873447,32.479700187382875,361.891446043176,300.73855395682386,0.0003213367609256057,0.046930193439865375,0.025176790940107847,-4.773396136622466,-0.39827608871701603
2015-06-08,ADANIPORTS,EQ,311.3,311.75,313.9,298.25,303.35,302.15,306.35,2647500,81105765630000.0,38783.0,783571,0.296,329.22,322.34093527902616,28.74859075535511,361.7986562354089,296.64134376459117,-0.029392868615483514,0.0003213367609256057,0.025791417422848607,-5.891569861662049,-1.4969348433060228
2015-06-09,ADANIPORTS,EQ,302.15,303.45,311.35,301.2,305.9,306.55,306.95,2724447,83627953530000.0,39626.0,949672,0.3486,327.8025,320.8370366810237,29.699666295884327,361.77766856392407,293.82733143607595,0.014562303491643336,-0.029392868615483514,0.026531262866532256,-6.349494348668372,-2.467446744378493
2015-06-10,ADANIPORTS,EQ,306.55,307.0,314.25,306.05,312.65,312.95,312.35,2282770,71301649655000.0,38577.0,1078919,0.4725999999999999,326.4275,320.08589033045,30.511269928532187,360.4733124018939,292.3816875981061,0.020877507747512514,0.014562303491643336,0.028248950197445492,-6.125366874400754,-3.1990307703829455
2015-06-11,ADANIPORTS,EQ,312.95,320.0,320.3,302.55,303.5,304.25,309.98,3718393,115261315545000.0,78191.0,1666382,0.4481,324.9425,318.5777102989786,27.44702320887994,360.1769220897646,289.7080779102354,-0.0277999680460137,0.020877507747512514,0.028835814266276023,-6.573980769212085,-3.874020770148774
2015-06-12,ADANIPORTS,EQ,304.25,303.0,313.05,300.0,312.1,312.05,308.53,2854243,88061506340000.0,48204.0,1366131,0.4786,324.095,317.9560236038378,34.70500743678734,359.7316000504761,288.45839994952394,0.02563681183237465,-0.0277999680460137,0.02984939550144586,-6.228319509942253,-4.34488051810747
2015-06-15,ADANIPORTS,EQ,312.05,310.1,317.0,308.1,309.25,310.05,312.26,3154460,98500554860000.0,61053.0,1469295,0.4658,322.63,317.2030689749009,32.48756218905474,358.0343321761872,287.2256678238128,-0.0064092292901778425,0.02563681183237465,0.027338191863131262,-6.046068443449428,-4.685118103175862
2015-06-16,ADANIPORTS,EQ,310.05,310.0,315.0,303.25,312.6,313.2,307.18,4130581,126882781025000.0,58959.0,2355282,0.5702,321.2975,316.8218243106246,36.7934224049332,355.9714774258164,286.62352257418365,0.010159651669085612,-0.0064092292901778425,0.027373160399369247,-5.583096030175,-4.86471368857569
2015-06-17,ADANIPORTS,EQ,313.2,312.0,315.0,308.4,311.0,311.0,312.4,4251580,132820235720000.0,75821.0,2730095,0.6421,319.69500000000005,316.2673648524699,38.24786324786324,353.0743491154057,286.3156508845944,-0.007024265644955285,0.010159651669085612,0.023825913490686714,-5.332241905470767,-4.958219331954705
2015-06-18,ADANIPORTS,EQ,311.0,312.3,313.7,309.35,310.5,311.0,311.3,2616024,81438066415000.0,41090.0,1669622,0.6382,317.825,315.7657110569965,42.39194789816458,348.5154665464998,287.1345334535002,0.0,-0.007024265644955285,0.018665504908892912,-5.074937484058978,-4.98156296237556
2015-06-19,ADANIPORTS,EQ,311.0,311.95,313.25,303.0,304.95,304.6,306.68,3438440,105449888225000.0,46504.0,2334929,0.6790999999999999,315.60749999999996,314.7023100039492,45.5760661998727,343.0678498846828,288.1471501153171,-0.02057877813504816,0.0,0.01977429252811972,-5.32605296604055,-5.050460963108558
2015-06-22,ADANIPORTS,EQ,304.6,306.0,314.5,304.1,311.3,311.05,310.64,3121416,96963391330000.0,38518.0,1620164,0.519,314.015,314.35447095595407,51.15012106537533,338.32443286700703,289.70556713299294,0.021175311884438663,-0.02057877813504816,0.018408634312849587,-4.947570190202271,-5.029882808527301
2015-06-23,ADANIPORTS,EQ,311.05,311.05,318.4,311.05,315.85,316.05,315.78,2683470,84739406560000.0,39143.0,1233727,0.4598,312.555,314.5159499125299,62.417437252311764,331.9830833087664,293.1269166912336,0.01607458607940848,0.021175311884438663,0.018519504189052675,-4.195795135739729,-4.863065273969786
2015-06-24,ADANIPORTS,EQ,316.05,316.9,318.0,309.75,310.85,311.55,313.14,2241106,70178230570000.01,40294.0,994392,0.4437,311.1875,314.23347849228895,50.264150943396245,326.1431493462558,296.2318506537442,-0.01423825344091123,0.01607458607940848,0.0181224815394014,-3.9179566157393992,-4.674043542323709
2015-06-25,ADANIPORTS,EQ,311.55,310.8,316.45,308.1,312.2,312.55,312.47,5190167,162178022715000.0,47946.0,3508966,0.6761,310.16499999999996,314.07314720730903,50.9307520476545,321.0963696353663,299.23363036463365,0.003209757663296342,-0.01423825344091123,0.015332443869088457,-3.5758557055881965,-4.4544059749766065
2015-06-26,ADANIPORTS,EQ,312.55,311.0,315.35,309.0,310.7,311.2,311.65,2127770,66312869065000.0,30335.0,910075,0.4277,309.5325,313.79951413994627,57.62426284751476,318.3986553407362,300.66634465926387,-0.004319308910574415,0.003209757663296342,0.013145407686987978,-3.3747697423006002,-4.238478728441406
2015-06-29,ADANIPORTS,EQ,311.2,306.6,307.5,300.85,306.6,306.65,304.1,1890624,57494520765000.0,30827.0,689728,0.3647999999999999,309.2875,313.11860803137995,50.08403361344536,318.1896508341206,300.38534916587946,-0.014620822622107954,-0.004319308910574415,0.013816091697375348,-3.541727808188739,-4.099128544390872
2015-06-30,ADANIPORTS,EQ,306.65,305.0,309.4,305.0,307.85,307.9,307.71,2632153,80993286805000.0,56300.0,1540516,0.5853,309.225,312.6215977426771,45.354185832566685,318.14874124986187,300.3012587501382,0.004076308495026826,-0.014620822622107954,0.013396901118311592,-3.5324587394893,-3.9857945834105584
2015-07-01,ADANIPORTS,EQ,307.9,308.8,312.7,306.5,311.0,311.3,310.77,2854143,88698576630000.0,37795.0,1932899,0.6772,309.9275,312.4957312909936,57.18654434250766,316.8753110903446,302.9796889096554,0.011042546281260224,0.004076308495026826,0.01379995949349736,-3.2137156373516405,-3.831378794198775
2015-07-02,ADANIPORTS,EQ,311.3,312.45,319.0,311.9,318.5,316.05,315.32,8669541,273367239485000.0,43805.0,7232864,0.8343,310.16999999999996,312.8342330728038,54.34782608695652,317.62487477389675,302.71512522610317,0.015258592997108966,0.011042546281260224,0.014598074047285518,-2.5484472167325976,-3.5747924787055396
2015-07-03,ADANIPORTS,EQ,316.05,319.95,325.75,319.0,320.9,320.8,322.37,5189498,167291508140000.0,49536.0,3365179,0.6485,310.64500000000004,313.59287754206053,61.02564102564103,319.4849749939964,301.8050250060037,0.015029267520961787,0.015258592997108966,0.012788435380835158,-1.6192660072250078,-3.1836871844094334
2015-07-06,ADANIPORTS,EQ,320.8,316.95,321.1,316.25,320.5,320.1,319.08,2853145,91037834125000.0,32435.0,1773993,0.6218,311.54249999999996,314.2126034904357,57.451403887689025,320.3958237885555,302.6891762114444,-0.00218204488778051,0.015029267520961787,0.011642059799793563,-0.9286623130840326,-2.7326822101443535
2015-07-07,ADANIPORTS,EQ,320.1,321.8,334.7,321.6,333.05,333.05,328.56,7877450,258824599455000.03,84167.0,5489205,0.6968000000000001,312.86749999999995,316.00664125325136,69.32515337423314,325.63956140884517,300.09543859115473,0.0404561074664167,-0.00218204488778051,0.016315198742702274,0.6560404366056787,-2.0549376807943474
2015-07-08,ADANIPORTS,EQ,333.05,329.4,329.4,318.9,321.2,320.65,323.14,6546522,211541149675000.0,96249.0,4163928,0.6361,313.2525,316.44886589579886,56.947444204463615,326.4907410582192,300.0142589417808,-0.03723164689986502,0.0404561074664167,0.020475661345880265,0.9009666315295703,-1.463756818329564
2015-07-09,ADANIPORTS,EQ,320.65,323.4,323.4,312.6,316.0,315.15,317.31,3521086,111726231875000.0,59573.0,1999596,0.5679,313.7975,316.3251643819133,57.695113056163336,326.3552183227454,301.23978167725465,-0.01715265866209259,-0.03723164689986502,0.021449745782616533,0.6438465092444403,-1.0422361528147632
2015-07-10,ADANIPORTS,EQ,315.15,318.75,321.55,315.2,316.0,317.1,317.58,2531442,80392974650000.0,48893.0,1288295,0.5089,314.05,316.3989582503025,54.72287275565964,326.66273374932285,301.43726625067717,0.006187529747739395,-0.01715265866209259,0.021415600741243532,0.5906173933886976,-0.7156654435740711
2015-07-13,ADANIPORTS,EQ,317.1,319.0,322.0,313.6,321.9,321.4,317.95,1890469,60106863354999.99,19991.0,890266,0.4709,314.6175,316.8752479407499,54.222573007103364,327.49110723175994,301.7438927682401,0.013560391043834663,0.006187529747739395,0.020818686379815515,0.8852029306140139,-0.3954917687364541
2015-07-14,ADANIPORTS,EQ,321.4,322.3,322.75,314.0,314.4,315.9,317.66,1960113,62264353190000.0,18318.0,1189423,0.6068,314.75249999999994,316.782367184488,53.37995337995335,327.6201450632355,301.8848549367644,-0.0171126322339763,0.013560391043834663,0.021959376233412986,0.6671693437608042,-0.18295954623700245
2015-07-15,ADANIPORTS,EQ,315.9,315.9,320.75,315.1,320.0,319.65,317.38,2112588,67048912729999.99,30203.0,1115947,0.5282,315.185,317.0554750716796,55.29061102831592,328.10296382846025,302.26703617153976,0.01187084520417847,-0.0171126322339763,0.021995514296184165,0.7878875381776425,0.011209870645926545
2015-07-16,ADANIPORTS,EQ,319.65,325.0,329.0,322.75,326.5,326.9,325.86,3075862,100229182315000.0,54030.0,1468196,0.4773,315.97999999999996,317.99304887437677,60.753424657534225,329.7429326740049,302.217067325995,0.022681057406538363,0.01187084520417847,0.022577617787912688,1.4518361231118888,0.29933512113911903
2015-07-17,ADANIPORTS,EQ,326.9,329.7,330.7,320.1,329.95,329.3,328.01,2556255,83846519590000.0,52398.0,1555544,0.6085,317.21500000000003,319.06990136253137,65.98447424135497,331.11047824974696,303.3195217502531,0.0073416947078619454,0.022681057406538363,0.0222744621549577,2.1469316113297623,0.6688544191772476
2015-07-20,ADANIPORTS,EQ,329.3,328.0,330.5,325.6,330.0,328.8,326.96,1847655,60411341200000.0,33608.0,1189191,0.6436000000000001,318.1025,319.9965774232426,64.90727532097006,332.59462036353864,303.6103796364614,-0.0015183723048891595,0.0073416947078619454,0.022258813316281986,2.627169596556598,1.0605174546531178
2015-07-21,ADANIPORTS,EQ,328.8,330.5,331.25,321.0,322.0,322.65,325.57,1927178,62743544604999.99,18505.0,1108859,0.5754,318.4325,320.2492843353147,57.789979409746024,333.0280391526865,303.8369608473135,-0.01870437956204385,-0.0015183723048891595,0.018756801974087543,2.4828868830270494,1.3449913403279041
2015-07-22,ADANIPORTS,EQ,322.65,322.4,325.4,320.0,324.6,324.5,323.12,1703725,55049960304999.99,26339.0,1092396,0.6412000000000001,319.08,320.6541143986181,56.04002859185131,333.5383030233668,304.6216969766332,0.005733767240043486,-0.01870437956204385,0.01447949000325137,2.4891282113669035,1.573818714535704
2015-07-23,ADANIPORTS,EQ,324.5,325.7,333.35,325.0,330.4,331.35,330.6,3000343,99191715800000.0,50378.0,1716361,0.5721,320.02000000000004,321.6727701701783,57.32130464954892,335.12100728601695,304.91899271398313,0.021109399075500912,0.005733767240043486,0.014115699363621862,3.012090753953771,1.8614731224193175
2015-07-24,ADANIPORTS,EQ,331.35,330.4,330.4,322.0,325.0,323.9,324.96,2337434,75957314345000.0,19476.0,1367968,0.5852,320.655,321.88488729682797,52.41116751269033,335.2541311925966,306.05586880740333,-0.02248377848196781,0.021109399075500912,0.01657176503264015,2.7931914268756373,2.047816783310582
2015-07-27,ADANIPORTS,EQ,323.9,322.2,322.7,312.75,313.5,313.95,316.54,2359169,74677045100000.0,27311.0,1417561,0.6009000000000001,321.02,321.12918374474907,37.401055408971,334.4641691528419,307.57583084715804,-0.0307193578264896,-0.02248377848196781,0.018957260877204434,1.7961256700266404,1.9974785606537937
2015-07-28,ADANIPORTS,EQ,313.95,313.9,317.1,312.2,313.05,313.45,314.13,2415757,75886903245000.0,37715.0,1563385,0.6472,321.2975,320.3978329119158,44.36619718309861,333.797372630918,308.797627369082,-0.0015926102882624082,-0.0307193578264896,0.018219890004102242,0.9545940865121452,1.788901665825464
2015-07-29,ADANIPORTS,EQ,313.45,314.7,316.3,313.5,315.1,314.7,314.28,2000338,62867558165000.0,22242.0,1377978,0.6889000000000001,321.46750000000003,319.85518215840005,49.622799664710826,333.47777082387637,309.4572291761237,0.0039878768543626375,-0.0015926102882624082,0.017784349734868993,0.38411100442510815,1.507943533545393
2015-07-30,ADANIPORTS,EQ,314.7,316.0,319.95,315.1,318.35,318.35,318.3,3092912,98447894685000.0,28143.0,2105199,0.6807,321.5825,319.7118314766477,51.018744906275465,333.41711804243056,309.7478819575694,0.011598347632666206,0.0039878768543626375,0.016407856714566023,0.22394208251165537,1.2511432433386456
2015-07-31,ADANIPORTS,EQ,318.35,319.8,326.5,317.5,325.4,325.0,322.78,3265863,105414533995000.0,28453.0,2501201,0.7659,321.79249999999996,320.2154665741098,52.82574568288856,333.71736455841483,309.8676354415851,0.020888958693262127,0.011598347632666206,0.017812173768686795,0.6263858948870507,1.1261917736483267
2015-08-03,ADANIPORTS,EQ,325.0,326.0,331.9,324.0,330.95,330.7,329.69,2834386,93447782175000.0,34828.0,1898968,0.67,322.32250000000005,321.2139935670518,61.58059467918621,334.8572716373174,309.7877283626827,0.017538461538461503,0.020888958693262127,0.018764716462683087,1.3892534299972112,1.1788041049181037
2015-08-04,ADANIPORTS,EQ,330.7,332.25,340.3,329.6,340.25,339.15,336.3,4458398,149937607900000.0,61932.0,2561641,0.5746,322.6275,322.922184655904,64.21282798833816,336.48806408815307,308.76693591184693,0.025551859691563372,0.017538461538461503,0.018888849331873896,2.6451837959098157,1.472080043116446
2015-08-05,ADANIPORTS,EQ,339.15,342.0,344.0,337.55,339.2,339.85,341.09,2486133,84798557680000.0,31849.0,1450307,0.5834,323.5875,324.5343575458179,60.43513295729252,339.3943564403554,307.78064355964455,0.002063983488132193,0.025551859691563372,0.018912125815081806,3.654870734491908,1.9086381813915385
2015-08-06,ADANIPORTS,EQ,339.85,341.0,348.4,335.3,347.0,346.75,342.56,2426994,83138854335000.0,27178.0,1337571,0.5511,325.1675,326.65013301764475,63.1104432757325,343.5333801213354,306.8016198786646,0.020303074885978933,0.002063983488132193,0.018836404389721173,4.954712401648976,2.517853025443026
2015-08-07,ADANIPORTS,EQ,346.75,345.95,347.7,338.0,339.25,339.55,341.28,1883328,64274123650000.0,23501.0,1026643,0.5451,326.28999999999996,327.8786917778691,57.337883959044355,345.3122750313442,307.2677249686557,-0.020764239365537063,0.020303074885978933,0.01856645156449915,5.3422839368671475,3.08273920772785
2015-08-10,ADANIPORTS,EQ,339.55,339.1,344.25,337.0,337.55,338.55,340.18,4031354,137137776665000.02,55949.0,1934312,0.4798,327.1475,328.89500684664347,61.674008810572694,346.7781011115217,307.51689888847824,-0.002945074363127631,-0.020764239365537063,0.014216115646114809,5.505284040677793,3.567248174317839
2015-08-11,ADANIPORTS,EQ,338.55,340.4,340.4,328.95,332.65,331.8,333.77,3016995,100699486585000.0,68561.0,1709404,0.5666,327.9425,329.17167286124885,55.0,346.93258813481646,308.95241186518354,-0.01993797075764292,-0.002945074363127631,0.01653741844739552,5.031790856590078,3.860156710772287
2015-08-12,ADANIPORTS,EQ,331.8,330.0,330.95,320.35,322.7,322.2,324.57,1449050,47032098135000.0,24857.0,646635,0.4462,328.07,328.5077040173204,43.96039603960394,346.8588376716684,309.28116232833156,-0.02893309222423157,-0.01993797075764292,0.019882932637480262,3.8376661014605133,3.8556585889099324
2015-08-13,ADANIPORTS,EQ,322.2,328.0,338.0,328.0,337.2,334.7,333.42,4693354,156486739480000.0,64381.0,2417798,0.5152,328.46,329.0974464918613,56.68316831683168,347.4691003137054,309.4508996862946,0.038795779019242804,-0.02893309222423157,0.02289257777574063,3.85551518389218,3.855629907906382
2015-08-14,ADANIPORTS,EQ,334.7,340.0,365.8,340.0,363.35,363.75,359.06,13845397,497127662730000.0,133729.0,8512533,0.6148,330.1825,332.3976896831126,74.92492492492492,354.898705529756,305.466294470244,0.08679414400956076,0.038795779019242804,0.03445824896859084,6.142940930140412,4.313092112353188
2015-08-17,ADANIPORTS,EQ,363.75,364.0,365.0,356.6,359.0,358.3,359.68,3561590,128104446670000.0,80216.0,2188293,0.6144,331.65749999999997,334.86457637995903,71.38769670958513,359.36613963687097,303.948860363129,-0.014982817869415799,0.08679414400956076,0.03538361412084371,7.43032074922229,4.936537839727009
2015-08-18,ADANIPORTS,EQ,358.3,361.65,372.8,361.65,362.9,363.45,366.77,4140901,151875668940000.0,73574.0,1827337,0.4413,333.6975,337.5869976771058,72.41379310344828,364.4539195267414,302.9410804732586,0.0143734300865197,-0.014982817869415799,0.0349624418103368,8.76510185250038,5.702250642281683
2015-08-19,ADANIPORTS,EQ,363.45,360.0,368.2,355.05,365.85,365.5,364.39,2272302,82801126290000.0,49387.0,1121660,0.4936,335.7475,340.24537885071476,72.00186654223052,369.26435318415304,302.23064681584697,0.0056403907002338105,0.0143734300865197,0.034919186613715264,9.874516086094275,6.536703731044201
2015-08-20,ADANIPORTS,EQ,365.5,366.95,374.8,358.55,370.0,368.55,369.66,5891117,217770891855000.03,70939.0,3318975,0.5634,337.60749999999996,342.94105705540863,71.02848865282473,374.09405520223794,301.120944797762,0.008344733242134028,0.0056403907002338105,0.03464845328921372,10.874490017416065,7.404260988318574
2015-08-21,ADANIPORTS,EQ,368.55,360.55,367.15,356.35,364.15,365.05,362.44,4288543,155433847245000.0,61391.0,2340755,0.5458,339.665,345.0466706691792,66.94622594967933,377.5124931381425,301.81750686185757,-0.009496676163342821,0.008344733242134028,0.033831896830721554,11.254817285347315,8.174372247724323
2015-08-24,ADANIPORTS,EQ,365.05,348.55,349.7,325.4,335.0,334.6,337.43,6795047,229283667910000.0,101793.0,3627534,0.5338,340.69750000000005,344.0517496530669,48.15565464126471,376.67154729728094,304.72345270271916,-0.0834132310642377,-0.009496676163342821,0.04453796469013493,8.995474634463164,8.338592725072091
2015-08-25,ADANIPORTS,EQ,334.6,338.0,349.3,325.65,344.9,344.8,338.44,5152340,174376425375000.0,72165.0,2449062,0.4753,342.265,344.1230115908701,51.86300338727888,375.8957832044839,308.63421679551607,0.03048416019127309,-0.0834132310642377,0.04491793220300445,7.9364970631498295,8.258173592687639
2015-08-26,ADANIPORTS,EQ,344.8,344.0,355.25,336.25,348.2,347.85,348.42,4493391,156558556795000.0,70735.0,2419465,0.5384000000000001,343.9225,344.4779628679301,50.426356589147304,375.0040815319288,312.8409184680712,0.008845707656612634,0.03048416019127309,0.04332984465724308,7.2596742131106,8.05847371677223
2015-08-27,ADANIPORTS,EQ,347.85,356.8,362.85,347.95,355.15,356.55,356.0,14512261,516641286755000.0,91791.0,10525803,0.7253000000000001,345.83250000000004,345.627680690032,56.513409961685824,374.9288784145334,316.73612158546666,0.02501078050883998,0.008845707656612634,0.0424710504332328,7.3406856643549645,7.914916106288778
2015-08-28,ADANIPORTS,EQ,356.55,360.5,369.45,357.0,365.15,362.65,364.15,5905591,215053268100000.0,63095.0,3584614,0.6070000000000001,347.71500000000003,347.248853957648,58.88643067846606,375.99668646798307,319.433313532017,0.017108399943906782,0.02501078050883998,0.03249937308789386,7.807111323713286,7.89335514977368
2015-08-31,ADANIPORTS,EQ,362.65,365.0,372.4,345.2,348.65,355.45,356.9,30058587,1072781324355000.0,215588.0,22416516,0.7458,348.9525,348.0299154854911,58.69165747886806,376.2481421237343,321.6568578762657,-0.019853853577829872,0.017108399943906782,0.03278730567142819,7.509215628638287,7.816527245546602
2015-09-01,ADANIPORTS,EQ,355.45,344.95,354.75,339.0,341.95,342.25,345.56,3654461,126283284034999.98,79376.0,1720902,0.4709,349.10749999999996,347.47944734401574,57.178660938059444,376.2032420426478,322.01175795735213,-0.037136024757349784,-0.019853853577829872,0.034240617765901496,6.137255005674888,7.48067279757226
2015-09-02,ADANIPORTS,EQ,342.25,344.0,347.45,332.95,333.7,334.55,338.66,4886043,165470949575000.0,63074.0,2908579,0.5953,348.8425,346.24807140649045,49.94438264738599,376.41886812466385,321.2661318753361,-0.022498173849525127,-0.037136024757349784,0.03438416665254057,4.378171839470781,6.8601726059519645
2015-09-03,ADANIPORTS,EQ,334.55,337.5,344.75,336.1,340.3,339.4,340.11,2448672,83282565090000.0,35083.0,1024768,0.4185,348.475,345.5958741296819,38.99683687302302,376.36292419290265,320.5870758070974,0.014497085637423357,-0.022498173849525127,0.03476720361509178,3.3369736683482074,6.1555328184312135
2015-09-04,ADANIPORTS,EQ,339.4,338.0,342.65,330.0,339.4,339.35,334.92,2104869,70495679485000.0,36092.0,898125,0.4267,348.46500000000003,345.0010289744741,40.99762470308788,376.3665392897319,320.56346071026815,-0.00014731879787843738,0.014497085637423357,0.03483751953920671,2.4792033215331344,5.420266919051598
2015-09-07,ADANIPORTS,EQ,339.35,340.9,345.5,321.3,322.25,322.65,331.16,2580631,85460942110000.0,47612.0,1199220,0.4647,347.67,342.8723595483337,32.53424657534245,377.593840170104,317.74615982989604,-0.04921172830411091,-0.00014731879787843738,0.027343349314158365,0.4467142655209386,4.425556388345466
2015-09-08,ADANIPORTS,EQ,322.65,323.65,327.35,311.7,317.1,317.55,318.41,4788058,152457412760000.0,58391.0,2487048,0.5194,346.9575,340.4607062580162,29.995828118481413,379.070872767835,314.84412723216496,-0.01580660158066005,-0.04921172830411091,0.024789352069119003,-1.5576200577423833,3.2289210991278963
2015-09-09,ADANIPORTS,EQ,317.55,323.5,327.6,320.15,324.0,324.05,324.24,2070584,67137278015000.0,37958.0,803912,0.3883,347.05,338.8977818524909,31.954582319545793,378.87245152486287,315.22754847513716,0.02046921744607144,-0.01580660158066005,0.025909965195894908,-2.5916982875613144,2.0647972217900543
2015-09-10,ADANIPORTS,EQ,324.05,319.1,328.0,314.8,325.65,326.2,321.78,2432225,78263383735000.0,52258.0,1111352,0.4569,346.625,337.6884692951108,34.071340713407096,379.35600091736035,313.89399908263965,0.006634778583551881,0.02046921744607144,0.023986855961442663,-3.2008285441139606,1.0116720686092515
2015-09-11,ADANIPORTS,EQ,326.2,329.0,334.0,320.5,323.65,322.95,326.72,2528750,82619747790000.0,39318.0,1045827,0.4136,344.58500000000004,336.2848055527193,43.85224274406329,377.9025171249006,311.26748287509946,-0.009963212752912343,0.006634778583551881,0.022226797252929444,-3.9008499297992216,0.029167668927556956
2015-09-14,ADANIPORTS,EQ,322.95,324.4,331.2,323.0,329.45,329.95,327.09,2471856,80850723040000.0,51081.0,1262372,0.5107,343.1675,335.6814907381746,41.88967777170942,376.4404268008446,309.89457319915545,0.021675181916705366,-0.009963212752912343,0.024239853031166936,-3.846441044740061,-0.7459540738059667
2015-09-15,ADANIPORTS,EQ,329.95,330.4,334.9,326.9,332.0,332.8,330.46,2164523,71528079295000.0,30947.0,1032693,0.4771,341.63500000000005,335.4070630488246,41.76245210727968,373.7787576816148,309.4912423183853,0.008637672374602223,0.021675181916705366,0.022182523609363007,-3.5326284875599754,-1.3032889565567685
2015-09-16,ADANIPORTS,EQ,332.8,337.65,337.65,331.1,334.85,334.2,333.92,1854497,61925026240000.0,24692.0,931329,0.5022,340.07000000000005,335.2921046632223,36.7043426531826,370.31307489239487,309.82692510760523,0.0042067307692306155,0.008637672374602223,0.021097988109047994,-3.1348251622757175,-1.6695961977005584
2015-09-18,ADANIPORTS,EQ,334.2,340.0,351.2,335.0,337.3,339.7,343.0,11182333,383557122740000.0,65941.0,7776453,0.6954000000000001,338.6275,335.71190421910586,36.249251048532045,365.74116862516814,311.51383137483185,0.01645721125074795,0.0042067307692306155,0.021255135872394252,-2.348684948309142,-1.8054139478222753
2015-09-21,ADANIPORTS,EQ,339.7,335.8,337.3,331.5,333.0,332.9,333.15,2001172,66668150035000.0,43389.0,1023493,0.5114,337.02,335.44410381728625,36.42384105960262,361.1901947817786,312.8498052182214,-0.020017662643509015,0.01645721125074795,0.022208507987885574,-2.248447630263456,-1.8940206843105114
2015-09-22,ADANIPORTS,EQ,332.9,335.5,335.55,317.1,318.0,319.1,322.81,2640588,85242136045000.0,46550.0,1255733,0.4756,336.245,333.8875225013542,36.16258218768678,361.7016690672532,310.7883309327468,-0.041453890057074116,-0.020017662643509015,0.020428256297994298,-3.2451454850108803,-2.1642456444505855
2015-09-23,ADANIPORTS,EQ,319.1,312.75,316.6,309.25,311.75,310.85,312.58,3910066,122220244284999.98,56982.0,2020905,0.5168,334.5475,331.6934727393205,35.92636579572445,362.04788229398713,307.0471177060129,-0.025853964274522134,-0.041453890057074116,0.021462884865045474,-4.647172060838557,-2.66083092772818
2015-09-24,ADANIPORTS,EQ,310.85,313.0,313.3,300.35,301.45,301.85,304.39,10386968,316165709755000.0,95850.0,6672027,0.6423000000000001,332.2475,328.8512372403376,28.749292586304477,362.6090316685903,301.8859683314097,-0.028952871159723337,-0.025853964274522134,0.021424454265568216,-6.410615422973251,-3.4107878267771943
2015-09-28,ADANIPORTS,EQ,301.85,304.6,312.0,302.75,307.6,307.2,307.93,3282892,101091484535000.0,44775.0,1666342,0.5075999999999999,329.78,326.78921464601973,32.835024025627305,359.84537438386167,299.7146256161383,0.01772403511677978,-0.028952871159723337,0.022462562263420558,-7.292394519540551,-4.187109165329866
2015-09-29,ADANIPORTS,EQ,307.2,304.0,304.95,293.0,298.0,297.4,298.64,5666979,169239444045000.0,69469.0,3276932,0.5783,326.51750000000004,323.99024182258927,35.44668587896251,355.71303453598307,297.321965464017,-0.03190104166666674,0.01772403511677978,0.023941875070590063,-8.681909258793723,-5.086069184022637
2015-09-30,ADANIPORTS,EQ,297.4,302.95,303.5,294.0,299.0,299.0,297.39,5296746,157519298525000.0,74229.0,3280409,0.6193,323.69500000000005,321.6102187918665,38.858858858858845,352.0149557686188,295.3750442313813,0.005379959650302801,-0.03190104166666674,0.02219227388009848,-9.543985943293592,-5.977652535876829
2015-10-01,ADANIPORTS,EQ,299.0,302.95,307.1,298.5,305.35,305.05,302.37,4450444,134570162370000.0,45309.0,2705501,0.6079,321.83500000000004,320.033055097403,38.526570048309175,349.90915181264944,293.76084818735063,0.020234113712374713,0.005379959650302801,0.023513500865996226,-9.628017693904155,-6.707725567482295
2015-10-05,ADANIPORTS,EQ,305.05,310.0,319.65,309.05,318.2,317.85,314.76,5465126,172022054175000.0,85585.0,3587693,0.6565000000000001,321.0,319.82514508812653,45.53237025147139,348.4686998906737,293.5313001093263,0.041960334371414554,0.020234113712374713,0.028307835599914368,-8.563050915107226,-7.078790637007282
2015-10-06,ADANIPORTS,EQ,317.85,319.85,320.95,313.0,315.75,315.8,316.79,3585046,113570020845000.0,55957.0,2005276,0.5593,319.82,319.44179793687636,46.124661246612476,345.95586767159375,293.68413232840624,-0.006449583136699744,0.041960334371414554,0.02732032867016261,-7.794623371433147,-7.221957183892456
2015-10-07,ADANIPORTS,EQ,315.8,315.8,319.5,312.1,313.75,314.55,315.95,1851446,58497195229999.99,53203.0,933715,0.5043,318.58000000000004,318.9759124190786,41.09826589595377,343.11889286739705,294.04110713260303,-0.003958201393286842,-0.006449583136699744,0.02693501533436389,-7.203466482555314,-7.218259043625027
2015-10-08,ADANIPORTS,EQ,314.55,314.1,322.4,312.15,321.3,320.75,318.81,3186244,101580078590000.0,30808.0,1692038,0.531,318.485,319.1448731410711,43.294379521424595,342.9722061117145,293.9977938882855,0.01971069782228585,-0.003958201393286842,0.024669127061693052,-6.163631695171716,-7.007333573934365
2015-10-09,ADANIPORTS,EQ,320.75,323.0,324.7,315.95,317.05,318.55,320.82,1322859,42439966390000.0,18730.0,412612,0.3119,318.535,319.0882185562072,41.367898510755666,343.0182509881156,294.05174901188445,-0.00685892439594693,0.01971069782228585,0.023069078152362095,-5.454204078900659,-6.696707674927625
2015-10-12,ADANIPORTS,EQ,318.55,322.0,324.25,318.0,321.0,320.75,321.24,1229567,39498598330000.0,24206.0,485554,0.3949,318.37,319.24648345561604,39.15283342873497,342.74097929051356,293.99902070948644,0.006906294145346159,-0.00685892439594693,0.020214520383550615,-4.660729974085427,-6.289512134759186
2015-10-13,ADANIPORTS,EQ,320.75,320.0,325.3,319.1,322.6,323.55,323.18,1271687,41097790130000.0,27315.0,666102,0.5238,318.2375,319.6563421741288,44.39112177564489,342.4575846406385,294.0174153593615,0.008729540140296255,0.006906294145346159,0.01984521104111077,-3.7625866728872666,-5.784127042384803
2015-10-14,ADANIPORTS,EQ,323.55,323.0,328.4,321.3,325.0,324.5,325.75,1676790,54621995960000.0,26385.0,879103,0.5243,318.31499999999994,320.11764291944985,53.82978723404254,342.60838441459896,294.0216155854009,0.0029361767887496892,0.008729540140296255,0.015053795342149475,-2.940251189921412,-5.215351871892125
2015-10-15,ADANIPORTS,EQ,324.5,325.2,331.0,325.0,328.8,329.0,328.93,1970502,64814927015000.0,39544.0,902908,0.4582,318.2675,320.96358168902606,63.59550561797751,342.4686368806402,294.0663631193598,0.013867488443759735,0.0029361767887496892,0.015075099100404178,-1.9034897580829124,-4.552979449130283
2015-10-16,ADANIPORTS,EQ,329.0,330.45,330.9,320.05,323.3,323.7,323.27,1561900,50491560135000.0,25417.0,700529,0.4485,317.8125,321.22419295673785,67.32751784298173,341.19143507546596,294.43356492453404,-0.016109422492401215,0.013867488443759735,0.016562901949409507,-1.4923121148124778,-3.940845982266722
2015-10-19,ADANIPORTS,EQ,323.7,323.3,324.7,315.6,317.85,317.7,318.52,1396880,44494030880000.0,21792.0,640665,0.4586,316.9875,320.88855553228666,58.241758241758234,339.0595321960361,294.9154678039639,-0.01853568118628357,-0.016109422492401215,0.012564192331664463,-1.631790461369178,-3.4790348780872136
2015-10-20,ADANIPORTS,EQ,317.7,319.3,319.3,308.7,309.9,309.85,312.85,5636626,176340248600000.0,52250.0,3278985,0.5817,315.495,319.8372645292117,60.08097165991907,334.98650692237425,296.00349307762576,-0.02470884482215918,-0.01853568118628357,0.014746716140877924,-2.3486832917328115,-3.2529645608163333
2015-10-21,ADANIPORTS,EQ,309.85,309.0,314.8,309.0,314.5,314.2,312.75,2184160,68308553340000.0,27897.0,906155,0.4149,314.56000000000006,319.3003821930963,61.78294573643411,332.24658724629364,296.8734127537065,0.01403905115378401,-0.02470884482215918,0.015531664703929408,-2.536577295103257,-3.1096871076737185
2015-10-23,ADANIPORTS,EQ,314.2,317.3,318.0,313.05,314.25,314.15,314.97,1598163,50337755400000.0,36241.0,937026,0.5863,314.3125,318.8098696032776,57.77777777777776,331.8696510397126,296.7553489602874,-0.0001591343093571007,0.01403905115378401,0.013916546050926053,-2.6588694368310826,-3.0195235735051913
2015-10-26,ADANIPORTS,EQ,314.15,315.3,317.0,311.6,316.25,316.35,314.67,1674155,52681251105000.0,31081.0,755976,0.4516,314.5875,318.5755963077274,48.43423799582463,332.08850373060494,297.086496269395,0.007003024033105376,-0.0001591343093571007,0.014067167605268518,-2.548883286483033,-2.92539551610076
2015-10-27,ADANIPORTS,EQ,316.35,315.8,316.65,310.35,311.5,311.3,311.97,2983187,93066169420000.0,49825.0,1950354,0.6537999999999999,315.06,317.8826823736581,45.579567779960705,331.59674059400413,298.5232594059959,-0.01596333175280551,0.007003024033105376,0.014561014372765888,-2.836513701036722,-2.9076191530879525
2015-10-28,ADANIPORTS,EQ,311.3,309.0,310.75,298.25,301.2,300.65,303.42,6552757,198826825970000.0,88249.0,4293162,0.6552,314.7325,316.2414745285478,38.47429519071308,332.16010287890924,297.3048971210908,-0.03421137166720212,-0.01596333175280551,0.01689780043675946,-3.8791128725413273,-3.1019178969786276
2015-10-29,ADANIPORTS,EQ,300.65,300.85,303.35,298.15,300.1,300.1,300.58,4435704,133328757240000.02,54301.0,2575054,0.5805,314.86749999999995,314.7041912401147,31.10704483074109,331.7635062238237,297.9714937761762,-0.0018293696989853947,-0.03421137166720212,0.01664599394788077,-4.6956323046599096,-3.420660778514884
2015-10-30,ADANIPORTS,EQ,300.1,301.8,302.75,294.35,295.5,296.25,298.92,3247944,97088780775000.0,53401.0,1892279,0.5826,314.72999999999996,312.94664921724666,30.19538188277086,332.2045649746233,297.25543502537664,-0.012829056981006448,-0.0018293696989853947,0.01485402052046805,-5.588966534329302,-3.8543219296777673
2015-11-02,ADANIPORTS,EQ,296.25,293.1,302.7,290.1,295.2,295.55,296.37,7004865,207604915470000.0,113411.0,2435838,0.3477,314.255,311.2898254822708,27.007299270073005,333.28472467095446,295.22527532904553,-0.0023628691983121897,-0.012829056981006448,0.014895806205506236,-6.281020799348653,-4.339661703611945
2015-11-03,ADANIPORTS,EQ,295.55,298.35,301.5,290.3,291.25,291.2,294.78,3207025,94536843240000.0,45210.0,1186971,0.3701,312.9225,309.37650876967365,21.29547471162377,334.45933442016985,291.3856655798302,-0.014718321772965726,-0.0023628691983121897,0.014670228263326483,-7.0986585192429175,-4.89146106673814
2015-11-04,ADANIPORTS,EQ,291.2,293.45,295.2,287.55,289.2,289.45,290.54,2575040,74814604375000.0,55093.0,1386363,0.5384000000000001,311.605,307.4787460297047,19.335083114610683,335.4958901378467,287.71410986215335,-0.006009615384615419,-0.014718321772965726,0.013532750192988231,-7.7979626186559585,-5.472761377121704
2015-11-05,ADANIPORTS,EQ,289.45,289.2,292.95,283.0,283.8,284.1,288.35,2305175,66469176375000.0,43778.0,1066325,0.4626,310.0825,305.2521987887805,11.293103448275886,336.8865506561725,283.27844934382745,-0.018483330454309832,-0.006009615384615419,0.011789446309652526,-8.683765401744097,-6.114962182046183
2015-11-06,ADANIPORTS,EQ,284.1,284.5,287.9,281.3,285.0,285.05,284.84,2510273,71501955740000.0,78367.0,1466991,0.5844,308.2975,303.3281798565157,13.979496738117419,336.81075591996847,279.78424408003156,0.003343892995424147,-0.018483330454309832,0.012159144802567877,-9.203026665967059,-6.732575078830358
2015-11-09,ADANIPORTS,EQ,285.05,277.95,283.5,274.4,276.15,276.05,278.43,5642736,157111149370000.0,100788.0,3503760,0.6209,306.1725,300.73025796541896,13.239187996469553,337.64931644772764,274.6956835522724,-0.03157340817400456,0.003343892995424147,0.012420832642956778,-10.222926212968332,-7.430645305657953
2015-11-10,ADANIPORTS,EQ,276.05,276.0,276.6,262.45,266.0,265.6,267.49,5013279,134101275640000.02,77214.0,2792157,0.557,303.41499999999996,297.38451911156955,12.658227848101262,338.9197824799294,267.91021752007055,-0.03785546096721604,-0.03157340817400456,0.014641182473630462,-11.739110459616484,-8.29233833644966
2015-11-11,ADANIPORTS,EQ,265.6,266.95,268.95,266.4,267.7,267.5,267.47,255406,6831280670000.0,4386.0,105881,0.4146,300.6125,294.5383744342772,8.890845070422557,338.2120223233901,263.0129776766099,0.007153614457831248,-0.03785546096721604,0.014658677019383299,-12.641658112008997,-9.162202291561528
2015-11-13,ADANIPORTS,EQ,267.5,266.5,268.95,261.6,267.8,267.35,265.73,4675141,124232789570000.0,60321.0,2943236,0.6296,297.755,291.9490054405365,8.875219683655558,336.38322665793237,259.1267733420676,-0.0005607476635512976,0.007153614457831248,0.01475698746176693,-13.216683673148339,-9.973098567878889
2015-11-16,ADANIPORTS,EQ,267.35,267.0,273.25,266.6,272.65,272.1,270.3,2383616,64428884029999.99,28083.0,1211602,0.5083,294.91,290.0586239700092,12.783851976450762,332.20741912899575,257.6125808710043,0.017766972133906878,-0.0005607476635512976,0.01736642932898321,-13.13766741850651,-10.606012338004414
2015-11-17,ADANIPORTS,EQ,272.1,275.8,276.4,269.55,270.25,270.75,272.77,2545418,69430502045000.01,40635.0,1256139,0.4935,292.2625,288.2197074014369,13.632286995515642,328.4560422416731,256.06895775832686,-0.004961411245865577,0.017766972133906878,0.01728648053683605,-13.033735396567636,-11.091556949717058
2015-11-18,ADANIPORTS,EQ,270.75,270.4,272.4,265.7,267.05,267.3,268.56,2005924,53870283425000.0,32408.0,872740,0.4351,289.7425,286.2273543155858,15.653964984551976,325.4943387454967,253.99066125450332,-0.012742382271468067,-0.004961411245865577,0.017219808807098207,-13.078988252352644,-11.489043210244176
2015-11-19,ADANIPORTS,EQ,267.3,268.15,271.5,265.35,271.3,270.75,269.16,2036037,54801529879999.99,32596.0,764635,0.3756,287.7875,284.7533205712443,21.47716229348876,323.18415275581276,252.39084724418728,0.01290684624017957,-0.012742382271468067,0.01850190765080913,-12.690180794607613,-11.729270727116864
2015-11-20,ADANIPORTS,EQ,270.75,268.1,273.5,268.1,270.3,269.7,271.23,3352666,90934497485000.0,27714.0,2235636,0.6668000000000001,285.5625,283.3196709930305,22.713257965056457,319.534343991905,251.590656008095,-0.0038781163434903343,0.01290684624017957,0.018021110876409317,-12.324702805837433,-11.848357142860978
2015-11-23,ADANIPORTS,EQ,269.7,274.4,278.9,273.4,275.9,276.5,276.61,3246402,89799173305000.0,43515.0,1133286,0.3490999999999999,283.68,282.67017851750376,32.602739726027366,315.05520643672617,252.30479356327385,0.02521319985168713,-0.0038781163434903343,0.020330558812583603,-11.355457056164653,-11.749777125521714
2015-11-24,ADANIPORTS,EQ,276.5,276.5,277.0,269.5,270.25,270.25,271.86,2730094,74221184680000.0,44747.0,1271259,0.4656,281.375,281.48730437297957,31.509267431597507,309.2192756093663,253.53072439063368,-0.022603978300180794,0.02521319985168713,0.019082221013567355,-10.965245063615782,-11.592870713140528
2015-11-26,ADANIPORTS,EQ,270.25,271.5,272.5,267.05,268.2,268.0,269.2,5489324,147771969925000.0,60715.0,3845527,0.7005,279.21000000000004,280.2027991946006,31.233595800524924,303.8006828740148,254.61931712598528,-0.008325624421831601,-0.022603978300180794,0.014688577456156086,-10.714050538813979,-11.417106678275218
2015-11-27,ADANIPORTS,EQ,268.0,269.0,271.7,267.55,267.6,268.25,269.3,3022945,81408476670000.0,43848.0,1881393,0.6224000000000001,277.59000000000003,279.06443736654336,34.77425552353502,300.44097256941745,254.73902743058264,0.000932835820895539,-0.008325624421831601,0.014529728723484446,-10.375205249709325,-11.208726392562038
2015-11-30,ADANIPORTS,EQ,268.25,268.5,269.2,264.25,268.0,267.7,267.1,4828780,128978792670000.0,60459.0,3532372,0.7315,275.97,277.98210999830115,33.204259438528524,296.5863808146481,255.35361918535193,-0.00205032618825729,0.000932835820895539,0.014548009154249837,-10.035366857963936,-10.974054485642418
2015-12-01,ADANIPORTS,EQ,267.7,269.0,269.35,261.1,263.0,263.25,264.13,5104457,134825088905000.0,74107.0,3256409,0.638,274.32000000000005,276.57905190322487,36.411889596602954,293.32131297402117,255.31868702597893,-0.016623085543518767,-0.00205032618825729,0.013994942958703946,-10.009734307645317,-10.781190450042997
2015-12-02,ADANIPORTS,EQ,263.25,263.7,265.8,260.05,260.2,261.4,262.59,3928835,103166640060000.0,57933.0,2292505,0.5835,272.6125,275.13342791244156,44.54545454545448,289.6133629811882,255.61163701881188,-0.00702754036087383,-0.016623085543518767,0.014038802968563344,-10.023159126539383,-10.629584185342274
2015-12-03,ADANIPORTS,EQ,261.4,259.95,262.95,256.85,256.85,258.85,259.78,5427457,140996209455000.0,38574.0,3577157,0.6591,270.995,273.5826252541138,38.95274584929759,286.6523473588494,255.3376526411506,-0.009755164498852165,-0.00702754036087383,0.013848890680427363,-10.122871914829147,-10.52824173123965
2015-12-04,ADANIPORTS,EQ,258.85,255.0,257.9,254.55,255.8,255.55,255.73,3911817,100037612460000.0,61978.0,2411128,0.6164000000000001,269.3,271.86523237276964,36.05200945626477,283.8455726669806,254.7544273330194,-0.01274869615607499,-0.009755164498852165,0.012893155189009489,-10.34888196930308,-10.492369778852336
2015-12-07,ADANIPORTS,EQ,255.55,257.85,258.9,254.5,255.15,255.1,256.04,2699537,69120042540000.0,25740.0,1467033,0.5434,267.85,270.268543575363,27.631578947368396,281.95878785497666,253.7412121450234,-0.0017609078458228344,-0.01274869615607499,0.012943438729113176,-10.443916832844764,-10.48267918965082
2015-12-08,ADANIPORTS,EQ,255.1,255.0,255.0,250.05,250.05,251.05,252.39,2741462,69192161015000.0,57273.0,1522022,0.5552,266.15,268.43820609199514,25.7985257985258,279.7156299444359,252.58437005556408,-0.015876127009015972,-0.0017609078458228344,0.007493581431228737,-10.722432274846426,-10.530629806689943
2015-12-09,ADANIPORTS,EQ,251.05,249.0,251.3,243.65,243.85,244.0,246.5,4226145,104175940505000.0,33906.0,2594302,0.6139,264.5475,266.1107578927575,23.7020316027088,280.54340325841406,248.55159674158597,-0.02808205536745667,-0.015876127009015972,0.008660527739720422,-11.380842580974843,-10.700672361546925
2015-12-10,ADANIPORTS,EQ,244.0,245.1,249.45,242.15,245.95,246.9,246.71,4531790,111805618290000.02,56019.0,2618819,0.5779,263.61250000000007,264.28116190297106,22.742857142857176,281.4315871938203,245.79341280617987,0.011885245901639419,-0.02808205536745667,0.011133919594185892,-11.535655868329286,-10.867669062903397
2015-12-11,ADANIPORTS,EQ,246.9,247.95,250.4,238.75,241.3,241.15,243.9,3975604,96963608485000.0,56405.0,2276009,0.5725,262.29499999999996,262.0781941026881,20.53663570691438,282.6236393776683,241.9663606223316,-0.023288780882948612,0.011885245901639419,0.01157393204863565,-11.984177322885301,-11.090970714899779
2015-12-14,ADANIPORTS,EQ,241.15,239.8,255.5,239.15,254.9,254.55,251.04,4625481,116119222225000.0,66588.0,1876225,0.4056,261.65500000000003,261.3612232357654,30.063578564940983,282.1190609233263,241.1909390766738,0.055567074434998975,-0.023288780882948612,0.02396956682438329,-11.130065330609966,-11.098789638041817
2015-12-15,ADANIPORTS,EQ,254.55,256.6,257.4,251.1,251.6,252.1,253.03,3908369,98893919405000.0,52458.0,1977984,0.5061,260.655,260.4792019752163,32.29268292682927,280.92369247723616,240.3863075227638,-0.009624828128069196,0.055567074434998975,0.023685559151948192,-10.529492512381637,-10.98493021290978
2015-12-16,ADANIPORTS,EQ,252.1,253.7,254.5,249.0,251.85,251.65,252.45,2954754,74592790630000.0,81360.0,1364545,0.4618,259.7,259.63832559662427,33.46814964610719,279.76481602470346,239.6351839752965,-0.0017850059500197357,-0.009624828128069196,0.023670866994637996,-9.974861472318025,-10.78291646479143
2015-12-17,ADANIPORTS,EQ,251.65,253.0,257.65,252.0,256.0,256.3,254.76,2430145,61909673229999.99,40078.0,990396,0.4075,259.15,259.32038982551717,38.90436397400187,278.9388059797755,239.36119402022445,0.018478044903635915,-0.0017850059500197357,0.024516740592148548,-9.055707677711837,-10.437474707375511
2015-12-18,ADANIPORTS,EQ,256.3,256.0,261.25,253.55,261.0,260.2,259.16,3384209,87704429640000.0,35661.0,1828240,0.5402,258.6225,259.4041622230869,43.44405594405594,277.6574394811901,239.58756051880988,0.015216543113538705,0.018478044903635915,0.024587519619706556,-7.921262879342748,-9.93423234176896
2015-12-21,ADANIPORTS,EQ,260.2,261.55,262.6,257.95,260.3,260.6,260.38,1249639,32538107890000.0,18804.0,459484,0.3677,258.16749999999996,259.51805153517387,47.50705550329259,276.5099808917196,239.82501910828034,0.001537279016141646,0.015216543113538705,0.024552474324299023,-6.910273218177906,-9.329440517050749
2015-12-22,ADANIPORTS,EQ,260.6,261.3,261.3,256.35,256.65,257.6,258.85,1992099,51566026850000.0,23598.0,1358271,0.6818000000000001,257.22249999999997,259.3353799603954,46.50092081031312,273.40892950128114,241.03607049871877,-0.011511895625479607,0.001537279016141646,0.024228109069169314,-6.2787539882831425,-8.719303211297227
2015-12-23,ADANIPORTS,EQ,257.6,259.0,260.25,255.85,256.4,257.3,257.87,1924064,49616652605000.0,19757.0,704118,0.366,256.575,259.14153424988154,48.511047070124874,271.5585523860402,241.59144761395973,-0.0011645962732920179,-0.011511895625479607,0.021782931264848444,-5.736352836789763,-8.122713136395735
2015-12-24,ADANIPORTS,EQ,257.3,257.2,261.3,254.45,257.8,258.1,257.77,1660435,42801756550000.0,18039.0,446633,0.269,256.08000000000004,259.0423405117976,52.5731584258325,270.0972975847308,242.06270241526929,0.003109211037699122,-0.0011645962732920179,0.02167499834297857,-5.18220546354803,-7.534611601826194
2015-12-28,ADANIPORTS,EQ,258.1,259.0,263.0,257.1,261.9,262.0,260.75,2392484,62383319360000.0,24704.0,1261322,0.5272,255.7675,259.32402236781684,56.509433962264154,268.89269774286953,242.6423022571305,0.015110422316931382,0.003109211037699122,0.019463330965350623,-4.377876832506217,-6.9032646479621995
2015-12-29,ADANIPORTS,EQ,262.0,263.3,266.4,261.7,263.4,263.55,264.11,1721015,45454087015000.0,30215.0,568064,0.3301,255.56,259.72649642802475,62.376237623762364,268.0044703424942,243.11552965750582,0.00591603053435108,0.015110422316931382,0.010293273281262555,-3.5741677702084758,-6.237445272411454
2015-12-30,ADANIPORTS,EQ,263.55,264.4,265.0,261.05,261.05,261.75,262.67,1410867,37059026120000.0,17061.0,655214,0.4644,255.48499999999999,259.91921105392714,69.61325966850826,267.75113223473295,243.21886776526705,-0.006829823562891302,0.00591603053435108,0.009927901289691395,-3.0473396698873785,-5.599424151906639
2015-12-31,ADANIPORTS,EQ,261.75,262.5,262.95,259.2,260.7,260.9,260.75,2727837,71128420670000.0,22549.0,1948665,0.7144,255.46000000000004,260.0126195249817,66.20370370370364,267.6773129959931,243.24268700400702,-0.0032473734479465666,-0.006829823562891302,0.010029681697653127,-2.6676613614319535,-5.013071593811702
2016-01-01,ADANIPORTS,EQ,260.9,261.0,268.3,260.1,267.15,267.55,265.19,1347893,35744779740000.0,16568.0,405124,0.3006,255.89499999999998,260.73046528450726,79.93197278911558,269.192324622089,242.59767537791095,0.025488692985818462,-0.0032473734479465666,0.011339869146608991,-1.8093075714861584,-4.372318789346593
2016-01-04,ADANIPORTS,EQ,267.55,264.45,266.5,257.0,257.0,257.95,262.15,2536252,66488789404999.99,37362.0,1331790,0.5251,256.015,260.46565906693513,54.21836228287837,269.3424982846094,242.68750171539054,-0.0358811437114559,0.025488692985818462,0.016323029834299667,-1.8820012395173649,-3.874255279380748
2016-01-05,ADANIPORTS,EQ,257.95,259.2,260.3,254.25,254.7,255.7,256.82,2815055,72296295210000.0,36455.0,1547519,0.5497,256.045,260.0117867748461,54.48877805486283,269.36652591227937,242.72347408772066,-0.008722620662919178,-0.0358811437114559,0.016485115196273332,-2.0969948399461487,-3.5188031914938285
2016-01-06,ADANIPORTS,EQ,255.7,253.0,257.3,250.55,251.2,251.8,253.85,2029467,51517295795000.0,41766.0,738511,0.3639,256.08250000000004,259.2297118439084,50.17221584385764,269.3489307261026,242.81606927389748,-0.015252248728979234,-0.008722620662919178,0.016770589087701165,-2.5526508535020866,-3.3255727238954806
2016-01-07,ADANIPORTS,EQ,251.8,245.65,247.5,241.5,244.9,245.0,244.85,4244402,103923335200000.0,63516.0,2231538,0.5258,256.13250000000005,257.8745011921076,37.63676148796501,269.2134332919875,243.05156670801264,-0.027005559968228843,-0.015252248728979234,0.01850364361576678,-3.4230064099518813,-3.345059461106761
2016-01-08,ADANIPORTS,EQ,245.0,245.3,247.25,239.35,241.35,241.4,242.07,4219352,102137850880000.0,58497.0,2468801,0.5851,255.8575,256.3055010785735,29.2951541850221,269.947969903634,241.76703009636597,-0.014693877551020362,-0.027005559968228843,0.018521887213179555,-4.353079778566951,-3.5466635245987987
2016-01-11,ADANIPORTS,EQ,241.4,237.0,238.7,232.5,233.5,234.05,235.52,2995719,70554764535000.0,65092.0,1403898,0.4686,255.5025,254.1859295472808,24.641833810888272,271.3956125433549,239.60938745664512,-0.030447390223695137,-0.014693877551020362,0.01821290094026344,-5.618486779293107,-3.9610281755376606
2016-01-12,ADANIPORTS,EQ,234.05,234.2,240.5,234.1,237.25,236.6,236.95,3544439,83986083960000.0,46070.0,1534229,0.4329,254.60500000000002,252.51107911420644,29.76878612716763,272.611399447213,236.59860055278705,0.01089510788293091,-0.030447390223695137,0.01878777638502724,-6.342455377818766,-4.437313615993882
2016-01-13,ADANIPORTS,EQ,236.6,238.75,239.8,222.8,230.2,230.2,229.14,4137056,94797441600000.0,50407.0,1787110,0.432,253.51000000000005,250.38621443666298,26.63793103448276,274.56353077027,232.4564692297301,-0.027049873203719432,0.01089510788293091,0.019418068193717067,-7.347929859537544,-5.019436864702615
2016-01-14,ADANIPORTS,EQ,230.2,227.0,232.95,224.7,227.25,227.8,228.28,2802513,63977119460000.0,45501.0,1130440,0.4034,252.31750000000002,248.23514639507604,24.580536912751683,276.3111236047035,228.32387639529654,-0.010425716768027726,-0.027049873203719432,0.0191652914257762,-8.243410665903696,-5.664231624942832
2016-01-15,ADANIPORTS,EQ,227.8,228.5,229.45,216.5,220.3,218.25,221.07,3286291,72649007015000.0,28882.0,1896716,0.5772,250.41499999999996,245.37941816697355,16.475095785440644,278.7249034187496,222.10509658125034,-0.04192273924495171,-0.010425716768027726,0.015509022856344762,-9.612879552191629,-6.453961210392591
2016-01-18,ADANIPORTS,EQ,218.25,211.1,225.9,209.8,219.5,219.3,217.82,4116330,89660216830000.0,58467.0,1829725,0.4445,248.36999999999998,242.8956640558332,15.830115830115872,279.47473648142585,217.26526351857413,0.004810996563573866,-0.04192273924495171,0.016216166340856483,-10.492516092135844,-7.261672186741242
2016-01-19,ADANIPORTS,EQ,219.3,222.8,233.9,218.7,232.6,232.85,228.33,3713322,84785127475000.0,38345.0,1748152,0.4708,246.98250000000002,241.93893414575385,31.111111111111114,278.265390480934,215.69960951906603,0.06178750569995439,0.004810996563573866,0.029561274179772067,-9.981205505572063,-7.805578850507407
2016-01-20,ADANIPORTS,EQ,232.85,229.05,229.35,216.05,219.7,219.4,220.45,4087126,90102586060000.0,40825.0,2081371,0.5093,245.0725,239.7923689890154,26.71156004489339,278.2341213653519,211.9108786346481,-0.057762508052394246,0.06178750569995439,0.03338116386561984,-10.539794584411595,-8.352421997288245
2016-01-21,ADANIPORTS,EQ,219.4,224.0,224.0,215.1,221.75,221.3,219.81,7664473,168473294975000.0,53938.0,5242192,0.684,243.27249999999998,238.03119099006153,22.58446947243627,277.5296156649861,209.01538433501386,0.00865998176845939,-0.057762508052394246,0.03364430738139424,-10.705757029833876,-8.82308900379737
2016-01-22,ADANIPORTS,EQ,221.3,223.0,225.0,216.45,221.0,221.75,220.72,5622627,124102041470000.0,63572.0,3159108,0.5619,241.455,236.48060137196043,25.930851063829778,276.2526390608697,206.6573609391303,0.002033438770899121,0.00865998176845939,0.033779284604915194,-10.677884221776338,-9.194048047393164
2016-01-25,ADANIPORTS,EQ,221.75,223.0,225.8,217.75,218.05,218.4,222.18,1804218,40085405735000.0,26134.0,627931,0.348,239.27500000000003,234.75863933653565,25.557011795543886,274.1161356996605,204.43386430033956,-0.015107102593010069,0.002033438770899121,0.03298261823587242,-10.8015977286056,-9.515557983635652
2016-01-27,ADANIPORTS,EQ,218.4,219.95,220.05,214.5,214.9,215.35,216.39,2189628,47381679990000.0,31409.0,1037647,0.4739,236.865,232.91019749496084,25.844930417495007,271.3018697764484,202.4281302235516,-0.013965201465201527,-0.015107102593010069,0.03246636496137675,-11.01873397778968,-9.816193182466458
2016-01-28,ADANIPORTS,EQ,215.35,216.0,219.95,207.15,210.25,210.85,211.43,12022147,254185162760000.0,76109.0,7499717,0.6238,234.32000000000002,230.80922630496457,26.657552973342433,268.53600733421155,200.1039926657885,-0.02089621546319942,-0.013965201465201527,0.03214069050942024,-11.422259711734057,-10.137406488319979
2016-01-29,ADANIPORTS,EQ,210.85,211.35,216.75,208.6,210.8,212.25,213.38,4589849,97940457640000.0,67825.0,2348259,0.5115999999999999,231.8875,229.041680942587,29.457364341085253,265.04815955473987,198.72684044526014,0.006639791320844246,-0.02089621546319942,0.03246544545524644,-11.496563238764708,-10.409237838408925
2016-02-01,ADANIPORTS,EQ,212.25,213.25,221.8,212.75,220.6,221.1,218.92,3982611,87185607555000.0,53589.0,1735022,0.4356,229.565,228.28533037662632,41.06280193236713,258.4382821316307,200.69171786836935,0.041696113074204844,0.006639791320844246,0.033110933733823816,-10.717780381153233,-10.470946346957788
2016-02-02,ADANIPORTS,EQ,221.1,221.95,223.95,211.7,214.5,213.25,219.16,2971041,65113627770000.01,47008.0,1211845,0.4079,227.32999999999998,226.85339415028093,34.983922829581985,253.76953180571445,200.89046819428552,-0.035504296698326554,0.041696113074204844,0.03509698538592593,-10.611693750475865,-10.499095827661403
2016-02-03,ADANIPORTS,EQ,213.25,212.0,214.5,208.0,210.4,210.2,210.97,3026403,63848218254999.99,36493.0,1456136,0.4811,225.055,225.26735661215895,36.559139784946225,248.92107149116066,201.18892850883935,-0.014302461899179386,-0.035504296698326554,0.02698336359180326,-10.650951304783035,-10.529466923085732
2016-02-04,ADANIPORTS,EQ,210.2,212.55,218.0,211.65,216.0,215.7,215.04,2023624,43516397315000.0,22730.0,810050,0.4003,223.25,224.35617979195334,42.19354838709676,243.83415333262948,202.66584666737052,0.026165556612749663,-0.014302461899179386,0.02321440910298424,-10.121583846707097,-10.447890307810006
2016-02-05,ADANIPORTS,EQ,215.7,215.7,218.0,209.1,211.8,211.1,212.24,3022383,64146410325000.0,24028.0,1159320,0.3836,221.55499999999998,223.093686478434,45.07236388697449,240.0778706425938,203.03212935740615,-0.02132591562355124,0.026165556612749663,0.023693932283771854,-9.95844314483324,-10.350000875214652
2016-02-08,ADANIPORTS,EQ,211.1,211.45,216.9,210.0,211.0,212.05,213.48,2723554,58143105165000.0,32213.0,990810,0.3638,220.0875,222.04190681382124,44.99654934437544,236.52340021232916,203.65159978767085,0.00450023685457146,-0.02132591562355124,0.02378168717160941,-9.641356348267323,-10.208271969825187
2016-02-09,ADANIPORTS,EQ,212.05,210.0,212.75,208.55,210.0,210.4,210.42,1954496,41127432515000.0,18610.0,848036,0.4339,218.90500000000003,220.9331537839335,31.461601981833212,234.4923734325733,203.31762656742677,-0.007781183683093662,0.00450023685457146,0.023520101717265547,-9.414677446704104,-10.049553065200971
2016-02-10,ADANIPORTS,EQ,210.4,209.85,209.9,198.4,202.65,202.85,202.41,3393463,68688318760000.0,42433.0,1271070,0.3746,217.21749999999997,219.21094866165413,34.85818847209514,232.02707282870122,202.40792717129872,-0.035884030418251056,-0.007781183683093662,0.025540622821089962,-9.73206944751118,-9.986056341663012
2016-02-11,ADANIPORTS,EQ,202.85,203.0,204.8,182.5,190.0,186.85,194.75,3670827,71490076885000.0,38575.0,1580603,0.4306,215.05,216.1289535510204,24.945454545454538,233.97625578118758,196.12374421881245,-0.07887601676115352,-0.035884030418251056,0.03441917473389658,-11.146184896035095,-10.21808205253743
2016-02-12,ADANIPORTS,EQ,186.85,187.95,190.7,169.15,176.8,178.05,179.13,12168356,217977391720000.0,112495.0,5290167,0.4347,212.5625,212.50238654616132,21.66018158236058,236.77276043904794,188.35223956095206,-0.04709660155204698,-0.07887601676115352,0.0354572437444243,-12.829082356889643,-10.740282113407872
2016-02-15,ADANIPORTS,EQ,178.05,184.45,194.0,184.0,191.25,191.15,190.45,9208050,175364785135000.0,76535.0,6378494,0.6927,211.20749999999998,210.4688259227174,34.31203223949338,237.05554329355482,185.35945670644514,0.0735748385285031,-0.04709660155204698,0.04211326159063513,-12.956377149788324,-11.183501120683964
2016-02-16,ADANIPORTS,EQ,191.15,195.5,204.35,193.75,200.4,200.35,200.91,9113057,183087077535000.0,97023.0,3858095,0.4234,210.26,209.50512821579193,41.935483870967744,236.24792432124087,184.2720756787591,0.048129741041067264,0.0735748385285031,0.04546292972866883,-12.17455538183387,-11.381711972913946
2016-02-17,ADANIPORTS,EQ,200.35,201.05,214.3,196.3,212.1,212.5,206.01,6728882,138623490365000.02,61761.0,2459801,0.3656,209.2425,209.79035410000222,50.81967213114754,233.00457227805697,185.48042772194304,0.06064387322186171,0.048129741041067264,0.04978419569341032,-10.454044818543792,-11.196178542039915
2016-02-18,ADANIPORTS,EQ,212.5,214.5,215.8,205.75,210.5,210.4,210.97,4659211,98293479110000.0,45745.0,1842544,0.3954999999999999,208.79249999999996,209.84841561428772,49.087321164282194,232.08079104937147,185.50420895062845,-0.009882352941176453,0.06064387322186171,0.049157625732751654,-9.154453410626587,-10.787833515757251
2016-02-19,ADANIPORTS,EQ,210.4,208.9,210.8,205.75,210.4,209.4,208.25,2019974,42065523440000.0,20154.0,658885,0.3262,208.1975,209.80570936530793,43.7433155080214,230.7362963765926,185.65870362340738,-0.004752851711026573,-0.009882352941176453,0.04868832142096197,-8.1117028384906,-10.252607380303923
2016-02-22,ADANIPORTS,EQ,209.4,209.05,211.7,204.25,206.05,205.9,206.47,2342159,48357888630000.0,18899.0,779074,0.3326,207.40500000000003,209.43373704480243,45.877734155917,229.0336092211763,185.77639077882375,-0.016714422158548237,-0.004752851711026573,0.048944430739816,-7.481494238230312,-9.698384751889202
2016-02-23,ADANIPORTS,EQ,205.9,205.95,208.65,203.0,203.1,204.2,205.25,2174859,44638655885000.0,23947.0,938308,0.4314,206.695,208.93528589767837,46.583143507972665,227.72797911677196,185.66202088322802,-0.00825643516270047,-0.016714422158548237,0.04895104513310952,-7.038094403402624,-9.166326682191887
2016-02-24,ADANIPORTS,EQ,204.2,202.85,203.75,198.85,200.15,200.15,200.6,3502611,70263760575000.0,30183.0,1959983,0.5596,205.935,208.0985920026614,40.995946728430816,226.74851028842977,185.12148971157023,-0.019833496571988185,-0.00825643516270047,0.04796659042021842,-6.933572089467532,-8.719775763647016
2016-02-25,ADANIPORTS,EQ,200.15,201.3,201.9,195.45,200.5,198.45,197.35,4868927,96086702300000.0,50931.0,2886034,0.5927,205.315,207.17967847859842,42.42061114439784,226.25044212197022,184.37955787802977,-0.008493629777666878,-0.019833496571988185,0.039589025272718716,-6.908278856732409,-8.357476382264094
2016-02-26,ADANIPORTS,EQ,198.45,201.9,204.45,196.65,201.0,200.1,200.15,2188367,43799959910000.0,28225.0,674762,0.3082999999999999,204.7075,206.50542338539856,42.89958407605466,225.50026885944652,183.9147311405535,0.008314436885865417,-0.008493629777666878,0.03480673715054966,-6.678111465196565,-8.021603398850589
2016-02-29,ADANIPORTS,EQ,200.1,201.0,204.0,195.8,196.15,196.7,198.46,3939877,78192304840000.0,42981.0,1747000,0.4434,203.4875,205.57157353917012,42.025611175785784,223.05788242910253,183.9171175708975,-0.0169915042478761,0.008314436885865417,0.028248588377053394,-6.692902124646309,-7.755863144009734
2016-03-01,ADANIPORTS,EQ,196.7,198.0,208.0,196.35,206.85,206.9,203.59,2152599,43825314920000.0,24909.0,589824,0.2739999999999999,203.17,205.69809034496345,52.28684359119142,222.27399241823719,184.0660075817628,0.05185561769191671,-0.0169915042478761,0.028923312904157946,-5.814542645586755,-7.367599044325138
2016-03-02,ADANIPORTS,EQ,206.9,209.0,222.55,208.85,218.3,218.8,217.44,4228824,91949764315000.0,52557.0,1927487,0.4558,203.6,206.94589126449074,68.91651865008882,223.7298416863139,183.47015831368608,0.05751570807153206,0.05185561769191671,0.028246680294719807,-4.110818921017739,-6.716243019663659
2016-03-03,ADANIPORTS,EQ,218.8,220.85,229.45,217.65,227.9,227.5,224.63,3290989,73924759480000.0,35415.0,1398433,0.4249,204.19,208.90342542977731,79.31238885595731,226.39757575812587,181.98242424187413,0.03976234003656298,0.05751570807153206,0.02998613588414319,-2.0351286077967927,-5.780020137290286
2016-03-04,ADANIPORTS,EQ,227.5,228.85,228.85,222.2,225.65,225.15,225.07,4768604,107327797700000.0,29095.0,3332232,0.6988,204.89249999999998,210.450718245989,73.09782608695652,228.8410913221645,180.94390867783548,-0.01032967032967036,0.03976234003656298,0.03030480325925939,-0.5731475520505,-4.738645620242329
2016-03-08,ADANIPORTS,EQ,225.15,224.0,231.7,222.3,228.9,228.25,228.91,3066086,70184547400000.0,38697.0,1614254,0.5265,205.70250000000001,212.1458879368472,70.66666666666666,231.68027339431873,179.7247266056813,0.013768598711969782,-0.01032967032967036,0.029086681160036158,0.8261042443552924,-3.6256956473228046
2016-03-09,ADANIPORTS,EQ,228.25,228.0,232.65,221.3,225.7,226.0,226.08,4117976,93100436005000.0,38949.0,1757729,0.4268,206.4825,213.465327180957,61.71874999999999,233.94833092537533,179.01666907462464,-0.009857612267250793,0.013768598711969782,0.029206977289935095,1.7334826689540819,-2.553859984067427
2016-03-10,ADANIPORTS,EQ,226.0,228.8,228.8,224.2,226.8,226.45,226.39,1543894,34952581180000.0,24296.0,562944,0.3646,207.6625,214.7019626875325,64.34316353887397,236.46646308624784,178.85853691375215,0.0019911504424778848,-0.009857612267250793,0.02744483992419857,2.4605343387228515,-1.5509811195093717
2016-03-11,ADANIPORTS,EQ,226.45,226.45,232.85,226.0,231.0,231.2,230.68,2649095,61108638715000.0,33214.0,1125733,0.425,209.88000000000002,216.27320433633895,68.2579564489112,238.7660993704989,180.99390062950116,0.020975932877014714,0.0019911504424778848,0.026474920936552026,3.381038816875389,-0.5645771322324196
2016-03-14,ADANIPORTS,EQ,231.2,233.0,237.5,229.65,233.15,232.4,233.23,2722628,63498525310000.0,38518.0,1129504,0.4149,212.5975,217.80908963764,73.08362369337978,238.99421979223337,186.20078020776663,0.00519031141868509,0.020975932877014714,0.026589946023379656,4.159427922927932,0.3802238787996508
2016-03-15,ADANIPORTS,EQ,232.4,233.1,233.6,227.2,228.6,228.25,229.9,1913147,43982319070000.0,30373.0,1083709,0.5665,214.45250000000001,218.80346205310286,70.09189640768588,239.69207783866213,189.2129221613379,-0.017857142857142905,0.00519031141868509,0.026708216613384423,4.390821918576734,1.1823434867550675
2016-03-16,ADANIPORTS,EQ,228.25,229.0,229.5,222.75,227.9,228.55,226.61,2172701,49235689080000.0,52549.0,1108706,0.5103,215.8625,219.73170376233116,75.31194295900177,240.93510772027767,190.78989227972235,0.00131434830230015,-0.017857142857142905,0.02362662522688721,4.546007277918932,1.8550762449878404
2016-03-17,ADANIPORTS,EQ,228.55,231.4,239.5,231.05,235.95,235.7,236.54,5383866,127351684105000.0,49201.0,3474873,0.6454000000000001,217.02249999999998,221.25249388020438,80.25995125913892,243.5448932197953,190.50010678020465,0.03128418289214596,0.00131434830230015,0.018748038667651852,5.186155268538414,2.521292049697955
2016-03-18,ADANIPORTS,EQ,235.7,236.45,243.2,235.75,242.9,241.95,239.16,4606790,110176435055000.0,77787.0,3124785,0.6783,218.6,223.22368493923253,81.63265306122449,247.1402024851771,190.0597975148229,0.02651675859142988,0.03128418289214596,0.01656611645919492,6.127169731063191,3.2424675859710024
2016-03-21,ADANIPORTS,EQ,241.95,238.95,245.0,236.75,243.2,243.85,241.47,3240298,78242353200000.0,34731.0,1799794,0.5554,220.3225,225.18809589740084,86.46558391337973,250.62852641129757,190.0164735887024,0.007852862161603635,0.02651675859142988,0.015501764610637797,6.946173429838296,3.983208754744462
2016-03-22,ADANIPORTS,EQ,243.85,242.0,243.3,236.5,239.05,239.55,239.02,3153670,75379521505000.0,34568.0,1606370,0.5094,222.00500000000002,226.5558962881246,77.78723404255321,252.6738063708172,191.33619362918284,-0.01763379126512188,0.007852862161603635,0.01730559640677745,7.165664379820612,4.619699879759692
2016-03-23,ADANIPORTS,EQ,239.55,239.75,243.2,237.35,237.55,238.3,239.88,2083410,49977780910000.0,34932.0,930568,0.4467,223.71000000000004,227.67438235592223,70.27027027027029,254.0001860083624,193.41981399163768,-0.005218117303276926,-0.01763379126512188,0.01692161245185351,7.156255131176351,5.127010930043024
2016-03-28,ADANIPORTS,EQ,238.3,240.4,242.95,232.7,237.2,235.65,237.99,2756755,65606787785000.0,33238.0,1116320,0.4049,225.48499999999999,228.43396498869154,59.6908442330559,254.07495222838224,196.89504777161773,-0.011120436424674751,-0.005218117303276926,0.017708359883372972,6.855934436299208,5.472795631294261
2016-03-29,ADANIPORTS,EQ,235.65,236.45,242.2,233.3,238.55,237.85,237.94,2043092,48614312710000.0,21999.0,782145,0.3828,227.455,229.33073022786377,65.15513126491646,253.5195534657422,201.39044653425782,0.009335879482283094,-0.011120436424674751,0.01683927999584656,6.718008713118536,5.721838247659116
2016-03-30,ADANIPORTS,EQ,237.85,240.0,248.5,239.55,248.25,245.95,244.62,2883662,70540651965000.0,26865.0,1324432,0.4593,229.7475,230.91351782521008,68.86993603411514,253.65795741269514,205.83704258730486,0.03405507672903085,0.009335879482283094,0.019522891954102096,7.179542591388724,6.013379116405038
2016-03-31,ADANIPORTS,EQ,245.95,247.1,250.0,242.5,248.3,247.7,246.39,4192902,103307256365000.0,38252.0,2566856,0.6122,232.29749999999999,232.5122304132853,73.38362068965517,251.84892948065234,212.74607051934763,0.007115267330758179,0.03405507672903085,0.017661483535506763,7.598926198678612,6.3304885328597535
2016-04-01,ADANIPORTS,EQ,247.7,248.0,248.0,239.5,243.3,242.9,242.94,1772898,43071199660000.0,26252.0,695681,0.3924,234.0975,233.5015418024962,66.20689655172416,250.11267290440418,218.08232709559582,-0.01937828017763421,0.007115267330758179,0.01967485436567254,7.457999666513388,6.555990759590481
2016-04-04,ADANIPORTS,EQ,242.9,249.45,249.45,241.2,242.0,242.55,244.4,1986415,48548409435000.0,22456.0,714670,0.3597999999999999,235.285,234.363299726068,62.24379719525354,249.99293198100787,220.57706801899212,-0.0014409221902017544,-0.01937828017763421,0.01767380614320364,7.234675464201445,6.691727700512674
2016-04-05,ADANIPORTS,EQ,242.55,242.4,242.45,223.85,226.5,226.25,230.33,4836504,111399347450000.0,55671.0,2434877,0.5034000000000001,235.2225,233.5906045140615,44.99593165174938,250.07959027969497,220.36540972030502,-0.06720263863121012,-0.0014409221902017544,0.02647827381588154,5.676975015504581,6.488777163511056
2016-04-06,ADANIPORTS,EQ,226.25,227.0,229.75,221.15,224.5,224.35,224.02,6273776,140544676680000.0,99338.0,3643506,0.5808,235.18250000000003,232.71054694129376,46.706081081081074,250.15761180874026,220.2073881912598,-0.008397790055248655,-0.06720263863121012,0.026003238143739706,4.240292612502742,6.039080253309394
2016-04-07,ADANIPORTS,EQ,224.35,225.5,228.0,216.0,216.75,216.8,220.01,4171133,91770537875000.0,55807.0,1921400,0.4606,234.61000000000004,231.19525675640864,41.15876598946575,251.459226126226,217.76077387377407,-0.03365277468241579,-0.008397790055248655,0.02713234171648187,2.4640851159913097,5.324081225845777
2016-04-08,ADANIPORTS,EQ,216.8,216.0,220.0,214.7,219.05,219.25,218.42,1631016,35625411930000.0,17800.0,490170,0.3005,234.27250000000004,230.0576132557983,36.68016194331984,252.09045295112458,216.4545470488755,0.011300738007379962,-0.03365277468241579,0.027919554413200813,1.2398304094254513,4.507231062561712
2016-04-11,ADANIPORTS,EQ,219.25,220.9,229.9,218.75,228.85,229.05,225.81,2417006,54578111095000.01,37484.0,842917,0.3486999999999999,234.40249999999997,229.9616500885794,40.12251148545177,252.01692217108234,216.7880778289176,0.0446978335233752,0.011300738007379962,0.032428407402403006,1.0482937543162905,3.815443600912628
2016-04-12,ADANIPORTS,EQ,229.05,229.0,234.8,226.3,233.55,233.6,232.14,2704639,62784981295000.01,35847.0,1211329,0.4479,234.52249999999998,230.3081596039528,42.45768947755702,252.0776604348921,216.96733956510786,0.019864658371534505,0.0446978335233752,0.03301582546505677,1.2492460187827419,3.3022040844866507
2016-04-13,ADANIPORTS,EQ,233.6,235.0,237.95,232.0,233.0,233.55,234.2,2830268,66284469110000.0,42311.0,1400734,0.4949,234.58,230.61690630833823,45.290423861852425,252.11340871173363,217.0465912882664,-0.00021404109589029385,0.019864658371534505,0.03063022662283433,1.3884622257717467,2.91945571274367
2016-04-18,ADANIPORTS,EQ,233.55,235.85,236.75,228.05,230.65,231.3,232.89,5479038,127601930390000.02,50230.0,3672318,0.6702,234.73250000000002,230.68196285040128,44.5904173106646,252.0862277960995,217.37877220390052,-0.009633911368015391,-0.00021404109589029385,0.030367297663958032,1.3022246417800147,2.5960094985509388
2016-04-20,ADANIPORTS,EQ,231.3,232.0,236.3,231.5,233.6,233.5,233.43,2111521,49289066125000.0,35795.0,926279,0.4387,234.98000000000002,230.95034734083924,48.32684824902723,252.10211251108248,217.85788748891756,0.009511456982274069,-0.009633911368015391,0.030370237636029668,1.3953179917376701,2.3558711971882853
2016-04-21,ADANIPORTS,EQ,233.5,234.1,236.0,228.4,229.5,229.35,231.16,2990447,69127781860000.0,62998.0,1976730,0.6609999999999999,234.6625,230.7979333083784,43.58006042296072,251.96296774542787,217.3620322545721,-0.01777301927194863,0.009511456982274069,0.03068372854200924,1.1212991862431068,2.1089567949992496
2016-04-22,ADANIPORTS,EQ,229.35,229.5,233.4,227.3,231.3,230.1,229.11,7431640,170268535130000.0,22391.0,6127961,0.8246,234.07000000000002,230.73146346948522,36.533559898045866,251.12959831698598,217.01040168301407,0.0032701111837802888,-0.01777301927194863,0.021595115256449422,0.9536628094454329,1.8778979978884864
2016-04-25,ADANIPORTS,EQ,230.1,231.0,233.7,230.25,232.7,231.8,231.65,1454607,33696260040000.0,18615.0,540149,0.3713,233.46750000000003,230.83322885334377,36.479591836734706,249.91285688752203,217.02214311247803,0.00738809213385494,0.0032701111837802888,0.02133432474757701,0.9470683511630114,1.6917320685433916
2016-04-26,ADANIPORTS,EQ,231.8,232.2,232.9,227.0,229.0,229.1,229.89,2703783,62156656315000.0,35672.0,1144033,0.4231,232.945,230.6681594387396,37.830687830687815,249.24000730769922,216.64999269230077,-0.01164797238999149,0.00738809213385494,0.017944828964639625,0.715724335686275,1.4965305219719685
2016-04-27,ADANIPORTS,EQ,229.1,230.0,242.0,227.65,241.4,241.25,234.62,7177265,168390994915000.0,49500.0,4108627,0.5725,233.09249999999997,231.67595377790727,49.05109489051094,249.6430056370547,216.54199436294525,0.0530336097773898,-0.01164797238999149,0.023416663844532427,1.4955462684531255,1.4963336712682
2016-04-28,ADANIPORTS,EQ,241.25,241.7,241.7,234.35,236.2,235.45,236.67,5899252,139614753584999.98,63705.0,4191385,0.7105,233.08249999999998,232.03538675143992,57.931034482758605,249.62673973536187,216.5382602646381,-0.0240414507772021,0.0530336097773898,0.02210270867405888,1.6267965432025733,1.5224262456550748
2016-04-29,ADANIPORTS,EQ,235.45,236.0,240.1,232.75,237.85,238.2,236.32,2160232,51049592495000.0,40236.0,1067791,0.4943,233.1,232.6224927751123,61.767204757858956,249.66619894147405,216.53380105852594,0.011679762157570606,-0.0240414507772021,0.021552501738107976,1.9304621824712456,1.604033433018309
2016-05-02,ADANIPORTS,EQ,238.2,237.0,237.25,231.8,232.95,232.95,233.62,2312439,54023700804999.99,29347.0,1307940,0.5656,232.45,232.65368393938732,64.27939876215737,247.87407550757052,217.02592449242945,-0.022040302267002487,0.011679762157570606,0.022883408658798763,1.7275738692775064,1.6287415202701487
2016-05-03,ADANIPORTS,EQ,232.95,235.25,242.45,232.5,232.7,235.5,238.37,5328996,127026960609999.98,57348.0,1931760,0.3625,231.84,232.92476165944566,64.342453662842,245.59984241036136,218.08015758963865,0.010946555054732743,-0.022040302267002487,0.02284867301153812,1.7523471410570437,1.6534626444275278
2016-05-04,ADANIPORTS,EQ,235.5,234.5,234.5,205.5,207.25,208.25,213.24,22904231,488414641610000.06,200351.0,7108757,0.3104,230.10750000000002,230.57478435854608,35.96491228070175,246.48120404675203,213.733795953248,-0.11571125265392779,0.010946555054732743,0.04338226296896481,-0.42200254220466604,1.2383696071010892
2016-05-05,ADANIPORTS,EQ,208.25,209.65,210.7,196.7,197.9,198.0,200.51,17225029,345378597815000.0,220399.0,7815160,0.4537,227.88000000000002,227.47242394344647,27.694235588972447,248.65603376362975,207.1039662363703,-0.049219687875150075,-0.11571125265392779,0.0450755781534713,-2.9384075357321535,0.40301417853444066
2016-05-06,ADANIPORTS,EQ,198.0,198.0,199.5,190.55,193.9,194.55,194.84,15642446,304784157690000.0,220349.0,7099348,0.4539,226.29500000000002,224.3369549964516,26.562500000000014,251.87580900741435,200.71419099258569,-0.017424242424242342,-0.049219687875150075,0.04468662558264395,-5.1516774590288605,-0.7079241489782195
2016-05-09,ADANIPORTS,EQ,194.55,196.15,198.4,194.35,197.15,196.75,196.69,9413270,185146360435000.0,109273.0,5938714,0.6309,224.91500000000002,221.7096259491705,29.224293445580287,253.713137732191,196.11686226780904,0.011308147005911096,-0.017424242424242342,0.04492824253870461,-6.6515136956968774,-1.8966420583219512
2016-05-10,ADANIPORTS,EQ,196.75,197.95,198.95,194.0,194.9,194.55,195.8,4925308,96437284570000.0,79649.0,2694727,0.5471,223.80249999999995,219.12299490639236,26.578472639807586,255.49429663074267,192.11070336925724,-0.011181702668360827,0.011308147005911096,0.044932708972319026,-7.926296915927367,-3.1025730298430343
2016-05-11,ADANIPORTS,EQ,194.55,191.8,195.45,189.3,192.95,193.0,192.85,7021749,135416500395000.0,132166.0,4138187,0.5893,222.48999999999995,216.6350906295931,27.43637492240846,257.02258720321316,187.95741279678677,-0.007967103572346534,-0.011181702668360827,0.038278190226418596,-8.958377251823919,-4.273733874239211
2016-05-12,ADANIPORTS,EQ,193.0,194.2,197.65,193.6,195.0,195.15,195.91,6098282,119472523359999.98,42145.0,3727483,0.6112,220.79500000000002,214.5888915220128,28.676021964612588,257.24642261320514,184.34357738679486,0.011139896373057123,-0.007967103572346534,0.03959884930470675,-9.493387460838875,-5.317664591559144
2016-05-13,ADANIPORTS,EQ,195.15,194.6,200.25,179.4,188.8,188.55,193.31,15272242,295235070705000.0,125916.0,7334006,0.4802,218.54250000000002,212.10899709134492,25.100748416810603,257.1652404380833,179.91975956191675,-0.03382013835511144,0.011139896373057123,0.038425841704264996,-10.330863978319684,-6.320304468911251
2016-05-16,ADANIPORTS,EQ,188.55,189.0,192.2,183.7,185.55,185.8,186.66,9997240,186613480330000.0,90069.0,6444435,0.6446,216.15499999999997,209.60337832074063,25.086306098964343,256.72591128019513,175.5840887198048,-0.014584990718642277,-0.03382013835511144,0.038505771044268694,-11.088649124741181,-7.273973400077238
2016-05-17,ADANIPORTS,EQ,185.8,186.6,187.35,182.7,182.8,183.25,184.45,7208437,132961511245000.0,63213.0,4982441,0.6912,213.7525,207.09353276638439,12.483829236739993,256.19483828322365,171.31016171677635,-0.013724434876211,-0.014584990718642277,0.0369437882259651,-11.759407867666937,-8.171060293595179
2016-05-18,ADANIPORTS,EQ,183.25,182.4,185.5,180.55,183.2,183.2,183.05,5909252,108166484575000.0,48273.0,3278248,0.5548,211.2375,204.8179582172049,13.487071977638024,254.7017245506545,167.77327544934553,-0.00027285129604370795,-0.013724434876211,0.018649942919897806,-12.154909357222294,-8.967830106320601
2016-05-19,ADANIPORTS,EQ,183.2,184.5,184.5,169.7,170.9,171.55,177.2,13478073,238827271260000.0,74235.0,7891714,0.5855,208.3475,201.64958124413778,8.576755748912376,254.3529970971748,162.3420029028252,-0.06359170305676842,-0.00027285129604370795,0.022034334342161857,-13.255602440409831,-9.825384573138448
2016-05-20,ADANIPORTS,EQ,171.55,171.6,180.4,170.35,177.9,177.95,176.86,13115129,231947706655000.03,91110.0,6471029,0.4934,205.74,199.3924782685056,16.29901960784312,252.4603505754722,159.0196494245278,0.03730690760711153,-0.06359170305676842,0.027268285235111347,-13.456366509113337,-10.551580960333427
2016-05-23,ADANIPORTS,EQ,177.95,179.25,182.45,178.0,180.65,181.1,181.16,10109957,183155436775000.0,97585.0,7253387,0.7173999999999999,203.20499999999998,197.65033748102888,16.909975669099737,249.47136723195814,156.93863276804183,0.017701601573475667,0.03730690760711153,0.02785399258496524,-13.20902933776577,-11.083070635819896
2016-05-24,ADANIPORTS,EQ,181.1,180.95,181.5,177.1,180.45,180.85,179.58,3874787,69583058740000.0,38384.0,1787805,0.4614,200.79250000000002,196.05030533997854,25.18115942028983,246.4007434261766,155.18425657382343,-0.001380452788514619,0.017701601573475667,0.027898072127096673,-12.884659424741159,-11.443388393604149
2016-05-25,ADANIPORTS,EQ,180.85,182.8,184.05,181.35,182.95,182.85,182.57,4249199,77579705795000.0,23448.0,2753507,0.648,197.8725,194.79313340283773,33.8658146964856,239.91290005568993,155.83209994431007,0.011058888581697568,-0.001380452788514619,0.028461750969607156,-12.324145567816032,-11.619539828446527
2016-05-26,ADANIPORTS,EQ,182.85,184.0,187.5,181.4,185.0,184.8,184.99,5744871,106272236880000.0,68202.0,2771628,0.4825,195.33999999999997,193.84140641209126,39.273927392739274,233.7989405114536,156.88105948854636,0.010664479081214262,0.011058888581697568,0.02843214643248528,-11.588994875720061,-11.613430837901234
2016-05-27,ADANIPORTS,EQ,184.8,185.4,192.95,185.0,191.55,191.7,191.01,8241406,157422906535000.0,86847.0,4657980,0.5652,193.01500000000001,193.63746294427307,44.96510468594216,225.76231166146346,160.26768833853657,0.037337662337662225,0.010664479081214262,0.02932606560748308,-10.330526443158021,-11.356849958952592
2016-05-30,ADANIPORTS,EQ,191.7,192.7,194.0,185.45,189.25,190.25,189.39,3672794,69558064654999.99,35580.0,1333124,0.363,190.88,193.31484742577086,45.647773279352215,217.69520385704988,164.06479614295012,-0.007563901930099037,0.037337662337662225,0.028965336618344165,-9.342489620573417,-10.953977891276757
2016-05-31,ADANIPORTS,EQ,190.25,190.25,194.7,186.55,193.1,192.15,191.42,6758009,129361439359999.98,65871.0,3425816,0.5069,188.7125,193.20390957569745,49.14572864321609,205.45965608222866,171.96534391777135,0.009986859395532122,-0.007563901930099037,0.028432156019735637,-8.310352627145903,-10.425252838450588
2016-06-01,ADANIPORTS,EQ,192.15,192.85,203.3,192.5,202.0,202.3,200.27,10935767,219005759270000.0,89988.0,4132776,0.3779,188.415,194.07020390182151,56.190476190476204,203.86171997205759,172.9682800279424,0.05282331511839722,0.009986859395532122,0.03204092227246839,-6.597306804635508,-9.659663631687572
2016-06-02,ADANIPORTS,EQ,202.3,203.45,206.5,200.7,204.05,205.2,203.56,6232617,126869122659999.98,74661.0,2585612,0.4149,188.775,195.1301844826004,65.40240518038851,205.44913692236233,172.10086307763768,0.014335145823034967,0.05282331511839722,0.01876072780459483,-4.948654871846628,-8.717461879719384
2016-06-03,ADANIPORTS,EQ,205.2,206.25,206.25,202.1,203.5,204.55,203.92,3927140,80083004835000.0,29144.0,1877028,0.478,189.275,196.0273097699718,68.04619826756499,207.22890296229113,171.32109703770888,-0.0031676413255359304,0.014335145823034967,0.01855190061587484,-3.652432931663384,-7.7044560901081836
2016-06-06,ADANIPORTS,EQ,204.55,201.0,204.55,196.0,203.8,203.7,200.93,5811557,116768865859999.98,44411.0,2559845,0.4405,189.6225,196.75804217283164,70.34825870646767,208.43412784305704,170.81087215694296,-0.004155463211928723,-0.0031676413255359304,0.019360767532495635,-2.663057532013653,-6.696176378489278
2016-06-07,ADANIPORTS,EQ,203.7,204.65,207.65,202.2,206.1,206.5,205.47,3666830,75341743455000.0,38840.0,1476669,0.4027,190.22,197.68584768018098,71.98113207547173,210.39996400811538,170.04003599188462,0.013745704467353903,-0.004155463211928723,0.0187819938817803,-1.6341958082765302,-5.683780264446728
2016-06-08,ADANIPORTS,EQ,206.5,207.0,207.85,201.7,204.3,203.4,204.71,2752494,56346961290000.0,33373.0,977177,0.355,190.73999999999998,198.2300526630209,85.82677165354333,211.7408671500259,169.73913284997406,-0.015012106537530268,0.013745704467353903,0.020854576737638096,-1.0567776964223299,-4.758379750841849
2016-06-09,ADANIPORTS,EQ,203.4,204.45,205.85,201.0,201.95,201.9,203.05,2365078,48022167510000.0,21717.0,619883,0.2621,191.0775,198.57957145701891,80.27812895069536,212.5875582347785,169.56744176522147,-0.007374631268436627,-0.015012106537530268,0.021642459838877397,-0.7119996578308871,-3.9491037322396565
2016-06-10,ADANIPORTS,EQ,201.9,202.95,205.7,201.5,203.0,202.75,203.62,1978971,40296547675000.0,17757.0,519966,0.2627,191.7875,198.97675512777903,79.0604026845638,213.87593171865925,169.69906828134074,0.0042100049529469885,-0.007374631268436627,0.019241357056374135,-0.36595418989938366,-3.232473823771602
2016-06-13,ADANIPORTS,EQ,202.75,201.2,203.7,197.7,203.15,202.6,200.21,2446154,48974035680000.0,33632.0,910449,0.3722,192.6275,199.32182606799054,79.27321668909826,215.03270322557552,170.22229677442448,-0.0007398273736128891,0.0042100049529469885,0.018832073065825197,-0.1026313396407943,-2.606505326945441
2016-06-14,ADANIPORTS,EQ,202.6,202.6,210.0,201.85,208.2,208.6,207.92,4836424,100560428225000.0,50292.0,1622118,0.3354,193.895,200.20546168056288,81.28797083839612,216.92596085479542,170.8640391452046,0.029615004935834133,-0.0007398273736128891,0.02021223576007544,0.5834778033212444,-1.9685087008921038
2016-06-15,ADANIPORTS,EQ,208.6,211.0,211.9,206.3,206.95,207.0,207.88,4053483,84265613440000.0,31717.0,2006015,0.4949,195.085,200.85256056812833,77.20588235294119,218.24828992177865,171.92171007822137,-0.007670182166826467,0.029615004935834133,0.013329438727826765,0.9867430543220337,-1.3774583498492765
2016-06-16,ADANIPORTS,EQ,207.0,207.5,209.5,202.1,207.65,208.5,205.66,4409306,90680815180000.0,52781.0,1926823,0.437,196.9325,201.5808881330685,73.72881355932206,217.99059695506168,175.87440304493833,0.007246376811594235,-0.007670182166826467,0.012800940249364005,1.411104797364601,-0.8197457204065011
2016-06-17,ADANIPORTS,EQ,208.5,209.0,209.5,206.45,206.6,207.7,208.0,2988774,62167882045000.01,44908.0,1448309,0.4846,198.42000000000002,202.16366069182388,75.10791366906473,217.9820847021753,178.85791529782472,-0.003836930455635601,0.007246376811594235,0.01283075725885669,1.6636833163025813,-0.3230599130646847
2016-06-20,ADANIPORTS,EQ,207.7,203.35,208.9,203.35,207.0,206.8,206.88,1787203,36972853425000.0,15656.0,548538,0.3069,199.705,202.60521681641208,71.70370370370372,217.79788606928489,181.61211393071514,-0.004333172845450095,-0.003836930455635601,0.01283973868322866,1.7708182434898845,0.09571571824622915
2016-06-21,ADANIPORTS,EQ,206.8,207.0,209.95,203.0,203.3,203.25,206.03,2846802,58651604390000.0,28937.0,1247880,0.4382999999999999,200.825,202.66662473865856,51.74953959484345,216.63234339677234,185.01765660322764,-0.017166344294003877,-0.004333172845450095,0.013299566391864644,1.5513847164316132,0.386849517883306
2016-06-22,ADANIPORTS,EQ,203.25,204.0,208.45,203.1,207.95,207.35,205.66,3917750,80571065930000.0,30108.0,2042510,0.5213,202.05,203.11266047783394,53.79188712522048,215.63292271471786,188.46707728528216,0.02017220172201717,-0.017166344294003877,0.013966845192073835,1.6888497910562705,0.6472495725178989
2016-06-23,ADANIPORTS,EQ,207.35,207.8,208.8,204.6,206.4,207.15,206.5,4392227,90701618480000.0,24980.0,2871135,0.6537000000000001,203.16750000000002,203.49716900375452,54.65949820788529,214.21597095876263,192.1190290412374,-0.0009645526886905564,0.02017220172201717,0.01363122960586542,1.7613497806788985,0.8700696141500989
2016-06-24,ADANIPORTS,EQ,207.15,200.0,203.1,195.35,203.0,201.9,199.25,6402985,127580410959999.98,35882.0,3870309,0.6045,203.67749999999998,203.34505767006362,47.2136222910217,213.3535950692815,194.00140493071845,-0.025343953656770446,-0.0009645526886905564,0.01621511821779119,1.3792759858741022,0.9719108884948996
2016-06-27,ADANIPORTS,EQ,201.9,202.0,205.65,202.0,203.65,203.85,204.18,2862705,58450474275000.0,33482.0,1529179,0.5342,204.35750000000002,203.39314741577184,45.78696343402224,211.68748707547365,197.02751292452638,0.009658246656760738,-0.025343953656770446,0.016514559991935903,1.2197677308461152,1.0214822569651427
2016-06-28,ADANIPORTS,EQ,203.85,204.0,206.8,202.55,202.65,202.9,203.92,5865629,119614041940000.02,43533.0,4020934,0.6855,204.89499999999998,203.34618099522214,49.14675767918089,209.5410962674708,200.24890373252916,-0.004660289428501274,0.009658246656760738,0.013048346413597502,1.0051129130225434,1.0182083881766228
2016-06-29,ADANIPORTS,EQ,202.9,204.0,205.25,202.2,202.9,203.05,203.39,6496278,132125461834999.98,31084.0,5097729,0.7847,204.93250000000003,203.31797328139146,52.05724508050091,209.50188035650305,200.36311964349701,0.0007392804337111869,-0.004660289428501274,0.012962413984928527,0.837447595206072,0.9820562295825128
2016-06-30,ADANIPORTS,EQ,203.05,205.9,207.8,203.5,207.0,206.85,205.85,5638170,116064451075000.0,65785.0,3743331,0.6639,205.01500000000001,203.6543567784018,56.63430420711974,209.66361043190955,200.36638956809048,0.01871460231470068,0.0007392804337111869,0.014295296236238278,0.9996762197634723,0.9855802276187048
2016-07-01,ADANIPORTS,EQ,206.85,205.1,207.9,203.8,204.5,204.3,205.84,3280576,67526567020000.01,34565.0,2037239,0.621,205.0025,203.7158466090302,52.552552552552584,209.6577149591699,200.3472850408301,-0.01232777374909344,0.01871460231470068,0.01474720043306061,0.9119672934792789,0.9708576407908196
2016-07-04,ADANIPORTS,EQ,204.3,206.0,213.95,205.5,213.5,213.25,210.43,5170996,108811752309999.98,49747.0,2254358,0.436,205.47999999999996,204.62386121769399,56.4137931034483,211.3684722350915,199.59152776490842,0.043808125305922596,-0.01232777374909344,0.020481122723870256,1.546816798031756,1.086049472239007
2016-07-05,ADANIPORTS,EQ,213.25,214.55,216.4,213.0,214.55,214.55,215.0,6536180,140527128750000.0,57739.0,3328142,0.5092,205.8825,205.5692077683898,60.50069541029211,213.03035761059462,198.73464238940537,0.00609613130128972,0.043808125305922596,0.01918287392399194,2.130282172846023,1.2948960123604103
2016-07-07,ADANIPORTS,EQ,214.55,216.45,216.45,208.6,209.75,210.05,210.79,7139883,150503434160000.0,93181.0,4545701,0.6367,206.215,205.99594988568597,51.989730423620045,213.49410491896722,198.93589508103278,-0.020974131903985116,0.00609613130128972,0.020098337695913075,2.2041620856167867,1.4767492270116855
2016-07-08,ADANIPORTS,EQ,210.05,210.05,211.95,204.6,207.25,207.05,207.2,2451302,50791226135000.0,38590.0,903203,0.3685,206.4725,206.09633561085874,49.210206561360906,213.46772205360384,199.47727794639616,-0.014282313734825025,-0.020974131903985116,0.020709853671372683,1.9976103125953841,1.5809214441284252
2016-07-11,ADANIPORTS,EQ,207.05,210.25,218.25,208.0,217.95,217.45,214.5,7409680,158938354195000.0,62492.0,3957607,0.5341,207.20750000000004,207.17763698125313,60.51332675222112,215.52079151357913,198.89420848642095,0.050229413185220784,-0.014282313734825025,0.023916624479192773,2.642646840141623,1.7932665233310647
2016-07-12,ADANIPORTS,EQ,217.45,219.2,219.9,215.4,216.9,218.0,218.45,5113880,111711261525000.0,50715.0,2857506,0.5588000000000001,207.97750000000002,208.20833822113377,65.47743966421828,217.28700137170304,198.667998628297,0.002529317084387195,0.050229413185220784,0.023957984626508496,3.161776349300169,2.0669684885248856
2016-07-13,ADANIPORTS,EQ,218.0,217.45,222.0,215.2,216.7,217.3,218.7,5136217,112326592595000.0,42499.0,2512552,0.4892,208.4125,209.07421077150198,61.242937853107385,218.614712092444,198.210287907556,-0.0032110091743118296,0.002529317084387195,0.023883966171527396,3.4766296530648617,2.348900721432881
2016-07-14,ADANIPORTS,EQ,217.3,217.3,220.7,214.55,217.2,216.9,217.87,3685749,80302509160000.0,28410.0,1410898,0.3828,208.90749999999997,209.81952403135892,60.96737907761532,219.76103568393103,198.0539643160689,-0.0018407731247124248,-0.0032110091743118296,0.023974462186084584,3.651781048856975,2.6094767869177
2016-07-15,ADANIPORTS,EQ,216.9,219.2,223.65,218.25,220.3,220.5,221.34,5747335,127210130684999.98,60659.0,2445424,0.4255,209.5075,210.83671221884856,71.72897196261685,221.52999098456468,197.4850090154353,0.016597510373443924,-0.0018407731247124248,0.023867394749521632,4.0345716746330424,2.8944957644607685
2016-07-18,ADANIPORTS,EQ,220.5,221.65,222.9,216.25,216.75,217.95,219.63,3449057,75751885875000.0,32846.0,1096389,0.3179,210.01999999999998,211.51416819800585,66.24423963133643,222.57993630558096,197.460063694419,-0.011564625850340238,0.016597510373443924,0.023801055640418064,4.085082031869177,3.1326130179424507
2016-07-19,ADANIPORTS,EQ,217.95,218.9,221.8,216.1,221.35,220.6,219.63,3614887,79392186330000.0,22803.0,1830147,0.5063000000000001,210.70999999999998,212.3794855124815,69.62305986696231,224.0190234526581,197.40097654734186,0.012158752007341178,-0.011564625850340238,0.02014801536311393,4.28949804358561,3.363990023071083
2016-07-20,ADANIPORTS,EQ,220.6,221.0,222.4,218.5,220.95,221.4,220.9,3477005,76808743480000.0,27436.0,1797573,0.517,211.61749999999998,213.2385821303404,70.05464480874318,225.25584667400116,197.9791533259988,0.0036264732547597323,0.012158752007341178,0.020128789606720005,4.464587533749921,3.584109525206851
2016-07-21,ADANIPORTS,EQ,221.4,222.0,226.35,219.8,223.1,223.2,223.5,5312623,118739765034999.98,55893.0,2477162,0.4663,212.41,214.18728859411752,68.68571428571428,226.82419621872174,197.99580378127825,0.008130081300812941,0.0036264732547597323,0.018240189672117418,4.694477162411403,3.8061830526477616
2016-07-22,ADANIPORTS,EQ,223.2,223.0,225.95,221.6,225.25,225.35,224.88,3937731,88553237940000.0,32147.0,2198333,0.5583,213.32,215.25040396610632,74.27912341407149,228.60753878508538,198.0324612149146,0.00963261648745517,0.008130081300812941,0.016758489544860505,4.992601775608733,4.043466797239956
2016-07-25,ADANIPORTS,EQ,225.35,226.3,227.45,224.15,227.25,226.15,226.02,4843432,109473357230000.0,30807.0,3427468,0.7077,214.53250000000003,216.28846073123907,68.32386363636363,229.8529807881204,199.21201921187966,0.003550033281562115,0.00963261648745517,0.008198284830047982,5.233097107594006,4.281392859310766
2016-07-26,ADANIPORTS,EQ,226.15,227.0,229.45,222.15,224.3,224.4,227.12,3999228,90828722410000.0,66782.0,2126186,0.5316,215.56,217.06098828064486,63.8148667601683,230.61808403273977,200.50191596726023,-0.007738226840592555,0.003550033281562115,0.009001132512858126,5.222281802367718,4.469570647922157
2016-07-27,ADANIPORTS,EQ,224.4,226.0,229.45,223.55,228.25,228.7,227.21,3648076,82886682295000.0,23393.0,1602809,0.4394,216.85,218.16946558725013,76.30465444287726,231.7612814938782,201.9387185061218,0.01916221033868082,-0.007738226840592555,0.010026173164397698,5.497315032718973,4.67511952488152
2016-07-28,ADANIPORTS,EQ,228.7,229.8,231.55,224.4,225.5,225.25,227.8,4676659,106534089965000.0,42326.0,2962026,0.6334000000000001,217.95999999999998,218.84380219798823,75.34818941504177,231.81354220331892,204.10645779668104,-0.015085264538696963,0.01916221033868082,0.011777274263135847,5.374935768376304,4.815082773580477
2016-07-29,ADANIPORTS,EQ,225.25,227.95,233.5,226.15,232.65,232.4,229.79,4990407,114674211609999.98,73045.0,2779299,0.5569,219.2375,220.13486865532266,72.89433384379788,233.483935380572,204.99106461942802,0.03174250832408432,-0.015085264538696963,0.01430223684341908,5.788172119465372,5.009700642757457
2016-08-01,ADANIPORTS,EQ,232.4,234.45,236.25,225.85,228.5,228.55,231.85,3414966,79174919395000.0,42757.0,1459355,0.4272999999999999,220.45,220.93630973576813,64.67315716272603,233.41355214479037,207.4864478552096,-0.016566265060240948,0.03174250832408432,0.015028923488114276,5.738848210837546,5.155530156373475
2016-08-02,ADANIPORTS,EQ,228.55,230.0,231.7,223.8,225.0,224.65,228.45,2083401,47595778370000.0,25339.0,607349,0.2915,221.02000000000004,221.28999452283782,59.38697318007662,233.64876416007107,208.391235839929,-0.017064099759352414,-0.016566265060240948,0.01624427843602657,5.323693032159468,5.189162731530674
2016-08-03,ADANIPORTS,EQ,224.65,225.7,228.4,221.5,223.0,222.85,224.45,3212161,72095908205000.0,34887.0,1299769,0.4046,221.435,221.43856647304375,57.33662145499382,233.7090676567416,209.1609323432584,-0.008012463832628547,-0.017064099759352414,0.016524483429169082,4.794170393227546,5.110164263870049
2016-08-04,ADANIPORTS,EQ,222.85,226.2,229.5,223.05,228.35,227.9,226.68,2779249,62999946729999.99,26115.0,1118362,0.4024,222.32750000000001,222.05394109465863,58.80952380952381,233.67694816651314,210.9780518334869,0.022660982723805345,-0.008012463832628547,0.017830398510912636,4.727516811235546,5.033634773343148
2016-08-05,ADANIPORTS,EQ,227.9,230.6,234.9,229.25,233.7,234.0,232.2,2112014,49041150025000.0,30266.0,850123,0.4025,223.675,223.1916609904054,67.61800219538969,233.71048965580286,213.63951034419716,0.02676612549363755,0.022660982723805345,0.01937706715508421,5.108030195016909,5.048513857677901
2016-08-08,ADANIPORTS,EQ,234.0,235.5,241.4,234.05,240.5,240.65,237.68,3171611,75381552855000.0,32451.0,1107411,0.3492,224.83499999999998,224.85435994370016,70.23208879919275,236.98204209176393,212.68795790823603,0.02841880341880354,0.02676612549363755,0.02086031176119798,5.878426376668784,5.214496361476078
2016-08-09,ADANIPORTS,EQ,240.65,241.0,242.9,234.8,239.0,239.75,239.04,7445154,177967011860000.0,53510.0,1513927,0.2032999999999999,225.92249999999999,226.27299233001443,68.47935548841892,239.32283287096854,212.52216712903143,-0.00373987118221486,0.02841880341880354,0.02059523933894213,6.34322764290124,5.440242617761111
2016-08-10,ADANIPORTS,EQ,239.75,244.5,261.25,244.15,257.6,258.45,254.87,19509517,497243612240000.0,151363.0,5137091,0.2633,227.98000000000002,229.33746925096543,76.48384673178062,247.1851363743663,208.77486362563374,0.07799791449426485,-0.00373987118221486,0.030521947579885213,8.12683857635514,5.977561809479917
2016-08-11,ADANIPORTS,EQ,258.45,258.5,259.75,251.1,254.0,253.5,255.82,4663215,119293737745000.0,50075.0,1997116,0.4283,229.81000000000003,231.6386626556354,70.2956020187455,251.3970477735851,208.22295222641498,-0.019152640742890248,0.07799791449426485,0.030957525183970463,9.036769209957441,6.589403289575422
2016-08-12,ADANIPORTS,EQ,253.5,254.3,261.0,251.2,258.0,258.25,256.11,8089419,207181030885000.0,48020.0,4748195,0.5870000000000001,231.69750000000005,234.17307573605106,71.89631650750341,256.2542329174512,207.14076708254893,0.018737672583826415,-0.019152640742890248,0.030316786413812195,10.025612080045192,7.276645047669376
2016-08-16,ADANIPORTS,EQ,258.25,259.6,274.6,258.3,273.7,273.55,269.63,15191371,409604009060000.0,101388.0,8940484,0.5885,234.47750000000002,237.9232589992843,78.2959124928037,264.4686473780629,204.48635262193713,0.0592449177153922,0.018737672583826415,0.03208358451531723,11.906607353418252,8.202637508819151
2016-08-17,ADANIPORTS,EQ,273.55,274.0,276.35,265.2,265.9,267.65,271.29,11251645,305245022470000.0,97505.0,7580869,0.6738,236.83,240.75437718982863,72.01808931599773,269.4993869257643,204.1606130742357,-0.02156826905501752,0.0592449177153922,0.03266600699870358,12.773978495195792,9.11690570609448
2016-08-18,ADANIPORTS,EQ,267.65,268.3,277.0,267.95,274.55,275.45,274.94,9439270,259522020310000.0,78055.0,6720843,0.7120000000000001,239.53250000000003,244.05872221936875,77.04741379310343,275.59376767483093,203.47123232516913,0.029142536895198967,-0.02156826905501752,0.031451930070753295,13.93019259778282,10.079563084432149
2016-08-19,ADANIPORTS,EQ,275.45,274.9,277.9,270.15,273.0,273.05,273.64,3970921,108661364480000.0,43317.0,1959299,0.4934,242.025,246.81979629371457,73.08347529812606,280.16433595867153,203.88566404132848,-0.008713015066255103,0.029142536895198967,0.03289389313405948,14.485856722626977,10.960821812071114
2016-08-22,ADANIPORTS,EQ,273.05,274.4,279.7,268.65,271.1,270.55,272.43,3638085,99112410395000.0,67021.0,1072501,0.2948,244.28500000000003,249.0798156943132,74.22145328719722,283.6024944321358,204.96750556786427,-0.00915583226515293,-0.008713015066255103,0.033863917404738715,14.556694920466384,11.679996433750167
2016-08-23,ADANIPORTS,EQ,270.55,271.7,276.15,270.1,272.8,272.5,272.45,4511269,122908309684999.98,28008.0,2349275,0.5208,246.60249999999996,251.31030943771196,78.2300884955752,286.8717317572081,206.33326824279177,0.007207540195897311,-0.00915583226515293,0.03360174106553617,14.601862227372294,12.264369592474594
2016-08-24,ADANIPORTS,EQ,272.5,273.8,273.8,268.55,270.2,270.1,270.37,3036313,82093926785000.0,26066.0,1628695,0.5364,248.8875,253.0998037769775,77.68014059753956,289.0382930707534,208.73670692924657,-0.008807339449541152,0.007207540195897311,0.03391896033745503,14.279393738738776,12.667374421727432
2016-08-25,ADANIPORTS,EQ,270.1,271.5,271.5,260.1,262.3,261.75,262.93,8422383,221451037495000.0,46061.0,5056627,0.6004,250.54000000000002,253.92363198869393,69.09193457416808,289.9052344615201,211.17476553847993,-0.03091447611995568,-0.008807339449541152,0.027409777309147256,13.197922487088732,12.773484034799694
2016-08-26,ADANIPORTS,EQ,261.75,262.95,263.2,255.1,256.5,257.7,257.97,4991512,128765417484999.98,55419.0,2283120,0.4574,252.1625,254.2832860850088,63.68360277136257,289.7747442969379,214.55025570306208,-0.015472779369627543,-0.03091447611995568,0.027123382826863152,11.877135352752191,12.594214298390193
2016-08-29,ADANIPORTS,EQ,257.7,253.45,263.35,247.55,263.05,262.6,256.66,6941895,178167734315000.0,59507.0,2443351,0.352,253.67249999999999,255.07535407691273,62.9345904537419,290.3575532448686,216.9874467551314,0.019014357780364977,-0.015472779369627543,0.027142522284424382,11.097861838924445,12.294943806497045
2016-08-30,ADANIPORTS,EQ,262.6,264.55,265.4,260.1,263.35,262.95,262.83,2076344,54571688715000.0,28653.0,512383,0.2468,255.3925,255.825320355302,63.76037959667852,290.3007447658352,220.4842552341648,0.0013328255902511632,0.019014357780364977,0.018312937598555058,10.388768780068801,11.913708801211396
2016-08-31,ADANIPORTS,EQ,262.95,263.25,266.45,261.7,262.3,262.95,264.01,5047234,133250863365000.02,43526.0,3081097,0.6104999999999999,257.3075,256.5038612738447,53.42987804878049,289.185396566015,225.42960343398502,0.0,0.0013328255902511632,0.017224659283524867,9.714821012816401,11.473931243532396
2016-09-01,ADANIPORTS,EQ,262.95,263.15,263.9,257.8,259.0,258.7,260.04,3552214,92371722255000.0,34813.0,1960205,0.5518,259.1,256.7130173430023,54.00616332819721,286.54299354546976,231.6570064545303,-0.016162768587183907,0.0,0.013858794138843285,8.73705770784295,10.926556536394507
2016-09-02,ADANIPORTS,EQ,258.7,259.0,269.4,256.8,268.8,268.2,266.48,6194172,165059393890000.0,53801.0,2451465,0.3958,261.115,257.8070156912878,57.14285714285714,284.5355285571136,237.69447144288645,0.03672207189795129,-0.016162768587183907,0.019307927769275677,8.629270985053608,10.467099426126328
2016-09-06,ADANIPORTS,EQ,268.2,270.0,271.75,267.6,269.05,270.6,270.3,4376626,118300421080000.0,33556.0,2859613,0.6534000000000001,262.945,259.02539514926036,47.40088105726873,282.90938671339353,242.98061328660646,0.008948545861297674,0.03672207189795129,0.01937187255535475,8.637936418935965,10.101266824688256
2016-09-07,ADANIPORTS,EQ,270.6,270.0,274.1,266.3,272.0,272.25,270.46,3506325,94830357830000.0,30937.0,1650001,0.4706,264.525,260.28488132552127,54.3809523809524,281.89301355183284,247.15698644816715,0.0060975609756097615,0.008948545861297674,0.01933031042115892,8.677911486291862,9.81659575700898
2016-09-08,ADANIPORTS,EQ,272.25,272.0,276.5,272.0,274.5,275.6,274.13,3257359,89294662795000.0,23430.0,1495212,0.459,266.3175,261.743464056424,50.156087408949055,279.90868425574007,252.72631574425992,0.012304866850321394,0.0060975609756097615,0.019405083809460034,8.877573872553114,9.628791380117807
2016-09-09,ADANIPORTS,EQ,275.6,274.95,275.5,270.1,272.2,272.2,272.99,2254000,61532780620000.01,33687.0,912572,0.4049,267.005,262.7393246224788,49.133537206931685,280.3085373214399,253.70146267856006,-0.012336719883889846,0.012304866850321394,0.01656546659939155,8.66161051281415,9.435355206657075
2016-09-12,ADANIPORTS,EQ,272.2,268.9,268.9,256.4,259.75,260.0,260.83,4089149,106657777905000.0,48474.0,2222540,0.5435,267.33000000000004,262.47843656319515,41.02127659574468,279.51495189286214,255.14504810713794,-0.044819985304922816,-0.012336719883889846,0.02208679196436181,7.420481265009414,9.032380418327543
2016-09-14,ADANIPORTS,EQ,260.0,261.0,268.0,256.85,267.2,264.7,262.65,5183715,136148462370000.0,40863.0,2889820,0.5575,267.65250000000003,262.69001403336705,43.65853658536586,279.14746342796747,256.1575365720326,0.0180769230769231,-0.044819985304922816,0.022004191842737386,6.738451441059738,8.573594622873983
2016-09-15,ADANIPORTS,EQ,264.7,266.05,269.75,262.0,267.5,267.4,266.48,2969754,79138435405000.0,26640.0,1244739,0.4191,267.345,263.1385841254273,47.81553398058249,278.49969691016656,256.1903030898335,0.010200226671703838,0.0180769230769231,0.02219619787255228,6.342690736357724,8.127413845570732
2016-09-16,ADANIPORTS,EQ,267.4,268.0,275.0,267.7,271.0,271.15,272.05,5596231,152246829440000.0,45907.0,3232204,0.5776,267.52,263.90157611348184,58.21678321678319,278.80391496076993,256.23608503923003,0.014023934181002229,0.010200226671703838,0.022503499331808827,6.259485731404766,7.753828222737539
2016-09-19,ADANIPORTS,EQ,271.15,272.0,277.7,269.65,275.15,276.15,274.64,3949553,108469644305000.0,40833.0,2059615,0.5215,267.55499999999995,265.0680926741026,65.86414445399826,278.94631247924406,256.16368752075584,0.01843997787202656,0.014023934181002229,0.021827540337053017,6.5218238530923145,7.507427348808495
2016-09-20,ADANIPORTS,EQ,276.15,276.95,276.95,267.85,269.4,270.1,271.97,4084585,111087697959999.98,50831.0,2296118,0.5621,267.40749999999997,265.5473219432357,56.323777403035415,278.57339143681463,256.2416085631853,-0.021908383125113007,0.01843997787202656,0.020733880407729,6.170415556943283,7.240024990435453
2016-09-21,ADANIPORTS,EQ,270.1,275.0,276.0,268.0,270.1,269.7,271.93,5226987,142137681300000.0,53506.0,2826730,0.5408,267.365,265.94281509149897,55.686604886267894,278.4869129365503,256.2430870634497,-0.0014809329877824018,-0.021908383125113007,0.020545647628744713,5.792868708884157,6.950593734125194
2016-09-22,ADANIPORTS,EQ,269.7,273.2,277.4,271.55,276.0,275.35,274.93,4923688,135365080850000.0,46503.0,2751349,0.5588000000000001,267.5075,266.8387374637372,59.538461538461554,278.9741231894226,256.0408768105774,0.0209492028179461,-0.0014809329877824018,0.021558474565431116,5.8817665491924345,6.736828297138643
2016-09-23,ADANIPORTS,EQ,275.35,276.75,277.7,273.3,275.3,275.1,275.46,3066615,84472980600000.0,27365.0,1509402,0.4922,267.7575,267.6255243719527,63.44262295081969,279.6714138029887,255.84358619701132,-0.0009079353550027758,0.0209492028179461,0.021214270095035702,5.8644441557109985,6.562351468853114
2016-09-26,ADANIPORTS,EQ,275.1,274.5,274.5,268.8,270.65,270.4,270.86,2817192,76307279805000.0,33302.0,1364613,0.4844,268.19,267.8897601460524,51.95729537366546,279.8100643172325,256.5699356827675,-0.017084696474009564,-0.0009079353550027758,0.021571765409304892,5.409112432547943,6.331703661592081
2016-09-27,ADANIPORTS,EQ,270.4,273.0,273.7,263.8,264.5,264.7,267.73,3623937,97021959825000.0,33994.0,1987631,0.5485,268.54,267.585973465476,45.042016806722664,279.2127690877192,257.86723091228083,-0.021079881656804744,-0.017084696474009564,0.0169596322609604,4.536027892376865,5.972568507749037
2016-09-28,ADANIPORTS,EQ,264.7,266.7,272.0,262.1,271.0,271.0,267.72,4450516,119149300615000.02,31887.0,2479755,0.5572,268.96,267.9111188497164,49.025720966484805,279.304619755917,258.615380244083,0.023800528900642215,-0.021079881656804744,0.017647993285257818,4.302858775235677,5.638626561246365
2016-09-29,ADANIPORTS,EQ,271.0,273.3,273.7,254.45,260.0,256.8,260.49,7369816,191978266185000.0,39800.0,3616809,0.4908,268.65250000000003,266.85291705450527,37.46666666666667,280.06032164730044,257.2446783526996,-0.05239852398523981,0.023800528900642215,0.024415747770895366,2.9383774580995805,5.098576740617009
2016-09-30,ADANIPORTS,EQ,256.8,258.0,259.8,249.1,255.5,256.75,252.84,8404996,212514046110000.0,52041.0,4443752,0.5287,268.34250000000003,265.8907344778857,39.21842288904398,280.70020694960874,255.98479305039132,-0.00019470404984422984,-0.05239852398523981,0.02366725791718537,1.831865002131451,4.445234392919898
2016-10-03,ADANIPORTS,EQ,256.75,260.7,267.5,259.3,264.9,264.5,264.49,3775937,99868330315000.0,54378.0,1396409,0.3697999999999999,268.6325,265.75828357522994,53.34821428571428,280.28981191366194,256.97518808633805,0.030185004868549248,-0.00019470404984422984,0.025211088890794802,1.56229695255945,3.8686469048478083
2016-10-04,ADANIPORTS,EQ,264.5,267.6,269.8,263.1,268.35,268.7,266.74,3083178,82241632230000.0,42922.0,1546854,0.5017,268.65749999999997,266.0384470442557,52.99850074962519,280.3130509702813,257.0019490297186,0.015879017013232577,0.030185004868549248,0.025062093381080657,1.6683356948884125,3.428584662855929
2016-10-05,ADANIPORTS,EQ,268.7,269.95,269.95,264.0,265.1,265.45,266.41,2157411,57475024679999.99,25509.0,952480,0.4415,268.4,265.9824044686123,48.55018587360596,280.10231645983356,256.6976835401664,-0.012095273539263096,0.015879017013232577,0.025343989634447797,1.4731428497628372,3.0374963002373105
2016-10-06,ADANIPORTS,EQ,265.45,267.0,267.6,261.2,264.5,264.9,265.21,3683355,97685712930000.0,29330.0,2042773,0.5546,268.0325,265.87931832874443,45.12099921935988,279.6872832963119,256.3777167036882,-0.0020719532868713753,-0.012095273539263096,0.024114713440265546,1.2595513859207017,2.6819073173739887
2016-10-07,ADANIPORTS,EQ,264.9,267.4,268.2,262.35,267.8,266.85,265.59,3109737,82592985750000.0,20223.0,1658374,0.5333,267.59499999999997,265.97176420219733,42.377049180327916,278.6975317169598,256.4924682830401,0.007361268403171195,-0.0020719532868713753,0.02435771980367832,1.2334093400509687,2.3922077219093847
2016-10-10,ADANIPORTS,EQ,266.85,268.95,268.95,263.15,264.0,264.0,264.96,4104061,108741101025000.0,33118.0,2768071,0.6745,267.185,265.78397713532144,44.72318339100346,278.1765805098744,256.1934194901256,-0.010680157391793177,0.007361268403171195,0.024021388298309403,0.9715213059359371,2.1080704387146953
2016-10-13,ADANIPORTS,EQ,264.0,263.3,263.3,248.1,251.65,251.1,254.23,5621911,142927046190000.0,65892.0,3405454,0.6057,266.74,264.38550312243365,36.770981507823656,279.52990555908514,253.95009444091488,-0.04886363636363633,-0.010680157391793177,0.02777091704890677,-0.2737929237090384,1.6316977662299486
2016-10-14,ADANIPORTS,EQ,251.1,252.0,256.2,251.25,254.2,254.35,253.95,2690365,68321652050000.0,49329.0,979756,0.3642,266.22249999999997,263.4297409202971,34.536082474226816,280.1471647885498,252.29783521145012,0.012943050577459259,-0.04886363636363633,0.02671601643135769,-0.9870870589156198,1.107940801200835
2016-10-17,ADANIPORTS,EQ,254.35,253.0,255.05,249.4,251.1,250.75,251.88,1657111,41739917200000.0,42751.0,414130,0.2498999999999999,265.39,262.2221465469355,32.9122807017544,280.9169409329927,249.86305906700724,-0.014153725181835997,0.012943050577459259,0.021578315528473113,-1.821866372152499,0.5219793665301682
2016-10-18,ADANIPORTS,EQ,250.75,251.55,269.0,251.55,268.05,267.0,260.49,4975655,129611438765000.02,48048.0,1505692,0.3026,265.1825,262.67718020913213,47.94685990338166,280.49476804334955,249.87023195665043,0.06480558325024921,-0.014153725181835997,0.03027617498954495,-1.1588374423848222,0.1858160047471701
2016-10-19,ADANIPORTS,EQ,267.0,269.0,273.4,262.8,271.0,271.6,269.02,4745567,127663987434999.98,47853.0,1053139,0.2219,264.95500000000004,263.5269725701672,54.22276621787028,279.7060891658466,250.2039108341535,0.017228464419475786,0.06480558325024921,0.029308600644208982,-0.25921264051692106,0.09681027569435188
2016-10-20,ADANIPORTS,EQ,271.6,272.85,286.4,268.7,285.2,285.25,280.65,7256284,203644733250000.0,62138.0,2095099,0.2887,265.7125,265.5958323253894,58.00112296462661,282.92641343620835,248.49858656379163,0.05025773195876271,0.017228464419475786,0.03279186305651341,1.5374644850550112,0.38494111756648375
2016-10-21,ADANIPORTS,EQ,285.25,286.0,288.25,281.65,284.6,285.75,285.24,4031821,115003371034999.98,42877.0,570568,0.1415,266.515,267.51527686582847,69.21035169210349,285.8744013609002,247.1555986390998,0.0017528483786153348,0.05025773195876271,0.03220778856566356,2.96748258075894,0.901449410204975
2016-10-24,ADANIPORTS,EQ,285.75,285.4,294.9,283.0,286.3,285.65,290.02,7433061,215576056810000.0,52323.0,1435643,0.1931,267.03,269.2423933547972,69.1644562334217,287.87035558843513,246.18964441156484,-0.00034995625546818676,0.0017528483786153348,0.03215335653074724,4.046072455390117,1.5303740192420037
2016-10-25,ADANIPORTS,EQ,285.65,286.65,317.0,280.55,310.65,312.8,303.43,20614093,625496862900000.0,147420.0,2834741,0.1375,268.915,273.3907368448165,75.47468354430377,298.0127499582244,239.81725004177562,0.09504638543672339,-0.00034995625546818676,0.04230452480716689,7.0108243804670565,2.6264640914870143
2016-10-26,ADANIPORTS,EQ,312.8,312.95,316.5,299.35,305.4,305.1,307.21,11974635,367878121875000.0,111689.0,4099495,0.3423,270.65,276.4106666691197,68.5147507629705,303.9545595108279,237.34544048917206,-0.02461636828644498,0.09504638543672339,0.043522347652428656,8.639495268997791,3.82907032698917
2016-10-27,ADANIPORTS,EQ,305.1,305.45,308.8,299.35,306.65,305.0,303.18,6866827,208188574290000.0,62289.0,2533441,0.3689,272.665,279.1334603196797,70.78297425118231,309.1759514933136,236.15404850668642,-0.00032776138970835866,-0.02461636828644498,0.03790226918286755,9.809086474895139,5.025073556570364
2016-10-28,ADANIPORTS,EQ,305.0,306.0,309.7,302.35,306.75,307.0,306.7,6175751,189410282385000.0,61223.0,3311858,0.5363,274.46500000000003,281.7874164797102,71.79089026915112,314.0504984080059,234.8795015919941,0.006557377049180246,-0.00032776138970835866,0.03809252911624212,10.773192559573715,6.174697357171034
2016-10-30,ADANIPORTS,EQ,307.0,308.9,308.9,304.0,304.3,305.3,306.22,429360,13147762910000.0,4324.0,124527,0.29,276.89,284.02671014830923,69.9532952776336,317.83781788414825,235.94218211585172,-0.005537459283387558,0.006557377049180246,0.03733359406599723,11.27016236882821,7.19379035950247
2016-11-01,ADANIPORTS,EQ,305.3,307.0,308.0,301.45,305.0,305.15,305.21,5197221,158624531480000.0,48755.0,2722063,0.5238,279.31,286.03845203894645,71.97010144153761,320.9609758525937,237.65902414740629,-0.0004913200131019257,-0.005537459283387558,0.03430753978824538,11.519125468741834,8.058857381350343
2016-11-02,ADANIPORTS,EQ,305.15,300.0,304.15,297.15,301.5,299.9,300.66,4954922,148974875625000.0,77800.0,2260976,0.4563,281.08,287.3585994638087,78.37209302325579,323.08819970083107,239.0718002991689,-0.017204653449123364,-0.0004913200131019257,0.035644078598175866,11.164106524585861,8.679907209997447
2016-11-03,ADANIPORTS,EQ,299.9,299.7,301.9,287.1,288.65,288.2,294.07,5762076,169445625695000.0,49674.0,2370166,0.4113,282.055,287.43873284820785,67.91953414505028,323.75742830238335,240.35257169761667,-0.03901300433477828,-0.017204653449123364,0.035761536033095426,9.825398160650707,8.909005400128098
2016-11-04,ADANIPORTS,EQ,288.2,289.0,291.85,284.25,288.0,287.7,288.36,6331988,182587375765000.0,83809.0,3822746,0.6037,283.1675,287.4636154340928,70.22441160372193,324.1863053791973,242.14869462080276,-0.001734906315059015,-0.03901300433477828,0.03577668489882663,8.62469618707587,8.852143557517653
2016-11-07,ADANIPORTS,EQ,287.7,298.3,298.3,290.8,292.25,293.5,292.85,4697049,137554470075000.0,49484.0,2792912,0.5946,284.59749999999997,288.03850920227444,66.37824474660073,324.9231151452363,244.27188485476364,0.020159888773027435,-0.001734906315059015,0.03626048273302909,8.0483661942514,8.691388084864403
2016-11-08,ADANIPORTS,EQ,293.5,295.7,295.7,286.5,290.5,289.85,289.21,4446596,128598392805000.0,42803.0,2470986,0.5557,285.7475,288.2110321353912,61.41338336460287,325.2454076727605,246.24959232723953,-0.012436115843270756,0.020159888773027435,0.01668299920625052,7.213938237545619,8.395898115400648
2016-11-09,ADANIPORTS,EQ,289.85,268.0,283.0,260.9,282.1,282.4,275.1,7432798,204474434825000.0,46586.0,3289721,0.4426,286.6675,287.65760050344915,48.06779661016948,324.8684268969885,248.4665731030115,-0.02570294980162169,-0.012436115843270756,0.016810177833868664,5.883672023744282,7.893452897069375
2016-11-10,ADANIPORTS,EQ,282.4,289.0,297.15,286.0,293.5,294.55,293.6,4488690,131787547890000.02,48698.0,2198975,0.4899,288.84000000000003,288.3140195031206,55.15222482435597,323.2811565304863,254.39884346951374,0.04302407932011354,-0.02570294980162169,0.023244782679733754,5.743621035452634,7.463486524746027
2016-11-11,ADANIPORTS,EQ,294.55,288.0,293.0,272.85,280.5,276.75,281.2,4430411,124584431930000.0,63113.0,1963373,0.4432,289.96000000000004,287.2126843123472,45.68380213385065,320.9640336934198,258.95596630658025,-0.0604311661857071,0.04302407932011354,0.029038775212178878,4.148497086956922,6.800488637188206
2016-11-15,ADANIPORTS,EQ,276.75,280.7,280.7,258.0,265.3,266.65,266.5,4007163,106791213545000.0,46417.0,1649133,0.4115,290.755,285.254333425457,23.184195235328318,318.12855427568286,263.38144572431713,-0.036495031616982865,-0.0604311661857071,0.030146687609190082,2.045781775890987,5.849547264928763
2016-11-16,ADANIPORTS,EQ,266.65,271.0,275.0,260.9,264.9,265.25,265.84,3586045,95331934485000.0,41518.0,1835088,0.5117,290.6675,283.3491588135087,25.01567398119124,318.36998468809765,262.9650153119024,-0.0052503281455089645,-0.036495031616982865,0.029963720620679066,0.2633605860143575,4.732309929145882
2016-11-17,ADANIPORTS,EQ,265.25,267.0,269.4,262.2,265.0,264.6,265.15,2448535,64923023365000.0,35652.0,1299703,0.5307999999999999,290.3175,281.5635246407936,24.844333748443375,319.186628931485,261.448371068515,-0.002450518378887767,-0.0052503281455089645,0.03012431196207956,-1.1879763642994021,3.5482526704568254
2016-11-18,ADANIPORTS,EQ,264.6,265.0,266.3,256.8,262.1,261.9,262.48,2821119,74048747325000.0,25742.0,1507159,0.5342,289.15,279.69080800833706,22.160493827160508,320.650676684454,257.6493233155459,-0.010204081632653184,-0.002450518378887767,0.028596224982253976,-2.526910141732685,2.3332201080189234
2016-11-21,ADANIPORTS,EQ,261.9,262.05,265.0,245.15,258.65,255.7,253.5,4715918,119549824209999.98,52487.0,1826801,0.3874,287.6475,277.4059691504002,20.994152046783654,322.51743087098026,252.7775691290197,-0.023673157693776203,-0.010204081632653184,0.02880473311129835,-4.041722529844492,1.0582315804462405
2016-11-22,ADANIPORTS,EQ,255.7,257.0,263.2,257.0,261.15,260.8,260.29,4773262,124245149934999.98,49322.0,2752658,0.5767,286.40500000000003,275.8244482789335,25.483692647871806,323.2874719459216,249.52252805407846,0.019945248337896127,-0.023673157693776203,0.0287787160187596,-4.775644229591933,-0.10854358156139421
2016-11-23,ADANIPORTS,EQ,260.8,263.95,264.7,258.1,262.8,263.7,261.96,4191100,109792022200000.0,38810.0,2446748,0.5838,283.95,274.66973891903507,29.455164585698085,319.96106555081195,247.93893444918805,0.01111963190184051,0.019945248337896127,0.029632879051944335,-5.064891780908738,-1.099813221430863
2016-11-24,ADANIPORTS,EQ,263.7,263.7,263.7,256.15,257.5,257.7,259.1,4052569,105004072255000.0,32735.0,2186225,0.5395000000000001,281.58,273.0535733076984,31.492718446601955,317.96735176432446,245.1926482356755,-0.022753128555176305,0.01111963190184051,0.029462456965462205,-5.712423146972753,-2.0223352065392413
2016-11-25,ADANIPORTS,EQ,257.7,260.0,266.0,255.75,266.0,265.05,262.91,3644381,95813401260000.0,39420.0,1465404,0.4021,279.5825,272.29132823077475,37.31092436974793,314.9278082570958,244.23719174290414,0.028521536670547132,-0.022753128555176305,0.02687598839919669,-5.5683246657183645,-2.731533098375066
2016-11-28,ADANIPORTS,EQ,265.05,266.95,274.5,264.15,273.4,272.75,268.53,5898358,158390599200000.0,45284.0,2777602,0.4709,277.87,272.33501125641527,38.61766319253978,310.8626371371376,244.8773628628624,0.02905112242973029,0.028521536670547132,0.022880737437618134,-4.777725289627654,-3.140771536625584
2016-11-29,ADANIPORTS,EQ,272.75,275.0,280.0,267.6,277.2,276.9,275.49,4965658,136800139855000.0,60466.0,2543582,0.5122,276.45,272.76977208913763,42.935079105291855,306.8115060995212,246.08849390047877,0.015215398716773576,0.02905112242973029,0.01963566519716453,-3.772808681127856,-3.267178965526038
2016-11-30,ADANIPORTS,EQ,276.9,278.9,281.9,276.25,276.7,277.9,279.34,4877016,136234280015000.02,54222.0,2679002,0.5493,275.0875,273.25836522350545,47.359154929577464,302.3095281351183,247.8654718648817,0.003611412062116237,0.015215398716773576,0.01937240645753133,-2.862713803458462,-3.186285933112523
2016-12-01,ADANIPORTS,EQ,277.9,280.0,280.35,271.7,274.65,275.1,275.18,2039195,56114941004999.99,20167.0,801986,0.3933,273.8475,273.433759011743,37.17864205669083,298.4432735992808,249.25172640071924,-0.010075566750629594,0.003611412062116237,0.019835698197438432,-2.340414810373204,-3.0171117085646593
2016-12-02,ADANIPORTS,EQ,275.1,273.7,274.4,264.25,265.7,265.9,269.93,2854273,77045113705000.0,33213.0,1502752,0.5265,272.73249999999996,272.71625815348176,41.93308550185872,296.5997926385557,248.86520736144422,-0.03344238458742288,-0.010075566750629594,0.02282978931311593,-2.638437937609865,-2.9413769543737005
2016-12-05,ADANIPORTS,EQ,265.9,266.5,273.4,263.7,269.0,268.7,268.42,4802020,128895626895000.0,46234.0,1747270,0.3639,271.78249999999997,272.3337573769597,51.70975813177649,294.6321752251419,248.932824774858,0.010530274539300555,-0.03344238458742288,0.02109350804135824,-2.6185023485489864,-2.876802033208758
2016-12-06,ADANIPORTS,EQ,268.7,274.0,274.5,270.1,272.3,271.9,272.36,3001729,81755698055000.0,29404.0,1148712,0.3827,270.7025,272.2924471505826,55.384615384615365,291.1452177871744,250.25978221282563,0.01190919240788979,0.010530274539300555,0.020615834006899435,-2.317772159415256,-2.7649960584500577
2016-12-07,ADANIPORTS,EQ,271.9,272.5,282.9,272.3,278.2,277.4,277.06,3768935,104423307075000.0,35152.0,1099416,0.2917,270.08000000000004,272.778880755289,59.60960960960958,288.7490117574484,251.4109882425517,0.020228025009194628,0.01190919240788979,0.021141742389574645,-1.6169975421803997,-2.5353963551961263
2016-12-08,ADANIPORTS,EQ,277.4,279.9,288.3,279.9,287.0,287.1,285.9,4172911,119304065909999.98,46207.0,1649217,0.3952,270.31499999999994,274.1427968738329,67.11956521739133,289.7400001693356,250.8899998306643,0.03496755587599143,0.020228025009194628,0.020507814004001795,-0.275741103695168,-2.0834653048959346
2016-12-09,ADANIPORTS,EQ,287.1,289.45,291.3,284.25,285.6,285.65,287.32,3130514,89947296190000.0,37841.0,1280786,0.4090999999999999,269.87,275.2387209810869,71.7501815541031,287.2583627145998,252.48163728540024,-0.005050505050505194,0.03496755587599143,0.020073500002407964,0.6625736683795367,-1.5342575102408404
2016-12-12,ADANIPORTS,EQ,285.65,285.0,285.45,279.3,281.0,281.35,281.61,1781321,50163052505000.0,32335.0,820590,0.4607,270.1,275.8207475543167,65.0991917707568,287.9861016316774,252.21389836832265,-0.01505338701207759,-0.005050505050505194,0.0197015078236379,1.0471499294821456,-1.0179760222962435
2016-12-13,ADANIPORTS,EQ,281.35,281.4,287.2,278.45,287.0,286.0,284.02,2703309,76779794390000.0,37463.0,1308007,0.4839,271.0675,276.7902001681913,65.97421203438395,290.2166177479813,251.91838225201874,0.016527456904211757,-0.01505338701207759,0.019793948055175037,1.7074629553661111,-0.4728882267637726
2016-12-14,ADANIPORTS,EQ,286.0,287.45,288.35,282.1,283.85,283.85,284.05,2454540,69721961675000.0,37131.0,1340274,0.546,271.9975,277.462562056935,69.82562547384384,291.7540305658591,252.24096943414088,-0.00751748251748241,0.016527456904211757,0.02009229647364865,2.033833981852297,0.02845621495944123
2016-12-15,ADANIPORTS,EQ,283.85,290.1,291.65,283.05,284.5,284.25,287.39,4952579,142331926255000.0,56248.0,1572575,0.3175,272.97999999999996,278.1089847181793,66.27118644067798,293.13788731619326,252.82211268380664,0.001409194997357588,-0.00751748251748241,0.019629057439124502,2.2982690142064257,0.48241877480883816
2016-12-16,ADANIPORTS,EQ,284.25,286.0,286.0,279.2,279.8,280.25,280.89,3752270,105396317095000.0,42993.0,2409180,0.6421,273.8975,278.31289093549555,56.78119349005426,293.597178731009,254.19782126899094,-0.014072119613016687,0.001409194997357588,0.01624850153784941,2.160168039393227,0.817968627725716
2016-12-19,ADANIPORTS,EQ,280.25,280.9,281.0,275.25,276.2,276.45,276.56,2479261,68566160545000.01,27144.0,1566673,0.6319,274.935,278.13547275116264,49.59053685168336,292.68890542653736,257.18109457346264,-0.013559322033898313,-0.014072119613016687,0.017161464367014843,1.7242180672245127,0.9992185156254754
2016-12-20,ADANIPORTS,EQ,276.45,276.1,276.1,268.45,272.2,272.4,272.21,1657363,45114365500000.0,18713.0,604932,0.365,275.515,277.5892372510519,45.25862068965517,292.03997631178186,258.9900236882181,-0.014650027129679888,-0.013559322033898313,0.01767336473934347,1.039935689403137,1.0073619503810078
2016-12-21,ADANIPORTS,EQ,272.4,274.4,275.65,270.1,273.0,274.2,273.34,2500157,68338620690000.0,25068.0,1474458,0.5897,276.04,277.2664527509517,49.21052631578945,291.62493199416804,260.455068005832,0.0066079295154184425,-0.014650027129679888,0.01645150565873969,0.6355556419430854,0.9330006886934235
2016-12-22,ADANIPORTS,EQ,274.2,271.75,273.5,261.1,263.8,263.55,265.92,2771674,73704235015000.0,41986.0,1187635,0.4285,276.33250000000004,275.96012391752777,47.98973481608215,290.63495746273577,262.0300425372643,-0.03884026258205686,0.0066079295154184425,0.014994672770854305,-0.5380817814737497,0.6387841946599888
2016-12-23,ADANIPORTS,EQ,263.55,262.15,268.5,259.05,263.0,262.9,263.08,3336863,87787444520000.0,32572.0,1241539,0.3721,276.225,274.7163025920489,44.84902309058614,290.9116749488206,261.53832505117947,-0.002466325175488615,-0.03884026258205686,0.015081210127187519,-1.503318147039863,0.21036372632001843
2016-12-26,ADANIPORTS,EQ,262.9,262.0,262.0,257.25,260.5,260.0,259.25,2684615,69599614585000.0,27359.0,1340827,0.4994,275.5875,273.3147499642347,39.375000000000014,291.9235394285217,259.2514605714783,-0.011030810193989993,-0.002466325175488615,0.014929844402099112,-2.47376466539464,-0.3264619520229132
2016-12-27,ADANIPORTS,EQ,260.0,261.0,269.65,258.2,267.5,266.95,264.7,5604754,148359372445000.0,30630.0,3710098,0.662,275.09,272.7085833009742,40.90513489991297,291.8580648853615,258.32193511463845,0.026730769230769225,-0.011030810193989993,0.016981713454863358,-2.651479006950183,-0.7914653630083672
2016-12-28,ADANIPORTS,EQ,266.95,267.9,271.85,267.1,267.55,268.5,268.96,3862488,103886630845000.0,32818.0,2287692,0.5922999999999999,274.62,272.3077658437386,31.135902636916796,291.58226151753274,257.65773848246727,0.005806330773553192,0.026730769230769225,0.0174305928380527,-2.636850881309101,-1.160542466668514
2016-12-29,ADANIPORTS,EQ,268.5,268.0,268.1,262.65,264.1,264.65,264.43,4400374,116360794300000.0,35536.0,2554650,0.5806,274.09749999999997,271.57845481100156,29.690522243713716,291.6316613939526,256.56333860604735,-0.014338919925512172,0.005806330773553192,0.01745777554284882,-2.902463023541202,-1.5089265780430516
2016-12-30,ADANIPORTS,EQ,264.65,265.0,271.15,264.4,267.45,268.45,267.86,3744173,100290618965000.0,32748.0,1938424,0.5177,274.225,271.28050673376333,37.402343749999964,291.54394308187966,256.9060569181204,0.014358586812771579,-0.014338919925512172,0.018460903134221825,-2.774353299950519,-1.7620119224245452
2017-01-02,ADANIPORTS,EQ,268.45,269.8,276.9,267.0,274.0,273.8,270.73,2622173,70988990340000.0,20424.0,1165259,0.4443999999999999,274.48,271.5204584734049,38.24662813102121,291.6055241948114,257.35447580518866,0.019929223319054,0.014358586812771579,0.019566354052765477,-2.215585245285979,-1.8527265869968321
2017-01-03,ADANIPORTS,EQ,273.8,275.2,277.7,272.05,274.0,273.95,274.98,2064823,56777994320000.01,21844.0,967184,0.4684,274.58250000000004,271.7518433806997,40.08016032064125,291.66749726598306,257.497502734017,0.0005478451424396624,0.019929223319054,0.018950673112456767,-1.740589359206524,-1.8302991414387706
2017-01-04,ADANIPORTS,EQ,273.95,275.15,276.9,272.2,275.25,274.9,274.96,2741205,75372951530000.0,31041.0,1634460,0.5963,274.4575,272.05166782063304,40.73339940535181,291.4922099213624,257.42279007863755,0.0034677860923526538,0.0005478451424396624,0.01886829855284416,-1.2728223332558741,-1.7188037798021913
2017-01-05,ADANIPORTS,EQ,274.9,276.3,288.9,275.5,285.9,287.5,283.99,5997054,170309586450000.0,68394.0,2750478,0.4586,274.47749999999996,273.52293755200134,56.13886536833192,291.57552928009125,257.3794707199087,0.0458348490360132,0.0034677860923526538,0.01828439811740385,0.11329510682804766,-1.3523840024761438
2017-01-06,ADANIPORTS,EQ,287.5,288.8,291.8,285.0,285.25,286.05,288.97,5651466,163309730730000.0,61136.0,3473423,0.6146,274.4975,274.7159911184774,58.46560846560848,291.65140012426866,257.34359987573134,-0.005043478260869483,0.0458348490360132,0.01847927723831017,1.0823239261892468,-0.8654424167430657
2017-01-09,ADANIPORTS,EQ,286.05,286.35,289.0,282.6,284.55,284.7,286.25,2877279,82361085825000.0,28297.0,1823327,0.6337,274.665,275.66684910719385,61.388888888888886,292.16261186711864,257.1673881328814,-0.004719454640797149,-0.005043478260869483,0.017829682126595595,1.7215080561595073,-0.3480523221625511
2017-01-10,ADANIPORTS,EQ,284.7,285.1,294.7,285.0,293.9,293.9,290.7,5779720,168015803290000.0,72020.0,3080245,0.5329,275.06,277.4033396684135,66.04234527687295,293.9372935169746,256.1827064830254,0.032314717246224145,-0.004719454640797149,0.018512103541615338,2.9365781516500533,0.3088737725999698
2017-01-11,ADANIPORTS,EQ,293.9,295.9,299.75,294.5,294.6,295.65,297.38,3323800,98841992305000.0,58742.0,1527096,0.4594,275.65,279.1411168428503,80.5714285714285,296.33508234401387,254.96491765598608,0.005954406260632927,0.032314717246224145,0.018508599018207558,3.994692008212155,1.046037419722407
2017-01-12,ADANIPORTS,EQ,295.65,297.0,298.85,289.55,292.45,292.75,294.19,3420733,100635495415000.0,37961.0,1572996,0.4598,276.075,280.437200953055,77.26027397260276,297.8258983480465,254.32410165195347,-0.0098088956536444,0.005954406260632927,0.017896636929018935,4.546836004000568,1.746197136578039
2017-01-13,ADANIPORTS,EQ,292.75,294.5,295.15,290.55,293.55,294.05,293.15,1699998,49835446825000.0,19650.0,560133,0.3295,276.765,281.733658005145,82.03198494825963,299.9047607229519,253.6252392770481,0.004440649017933396,-0.0098088956536444,0.01792051495874728,5.031315362478665,2.4032207817581646
2017-01-16,ADANIPORTS,EQ,294.05,294.7,302.95,292.4,301.25,300.65,299.4,3614730,108225654380000.0,44027.0,1348545,0.3731,277.975,283.5352143856074,81.91287878787877,303.4576772946825,252.49232270531752,0.02244516238734895,0.004440649017933396,0.018103182829757515,5.880052006728135,3.098587026752159
2017-01-17,ADANIPORTS,EQ,300.65,302.45,302.45,292.6,294.9,294.85,295.71,2231245,65980249710000.0,23516.0,383954,0.1721,279.09749999999997,284.61281301554953,73.09377738825596,305.5071368973957,252.68786310260424,-0.019291535007483596,0.02244516238734895,0.020167902954159204,6.015329411690175,3.6819355037397625
2017-01-18,ADANIPORTS,EQ,294.85,296.75,300.55,290.05,292.0,291.9,295.03,2613239,77097618730000.0,33590.0,913846,0.3497,279.98249999999996,285.30683082359246,74.26536064113981,306.8828282116479,253.082171788352,-0.010005087332542129,-0.019291535007483596,0.020908045823819756,5.817437584675417,4.109035919926894
2017-01-19,ADANIPORTS,EQ,291.9,292.1,297.5,292.0,295.15,295.35,295.21,2290542,67618477400000.0,26571.0,813303,0.3550999999999999,281.5725,286.2633231261075,74.10394265232978,308.14039663444544,255.00460336555454,0.01181911613566311,-0.010005087332542129,0.015916759398143656,5.871312220664663,4.461491180074448
2017-01-20,ADANIPORTS,EQ,295.35,295.0,296.35,283.4,284.25,284.15,289.13,3279639,94822712340000.0,38077.0,1240308,0.3782,282.635,286.0620542569544,58.39416058394158,307.7167841218774,257.55321587812256,-0.03792111054680902,0.01181911613566311,0.02046508752514262,4.953164858882303,4.5598259158360195
2017-01-23,ADANIPORTS,EQ,284.15,285.15,289.35,284.15,285.95,286.25,286.39,2261781,64775483325000.0,18406.0,716383,0.3167,283.9475,286.0799538515302,59.66981132075472,306.6792416610997,261.2157583389003,0.007390462783741114,-0.03792111054680902,0.020544306396368645,4.344893679606855,4.516839468590187
2017-01-24,ADANIPORTS,EQ,286.25,287.0,294.95,286.0,294.9,293.15,291.16,1945278,56639326179999.99,23856.0,432805,0.2225,285.2575,286.7532915799559,63.120057512580864,306.8563614465918,263.6586385534082,0.024104803493449678,0.007390462783741114,0.019266337197921,4.369240833398351,4.48731974155182
2017-01-25,ADANIPORTS,EQ,293.15,295.25,306.1,294.45,304.5,304.65,300.86,4477090,134698226920000.0,49029.0,1826751,0.408,287.065,288.4577400009125,62.52739225712196,308.8091607406533,265.3208392593467,0.03922906361930756,0.024104803493449678,0.022947459862252797,5.255903237840187,4.6410364408094935
2017-01-27,ADANIPORTS,EQ,304.65,305.0,308.95,302.1,304.0,303.95,305.2,3386640,103358997950000.0,44176.0,943358,0.2786,289.03,289.93319333415894,63.220088626292444,309.29813418046797,268.761865819532,-0.002297718693582751,0.03922906361930756,0.022593067153350594,5.834844970803488,4.879798146808293
2017-01-30,ADANIPORTS,EQ,303.95,303.75,305.85,301.35,303.5,302.6,303.51,2241418,68030043954999.99,31135.0,968991,0.4322999999999999,290.7375,291.1395558737629,63.220088626292494,309.39555526616675,272.07944473383327,-0.004441519986839837,-0.002297718693582751,0.02274750982191125,6.114245531150232,5.1266876236766805
2017-01-31,ADANIPORTS,EQ,302.6,303.5,305.95,292.5,293.7,293.35,298.19,3859712,115093691470000.0,61220.0,1935581,0.5015,291.715,291.35007436197594,49.59409594095944,308.6011232346051,274.82887676539485,-0.030568407138136133,-0.004441519986839837,0.023887841492222416,5.525579354428714,5.206465969827088
2017-02-01,ADANIPORTS,EQ,293.35,295.55,306.0,293.65,304.3,304.6,300.25,3158512,94835857550000.0,44791.0,1135905,0.3596,293.2475,292.61197204178774,55.7928802588997,308.86043239254747,277.63456760745254,0.038350093744673686,-0.030568407138136133,0.026152089892394835,5.898839992559431,5.344940774373557
2017-02-02,ADANIPORTS,EQ,304.6,305.45,308.6,301.2,302.7,304.15,305.2,3018242,92117352265000.0,51384.0,1139094,0.3774,294.71,293.71083184733175,57.62032085561495,308.45453384170673,280.9654661582932,-0.0014773473407749815,0.038350093744673686,0.025797018510084067,6.088159979783654,5.4935846154555765
2017-02-03,ADANIPORTS,EQ,304.15,304.55,311.25,301.7,304.3,303.55,305.85,3352462,102536434920000.0,33132.0,1381035,0.4119,295.5125,294.6478954809192,56.41025641025641,309.35837626238157,281.6666237376184,-0.0019727108334701704,-0.0014773473407749815,0.025725990323828486,6.11924361672817,5.618716415710096
2017-02-06,ADANIPORTS,EQ,303.55,305.85,311.0,302.6,308.65,309.2,307.26,2426463,74554686135000.0,31867.0,904359,0.3727,296.66999999999996,296.03381019702215,55.84415584415585,311.04561531862055,282.29438468137937,0.01861307857025185,-0.0019727108334701704,0.021606546321445656,6.524574174257623,5.799887967419601
2017-02-07,ADANIPORTS,EQ,309.2,309.3,310.4,301.25,303.85,303.65,305.65,1803476,55122654450000.0,19676.0,565788,0.3137,297.6175,296.75916160682954,56.03566529492452,311.14417053598004,284.09082946402,-0.017949547218628736,0.01861307857025185,0.023203212615793948,6.325051686005679,5.904920711136817
2017-02-08,ADANIPORTS,EQ,303.65,306.05,306.9,299.0,305.05,305.55,303.9,1581009,48046915185000.0,16715.0,468983,0.2966,298.2,297.59638431094106,59.4989561586639,312.0520756567191,284.34792434328085,0.006257204017783735,-0.017949547218628736,0.02233981255660089,6.248217238674329,5.97358001664432
2017-02-09,ADANIPORTS,EQ,305.55,306.5,308.1,300.85,305.0,304.8,304.27,2032244,61835210895000.01,27929.0,900305,0.443,298.65749999999997,298.2824429479943,56.832971800433825,312.75715565087137,284.5578443491286,-0.002454590083456054,0.006257204017783735,0.018707172589197442,6.056985495167737,5.990261112349003
2017-02-10,ADANIPORTS,EQ,304.8,305.6,313.7,305.1,311.5,311.25,311.04,5313049,165255020400000.0,48394.0,2318284,0.4363,299.5825,299.5174483815187,71.04037267080747,314.4564360521574,284.70856394784255,0.021161417322834497,-0.002454590083456054,0.019797472991104098,6.352664493899965,6.062741788659196
2017-02-13,ADANIPORTS,EQ,311.25,313.2,314.8,304.6,309.05,309.55,310.17,2291161,71064963510000.0,20377.0,429302,0.1873999999999999,300.35749999999996,300.47292948804073,68.20312500000003,315.62763855793054,285.0873614420694,-0.005461847389558239,0.021161417322834497,0.01984010326367604,6.3763142565089765,6.125456282229152
2017-02-14,ADANIPORTS,EQ,309.55,310.0,315.9,305.25,306.15,307.0,311.7,6996004,218065900275000.0,67807.0,1604989,0.2294,300.675,301.0945552510845,61.60938809723389,316.2321104068196,285.11788959318045,-0.00823776449685032,-0.005461847389558239,0.01672266087657644,6.118759919447541,6.124117009672831
2017-02-15,ADANIPORTS,EQ,307.0,308.1,313.5,297.0,299.85,299.95,304.79,4562477,139061108745000.0,60951.0,1275480,0.2796,300.92999999999995,300.98554998907645,45.74275362318842,316.2504850823118,285.6095149176881,-0.02296416938110757,-0.00823776449685032,0.014030722934773903,5.2848497132660555,5.956263550391476
2017-02-16,ADANIPORTS,EQ,299.95,300.0,303.0,294.0,299.55,298.6,298.4,2837571,84674396135000.0,37356.0,579430,0.2042,301.265,300.75835475202155,45.21038495971355,316.03731051305715,286.4926894869428,-0.004500750125020714,-0.02296416938110757,0.014063946043350546,4.463582745878739,5.657727389488929
2017-02-17,ADANIPORTS,EQ,298.6,300.1,302.5,295.8,296.0,297.25,298.64,2264046,67613708115000.0,36622.0,618202,0.2731,301.36,300.4242257280195,45.210384959713494,315.9959542871033,286.7240457128967,-0.004521098459477679,-0.004500750125020714,0.014091471928150431,3.6615806176307615,5.258498035117295
2017-02-20,ADANIPORTS,EQ,297.25,298.2,302.9,296.1,300.0,300.3,300.4,1690844,50793123900000.0,19478.0,371531,0.2197,302.1675,300.4123947063034,56.99899295065457,314.3882879408069,289.94671205919315,0.010260723296888097,-0.004521098459477679,0.01293350246464092,3.2348088007113347,4.8537601882361034
2017-02-21,ADANIPORTS,EQ,300.3,300.5,305.4,298.3,303.8,304.15,302.53,2559043,77418701195000.0,23958.0,608749,0.2379,303.0625,300.7683571152269,49.467455621301724,312.7300733089352,293.3949266910648,0.012820512820512775,0.010260723296888097,0.012595489049154583,3.1707020062506786,4.517148551839019
2017-02-22,ADANIPORTS,EQ,304.15,305.0,306.5,297.45,299.9,300.3,301.71,3507421,105823894175000.0,51982.0,1023299,0.2918,303.42,300.7237516756815,45.78313253012051,312.01328991588025,294.8267100841198,-0.012658227848101111,0.012820512820512775,0.013004454732088827,2.7772200219154115,4.169162845854297
2017-02-23,ADANIPORTS,EQ,300.3,300.35,303.4,295.8,297.0,297.25,298.14,6593433,196577786025000.0,33236.0,4599280,0.6976000000000001,303.05,300.39291818275944,43.451143451143444,312.04801147619526,294.05198852380477,-0.010156510156510201,-0.012658227848101111,0.013282143542512632,2.1939823416309423,3.7741267450096263
2017-02-27,ADANIPORTS,EQ,297.25,297.0,300.7,295.0,296.9,296.65,297.41,2116155,62935519725000.0,31125.0,885577,0.4185,302.685,300.03644978440144,35.4239256678281,312.1113404742387,293.2586595257613,-0.0020185029436502466,-0.010156510156510201,0.010423358155911588,1.664163847486293,3.35213416550496
2017-02-28,ADANIPORTS,EQ,296.65,297.65,303.35,296.8,301.15,301.75,300.1,2570349,77136218395000.0,51423.0,1099315,0.4277,302.6425,300.1996450430299,47.76995305164323,312.07811422425175,293.2068857757482,0.017191977077364085,-0.0020185029436502466,0.012504039568111231,1.6369366643531862,3.0090946652746053
2017-03-01,ADANIPORTS,EQ,301.75,302.95,305.0,301.15,301.95,302.5,303.6,1892520,57455967220000.01,32302.0,743983,0.3931,303.1,300.41872646750323,46.32086851628466,311.46509036660876,294.7349096333913,0.0024855012427507095,0.017191977077364085,0.012414730658890044,1.6567793366637034,2.738631599552425
2017-03-02,ADANIPORTS,EQ,302.5,303.75,305.7,292.0,293.75,293.85,299.84,2458242,73707238165000.0,39501.0,992856,0.4039,302.5625,299.79313347059815,38.90577507598784,311.8521589365447,293.2728410634553,-0.02859504132231394,0.0024855012427507095,0.01357468171061227,0.9634164236686615,2.3835885643756725
2017-03-03,ADANIPORTS,EQ,293.85,293.0,297.4,291.0,296.95,296.35,295.52,2871834,84867928860000.0,42269.0,1406720,0.4897999999999999,302.1725,299.46521599720785,33.59030837004407,311.82921160109913,292.5157883989009,0.00850774204526128,-0.02859504132231394,0.013923927508366466,0.6086344670637232,2.0285977449132826
2017-03-06,ADANIPORTS,EQ,296.35,297.85,304.9,296.45,304.0,303.15,300.49,1877927,56429445340000.0,29453.0,839809,0.4472,302.15250000000003,299.81614780699755,43.66336633663363,311.7988505506903,292.50614944930976,0.022945841066306594,0.00850774204526128,0.01567808706026723,0.8661855327770809,1.7961153024860423
2017-03-07,ADANIPORTS,EQ,303.15,303.0,309.4,301.95,309.0,308.25,306.77,4069985,124856195545000.0,61262.0,1377495,0.3385,302.105,300.6193718253787,51.178133836003774,311.613605520622,292.59639447937803,0.016823354774863963,0.022945841066306594,0.01618771196637485,1.4649371024069637,1.7298796624702266
2017-03-08,ADANIPORTS,EQ,308.25,308.25,309.0,300.85,307.0,306.5,305.34,2786117,85071850465000.0,52881.0,1275419,0.4578,302.2475,301.17943165153315,56.85863874345552,311.93729251309344,292.55770748690657,-0.005677210056772131,0.016823354774863963,0.01596244515140677,1.7777488780154727,1.739453505579276
2017-03-09,ADANIPORTS,EQ,306.5,306.5,306.5,299.7,300.25,300.9,301.56,2564963,77348875225000.0,48136.0,1173390,0.4575,302.015,301.1528191132919,52.21153846153842,311.5936549984005,292.4363450015995,-0.018270799347471556,-0.005677210056772131,0.016578336671543827,1.5558464357940238,1.7027320916222255
2017-03-10,ADANIPORTS,EQ,300.9,302.45,306.0,297.05,298.0,298.8,300.59,2684711,80700899945000.0,44007.0,1101310,0.4102,301.71500000000003,300.9287411025022,51.469194312796226,311.302222856735,292.12777714326506,-0.00697906281156524,-0.018270799347471556,0.016384469459778277,1.196739434785286,1.6015335602548375
2017-03-14,ADANIPORTS,EQ,298.8,305.65,311.2,304.1,309.0,309.25,307.0,5102357,156640760605000.0,85377.0,2740732,0.5372,301.615,301.721241949883,57.43973399833749,310.8174653447048,292.41253465529525,0.03497322623828647,-0.00697906281156524,0.019581225257913466,1.7353679731996863,1.6283004428438073
2017-03-15,ADANIPORTS,EQ,309.25,308.0,313.8,308.0,310.25,310.3,311.38,4865596,151503993805000.0,64263.0,2473842,0.5084000000000001,301.65250000000003,302.5382665260846,55.36181342632959,310.9961426458944,292.30885735410567,0.0033953112368634297,0.03497322623828647,0.019054072246975518,2.2213547998981085,1.7469113142546677
2017-03-16,ADANIPORTS,EQ,310.3,312.0,327.35,311.5,325.25,325.7,322.08,7051972,227132410195000.0,83946.0,2285416,0.3241,302.5875,304.74414590455274,68.43251088534106,316.70650082194044,288.4684991780595,0.049629390912020455,0.0033953112368634297,0.02409008030189808,3.8052891535804747,2.1585868821198293
2017-03-17,ADANIPORTS,EQ,325.7,326.8,328.9,321.3,324.85,325.4,325.17,6779619,220454221200000.0,99816.0,4082358,0.6022,303.86,306.71137010411917,71.27739984882841,321.19850597580717,286.52149402419286,-0.000921093030396114,0.049629390912020455,0.020829372053301473,4.978966619814969,2.7226628296588573
2017-03-20,ADANIPORTS,EQ,325.4,327.05,329.8,324.7,325.0,325.45,326.37,4103266,133918139150000.0,38323.0,2296539,0.5597,305.2025,308.4960015227745,71.95121951219514,324.83264531944576,285.5723546805542,0.00015365703749226078,-0.000921093030396114,0.02108160185472742,5.845762735869812,3.3472828109010484
2017-03-21,ADANIPORTS,EQ,325.45,325.0,327.3,320.05,326.0,325.75,323.24,2802311,90581933690000.0,29552.0,1527071,0.5449,306.6275,310.13923947298645,69.73684210526318,327.8963176742983,285.3586823257017,0.0009218005838069754,0.00015365703749226078,0.020679885895626082,6.4821897471848615,3.9742641981578117
2017-03-22,ADANIPORTS,EQ,325.75,321.9,324.8,319.35,323.85,323.65,322.43,2518171,81194045645000.0,40349.0,1271889,0.5051,307.79499999999996,311.42597857079727,67.01528559935639,330.1377346014998,285.4522653985001,-0.006446661550268629,0.0009218005838069754,0.02081112483347674,6.739422422748703,4.52729584307599
2017-03-23,ADANIPORTS,EQ,323.65,324.0,327.0,322.1,325.3,325.6,325.18,3911142,127182184134999.98,37410.0,2489879,0.6365999999999999,308.8675,312.77588537357843,78.629395852119,332.4958343511533,285.2391656488467,0.006025027035377883,-0.006446661550268629,0.020465303171584747,7.019711015595078,5.025778877579808
2017-03-24,ADANIPORTS,EQ,325.6,327.2,327.8,321.7,322.5,323.25,324.24,4636734,150339604740000.0,56281.0,3389237,0.731,310.015,313.7734200999043,74.32188065099453,334.1158211259849,285.9141788740151,-0.0072174447174447875,0.006025027035377883,0.019256701459540268,6.971849246279817,5.41499295131981
2017-03-27,ADANIPORTS,EQ,323.25,322.6,324.0,317.65,319.55,319.3,319.87,2353739,75290195740000.0,32005.0,1290332,0.5482,311.1175,314.29976104277057,65.39561487130601,334.7728827189138,287.4621172810862,-0.012219644238205651,-0.0072174447174447875,0.019754952457127294,6.539799720505471,5.639954305156943
2017-03-28,ADANIPORTS,EQ,319.3,321.05,323.0,319.5,320.95,320.85,321.2,1760774,56555964670000.01,21323.0,936301,0.5318,312.3275,314.9235933244115,62.88343558282209,335.3337800350677,289.32121996493225,0.004854368932038833,-0.012219644238205651,0.01710565845920627,6.250418471303249,5.762047138386205
2017-03-29,ADANIPORTS,EQ,320.85,321.15,322.0,316.8,321.5,321.0,319.53,4426029,141423453015000.0,29225.0,3121738,0.7053,313.29,315.5022987220866,65.32769556025367,336.0423185631556,290.5376814368444,0.0004675081813931836,0.004854368932038833,0.01713871119277252,5.964431242198316,5.802523959148627
2017-03-30,ADANIPORTS,EQ,321.0,321.9,341.9,320.55,341.0,339.3,335.19,9728166,326074562365000.0,91670.0,3532683,0.3631,315.13,317.7687464628402,82.0,340.0564475903202,290.2035524096798,0.05700934579439254,0.0004675081813931836,0.019359572322225908,7.1322255072335,6.068464268765602
2017-03-31,ADANIPORTS,EQ,339.3,342.0,342.7,336.0,340.9,339.6,339.02,3417463,115858216559999.98,38884.0,1243233,0.3638,317.4175,319.8479134663793,85.05154639175252,342.51770496874394,292.3172950312561,0.0008841732979665284,0.05700934579439254,0.019314226902097217,7.98981673474276,6.452734761961034
2017-04-03,ADANIPORTS,EQ,339.6,340.6,343.9,338.75,342.95,342.1,341.37,2441776,83355549895000.0,31185.0,1240395,0.508,319.705,321.9671598029146,82.68656716417905,345.0586232228367,294.3513767771633,0.007361601884570135,0.0008841732979665284,0.019270805505137416,8.770096850486595,6.916207179666147
2017-04-05,ADANIPORTS,EQ,342.1,343.85,359.25,343.05,357.75,358.15,353.39,5947873,210192349700000.0,69614.0,1932843,0.325,322.45500000000004,325.41314458358937,86.66666666666661,351.8561439089896,293.05385609101046,0.04691610640163679,0.007361601884570135,0.02322826182784008,10.561825182189182,7.645330780170754
2017-04-06,ADANIPORTS,EQ,358.15,355.75,358.6,351.1,356.5,356.65,353.84,3524928,124727793230000.0,40333.0,1855518,0.5264,324.875,328.3880831946761,80.13631937682564,357.17757444521516,292.57242555478484,-0.004188189306156609,0.04691610640163679,0.023063535034998382,11.725580140848592,8.461380652306323
2017-04-07,ADANIPORTS,EQ,356.65,352.25,353.35,345.55,348.05,347.15,349.15,4918075,171716624500000.0,47583.0,2472686,0.5028,326.90749999999997,330.17493241423074,67.96036333608586,359.4565120312383,294.35848796876166,-0.026636758727043297,-0.004188189306156609,0.02583368251181957,11.745894366113305,9.118283395067719
2017-04-10,ADANIPORTS,EQ,347.15,348.05,353.85,346.05,352.9,352.15,350.75,2222773,77964591085000.0,20691.0,744399,0.3349,329.47,332.2677959938278,70.38167938931295,361.4627524687305,297.47724753126954,0.014402995823131315,-0.026636758727043297,0.02543905515611355,12.026814122476083,9.699989540549392
2017-04-11,ADANIPORTS,EQ,352.15,352.45,355.85,330.55,333.2,333.8,339.0,9397306,318573343030000.0,84576.0,4027947,0.4286,331.21999999999997,332.4137201848918,54.81747456612807,359.79546610568264,302.6445338943173,-0.05210847650149075,0.014402995823131315,0.031517205264790675,10.646032574071228,9.88919814725376
2017-04-12,ADANIPORTS,EQ,333.8,333.8,336.6,323.65,327.9,327.6,329.9,8100661,267241429175000.0,95623.0,4101433,0.5063000000000001,332.1375,331.9552706434735,52.25328009127213,358.8611712534463,305.4138287465537,-0.018573996405032878,-0.05210847650149075,0.03237964167502747,8.948314465502449,9.701021410903499
2017-04-13,ADANIPORTS,EQ,327.6,325.6,325.6,318.3,319.5,320.45,321.25,5730306,184087506960000.0,47289.0,3121971,0.5448,332.645,330.8595305821903,47.22670974690359,357.9715182430372,307.31848175696274,-0.02182539682539697,-0.018573996405032878,0.033293725748215285,6.945847976276184,9.149986723978035
2017-04-17,ADANIPORTS,EQ,320.45,320.65,327.2,317.6,319.2,320.0,322.18,4219235,135933341340000.02,42707.0,1383111,0.3278,332.36,329.82528957436267,48.21330401319407,358.1398085003536,306.58019149964645,-0.0014042752379466172,-0.02182539682539697,0.02671830288680931,5.261911576155626,8.372371694413554
2017-04-18,ADANIPORTS,EQ,320.0,321.65,335.25,318.15,318.55,319.35,328.63,9315409,306128402165000.0,78663.0,2643328,0.2838,332.0575,328.8276429482329,50.02852253280092,358.31866354096735,305.79633645903266,-0.002031249999999929,-0.0014042752379466172,0.026656526310857433,3.830771529609251,7.464051661452693
2017-04-19,ADANIPORTS,EQ,319.35,322.0,327.65,319.25,326.85,325.8,324.32,4403069,142799037310000.0,59133.0,1710217,0.3884,332.075,328.53929600078214,52.6742301458671,358.31808430202756,305.8319156979724,0.0201972757162987,-0.002031249999999929,0.02765162977662894,3.180382358900772,6.607317800942309
2017-04-20,ADANIPORTS,EQ,325.8,327.45,333.2,324.0,332.6,332.4,331.05,4439900,146984281150000.0,58211.0,1896546,0.4272,332.40749999999997,328.90698209594575,55.75757575757575,358.4811260171715,306.33387398282844,0.02025782688766098,0.0201972757162987,0.023042081987225228,3.1610702467057195,5.9180682900949915
2017-04-21,ADANIPORTS,EQ,332.4,335.0,335.0,324.15,326.0,326.0,329.25,2517582,82892613730000.0,29665.0,831100,0.3301,332.525,328.63012665823663,42.365097588978166,358.4532309055949,306.59676909440503,-0.019253910950661757,0.02025782688766098,0.0233148414712959,2.5993747713767448,5.254329586351343
2017-04-24,ADANIPORTS,EQ,326.0,328.15,334.2,327.25,332.15,331.0,331.79,5048373,167501268295000.0,40722.0,2475361,0.4903,332.79499999999996,328.8558288812617,45.31590413943353,358.53135356331484,307.0586464366851,0.015337423312883347,-0.019253910950661757,0.023503952258517674,2.5285378631118647,4.709171241703447
2017-04-25,ADANIPORTS,EQ,331.0,332.5,333.1,326.5,330.9,331.35,330.45,4330049,143086225190000.0,72237.0,2507484,0.5791,333.2,329.0933689878082,44.00446179587283,358.55603322784805,307.84396677215193,0.001057401812688985,0.015337423312883347,0.02267565547163703,2.472143842527032,4.261765761868164
2017-04-26,ADANIPORTS,EQ,331.35,332.45,333.9,318.0,322.65,323.5,325.67,4078479,132823304205000.0,54353.0,1565736,0.3839,333.41,328.56066717944555,28.729281767955797,358.3474290659674,308.47257093403266,-0.023690961219254625,0.001057401812688985,0.01739890949521408,1.7735770874530772,3.7641280269851465
2017-04-27,ADANIPORTS,EQ,323.5,325.15,328.9,321.15,325.0,322.5,323.82,2983463,96609122470000.0,38032.0,1489980,0.4994,333.4925,327.9834607814031,28.906732550957372,358.26534750857905,308.71965249142096,-0.0030911901081916993,-0.023690961219254625,0.016525295436369276,1.1262831672390234,3.2365590550359222
2017-04-28,ADANIPORTS,EQ,322.5,324.8,328.45,321.6,326.5,327.7,325.82,1808460,58924063645000.01,20755.0,802362,0.4437,333.8275,327.9564645165076,37.31245923026744,358.06445471141757,309.5905452885824,0.01612403100775195,-0.0030911901081916993,0.01565971665650875,1.021123734966011,2.7934719910219403
2017-05-02,ADANIPORTS,EQ,327.7,328.75,332.9,326.65,330.0,330.6,330.11,4233839,139763914215000.02,53938.0,2830100,0.6684,333.39250000000004,328.2082298006497,35.54661301140176,357.52797890770694,309.25702109229314,0.008849557522123908,0.01612403100775195,0.015722140177441363,1.1584361599947215,2.4664648248164966
2017-05-03,ADANIPORTS,EQ,330.6,330.6,332.3,323.9,327.15,327.45,327.24,3271643,107062211260000.0,20835.0,1959551,0.599,332.78499999999997,328.1360174386831,44.6503791069924,356.87420046299746,308.6957995370025,-0.009528130671506485,0.008849557522123908,0.016180658714845437,1.0015335168121737,2.173478563215632
2017-05-04,ADANIPORTS,EQ,327.45,328.8,340.4,328.7,338.65,339.45,336.33,6728527,226301818835000.0,37900.0,3960582,0.5886,332.65250000000003,329.21353958737996,59.09439754412891,356.5543932304349,308.75060676956514,0.036646816307833285,-0.009528130671506485,0.01879105327203238,1.8244555654091528,2.1036739636543365
2017-05-05,ADANIPORTS,EQ,339.45,339.4,346.45,336.15,344.2,344.95,342.1,8196507,280401968765000.0,63604.0,4635431,0.5655,331.99249999999995,330.7122501028676,69.29133858267717,353.54327907980326,310.44172092019664,0.016202680807188008,0.036646816307833285,0.01844834885179338,2.887149984504674,2.260369167824404
2017-05-08,ADANIPORTS,EQ,344.95,343.5,346.7,338.0,341.4,340.5,341.05,2462230,83975124430000.0,25974.0,1143002,0.4642,331.185,331.64441675973734,65.18518518518519,349.8646568208973,312.5053431791027,-0.012900420350775432,0.016202680807188008,0.01765605985271065,3.3318575779896946,2.474666849857462
2017-05-09,ADANIPORTS,EQ,340.5,339.9,349.4,335.8,347.25,347.5,345.33,3459067,119450804434999.98,41916.0,1131193,0.327,331.2025,333.154472306429,69.0589031821259,349.945680514219,312.45931948578095,0.0205580029368575,-0.012900420350775432,0.01808407767553205,4.2007098796889295,2.8198754558237558
2017-05-10,ADANIPORTS,EQ,347.5,346.1,353.0,346.1,350.8,351.9,351.17,3207734,112647284675000.0,36628.0,1667602,0.5199,331.18999999999994,334.9397606581977,68.17548746518104,349.8746010337015,312.5053989662984,0.012661870503597017,0.0205580029368575,0.018173454164164684,5.18456043082432,3.2928124508238685
2017-05-11,ADANIPORTS,EQ,351.9,352.0,362.55,350.5,358.95,360.05,356.12,4604066,163960659390000.0,59951.0,2435517,0.529,332.5025,337.33121202408364,68.84798909338787,355.2131623463438,309.7918376536562,0.02315998863313462,0.012661870503597017,0.015451401281956394,6.5464426525877,3.943538491176635
2017-05-12,ADANIPORTS,EQ,360.05,360.4,360.4,353.4,358.2,357.95,356.57,2958586,105494468755000.0,51163.0,1714248,0.5794,334.02,339.29490611702806,73.13540912382327,359.2657896437393,308.77421035626065,-0.005832523260658307,0.02315998863313462,0.0157480544484689,7.371319690691905,4.6290947310796895
2017-05-15,ADANIPORTS,EQ,357.95,359.0,359.75,350.85,356.0,356.2,354.78,1530781,54309389610000.0,14738.0,554124,0.362,335.8075,340.90491505826344,69.14893617021272,362.05055973413926,309.56444026586075,-0.004888950970805994,-0.005832523260658307,0.016319738662652614,7.793986091591819,5.262073003182116
2017-05-16,ADANIPORTS,EQ,356.2,354.2,358.15,351.15,353.55,354.5,354.64,1321254,46857184160000.0,24113.0,465010,0.3519,337.5325,342.1996850527145,67.23752792256138,363.9355954126117,311.12940458738836,-0.0047725996631106105,-0.004888950970805994,0.01684667621198611,7.900702091253152,5.789798820796324
2017-05-17,ADANIPORTS,EQ,354.5,354.5,354.8,347.55,348.95,348.55,349.74,1239867,43363245230000.0,19750.0,571621,0.461,338.9925,342.804476952456,69.19540229885057,364.3716724596347,313.61332754036533,-0.016784203102961914,-0.0047725996631106105,0.017774622987918876,7.419631126984996,6.115765282034058
2017-05-18,ADANIPORTS,EQ,348.55,344.3,359.55,342.2,348.15,347.9,350.16,3618961,126719843950000.0,76390.0,963959,0.2664,340.09749999999997,343.28976486174594,69.5685670261941,364.9777072042284,315.2172927957715,-0.0018648687419309251,-0.016784203102961914,0.014333133277114413,6.906317623618349,6.273875750350916
2017-05-19,ADANIPORTS,EQ,347.9,349.05,352.5,345.3,350.45,349.45,348.91,1302961,45461034190000.0,20989.0,492222,0.3778,340.95,343.87645392253205,67.7551020408163,365.8880284536871,316.01197154631285,0.004455303248059872,-0.0018648687419309251,0.013550212627126502,6.549091173702891,6.3289188350213115
2017-05-22,ADANIPORTS,EQ,349.45,352.4,357.4,350.45,354.0,354.45,354.6,2939697,104241973385000.0,36043.0,1207131,0.4106,342.3725,344.88345831086235,68.8239936858721,366.96315879554675,317.78184120445326,0.01430819859779664,0.004455303248059872,0.013088150255121483,6.593439782188511,6.381823024454752
2017-05-23,ADANIPORTS,EQ,354.45,354.8,355.6,328.5,330.65,331.65,340.41,6270500,213454292405000.0,70709.0,2738738,0.4368,342.40500000000003,343.6231289479231,52.53012048192771,366.93401396947684,317.8759860305232,-0.06432501057977147,0.01430819859779664,0.02411155649998181,4.734243509267685,6.052307121417339
2017-05-24,ADANIPORTS,EQ,331.65,333.4,342.95,328.1,341.8,339.65,337.39,8363216,282165124920000.0,78246.0,1533176,0.1833,342.82,343.24473571478757,50.126582278481,366.8369983662678,318.8030016337322,0.024121815166591398,-0.06432501057977147,0.025257098588588007,3.861833397899318,5.614212376713735
2017-05-25,ADANIPORTS,EQ,339.65,344.9,346.25,331.3,341.55,340.75,339.21,5992900,203286196330000.0,57622.0,1993080,0.3326,343.6825,343.0071418371888,47.18498659517427,365.95365847905055,321.41134152094946,0.0032386279994112144,0.024121815166591398,0.02367963348697214,3.22206099272006,5.135782099915001
2017-05-26,ADANIPORTS,EQ,340.75,342.4,351.0,339.0,348.0,348.0,347.55,2754435,95731156685000.0,28126.0,1036015,0.3761,344.9575,343.48265213840887,54.84496124031008,364.9230038029155,324.99199619708446,0.02127659574468077,0.0032386279994112144,0.025111996325312008,3.26244374088202,4.761114428108405
2017-05-29,ADANIPORTS,EQ,348.0,347.8,348.35,325.1,327.8,327.8,331.08,3943111,130547951925000.0,44755.0,1440160,0.3652,344.9625,341.9890662204652,39.12803532008832,364.90984845851165,325.0151515414883,-0.058045977011494165,0.02127659574468077,0.030677703461652047,1.645507788691134,4.137993100224951
2017-05-30,ADANIPORTS,EQ,327.8,328.4,342.9,327.45,341.0,340.35,337.25,3680879,124138024380000.0,51558.0,1506427,0.4093,345.44999999999993,341.83296467565896,44.151898734177244,364.36949704458385,326.530502955416,0.038285539963392345,-0.058045977011494165,0.03399800923339791,1.361065002345697,3.5826074806491
2017-05-31,ADANIPORTS,EQ,340.35,341.5,345.75,336.55,341.75,339.0,339.69,12190256,414091982035000.0,94792.0,9389385,0.7702,346.0275,341.5631585160724,38.55356171832518,363.26382867854255,328.7911713214574,-0.003966505068312087,0.038285539963392345,0.033683091852642684,1.0150079474898916,3.0690875740172587
2017-06-01,ADANIPORTS,EQ,339.0,337.6,351.95,337.6,350.5,349.2,345.71,3447544,119183564315000.02,38653.0,1449223,0.4204,346.515,342.29047675263695,45.62718640679661,363.5179749718598,329.51202502814016,0.030088495575221197,-0.003966505068312087,0.03520509489036466,1.5459887968479507,2.7644678185833973
2017-06-02,ADANIPORTS,EQ,349.2,352.0,359.4,350.5,357.0,357.9,356.79,3297747,117659980084999.98,39939.0,809810,0.2455999999999999,347.1625,343.7770980142906,50.79439252336448,364.88560044751296,329.4393995524871,0.02491408934707895,0.030088495575221197,0.03601694050359262,2.638398421879515,2.739253939242621
2017-06-05,ADANIPORTS,EQ,357.9,359.95,364.5,355.2,361.5,361.05,361.2,2830068,102222986400000.0,31813.0,891587,0.315,348.19,345.42213629864386,53.01982480405717,366.65403616704333,329.72596383295667,0.0088013411567478,0.02491408934707895,0.035866438968996515,3.71548974152671,2.934501099699439
2017-06-06,ADANIPORTS,EQ,361.05,362.95,368.75,357.05,360.55,361.45,361.51,5229905,189066638565000.0,39979.0,2688647,0.5141,348.8875,346.94859950829687,56.268221574344004,368.27275959260317,329.5022404073968,0.0011078797950421215,0.0088013411567478,0.02727191958890309,4.548931775534925,3.2573872348665365
2017-06-07,ADANIPORTS,EQ,361.45,363.6,363.95,357.3,359.5,359.1,360.29,5435369,195831872855000.0,39716.0,2979849,0.5482,349.24750000000006,348.1058757456019,55.353728489483764,369.1293741835764,329.36562581642374,-0.00650159081477375,0.0011078797950421215,0.027101821008232257,4.9626093602930155,3.5984316599518325
2017-06-08,ADANIPORTS,EQ,359.1,359.25,361.85,350.5,360.15,359.15,356.46,4568139,162837637565000.0,37373.0,2595605,0.5682,349.2025,349.1576971031636,54.704170708050434,368.9852536532251,329.4197463467749,0.00013923698134221674,-0.00650159081477375,0.02715356376977558,5.234150381282518,3.92557540421797
2017-06-09,ADANIPORTS,EQ,359.15,360.0,360.6,350.25,359.6,359.85,356.71,7152603,255142607920000.0,62422.0,4653276,0.6506000000000001,349.2975,350.1760116647671,52.73279352226723,369.2744202357167,329.3205797642833,0.0019490463594600271,0.00013923698134221674,0.02659667003875764,5.44308821389501,4.229077966153378
2017-06-12,ADANIPORTS,EQ,359.85,359.7,359.7,353.55,358.5,356.85,355.91,4963488,176657010625000.0,33056.0,3176070,0.6399,349.33,350.81162960145593,65.94936708860763,369.3562564491556,329.3037435508444,-0.008336807002917834,0.0019490463594600271,0.01651240527364015,5.305440211367568,4.444350415196216
2017-06-13,ADANIPORTS,EQ,356.85,359.0,363.15,355.4,360.05,359.4,358.99,5463098,196119895475000.0,43624.0,3250231,0.5949,349.575,351.62956963941247,63.42624065261728,369.9838087276826,329.1661912723174,0.007145859604875904,-0.008336807002917834,0.012827249449651546,5.340554281052732,4.62359118836752
2017-06-14,ADANIPORTS,EQ,359.4,360.5,360.9,356.1,359.95,359.5,358.73,6005138,215424046795000.0,52462.0,4303037,0.7166,350.12250000000006,352.3791344356589,62.92212267401793,370.99770500999796,329.24729499000216,0.0002782415136339811,0.007145859604875904,0.012545055163100052,5.315181494839635,4.761909249661943
2017-06-15,ADANIPORTS,EQ,359.5,359.45,366.4,357.75,360.0,360.0,361.79,3997432,144623431025000.0,38912.0,1764531,0.4414,350.7275,353.1049311560723,59.11854103343466,372.02851245429093,329.4264875457091,0.0013908205841446364,0.0002782415136339811,0.00926559696388956,5.274616702281264,4.8644507401858075
2017-06-16,ADANIPORTS,EQ,360.0,361.5,365.1,356.25,364.9,363.15,360.57,5332597,192274982170000.0,38347.0,3577084,0.6708,351.4125,354.06160437930356,86.25641025641026,373.41027201634546,329.4147279836546,0.008750000000000036,0.0013908205841446364,0.0057950181259915825,5.434007628883364,4.978362117925319
2017-06-19,ADANIPORTS,EQ,363.15,365.0,375.6,365.0,373.65,373.8,371.87,7328947,272542174010000.0,105974.0,3109194,0.4242,352.38,355.9414515812747,85.6990394877268,376.53645059320695,328.22354940679304,0.029326724494010747,0.008750000000000036,0.01044701381298626,6.346533196689791,5.251996333678213
2017-06-20,ADANIPORTS,EQ,373.8,375.6,377.7,370.1,374.05,375.65,374.86,4597214,172333109720000.0,55660.0,2585956,0.5625,354.58,357.8184561925819,88.70116156283004,378.80155195164485,330.3584480483551,0.004949170679507731,0.029326724494010747,0.010418848150562574,7.13672806381237,5.6289426797050455
2017-06-21,ADANIPORTS,EQ,375.65,374.75,377.2,367.2,369.95,369.95,371.88,2797034,104015083460000.0,40320.0,1262268,0.4513,356.09499999999997,358.97384131709794,74.2123687281214,380.1745807796805,332.0154192203194,-0.015173698921868706,0.004949170679507731,0.011667720145030515,7.219795517383375,5.947113247240711
2017-06-22,ADANIPORTS,EQ,369.95,370.0,373.8,367.5,369.3,369.45,370.87,1935079,71765535030000.0,30166.0,969841,0.5012,357.53000000000003,359.9715707154695,66.66666666666671,381.17597217284225,333.8840278271578,-0.0013515339910799007,-0.015173698921868706,0.011718341223655162,7.162713943772246,6.1902333865470185
2017-06-23,ADANIPORTS,EQ,369.45,369.45,370.5,361.65,368.0,365.45,364.46,3011500,109757103990000.02,53047.0,1628889,0.5409,358.40250000000003,360.4933258854248,56.19718309859154,381.85483632170127,334.9501636782988,-0.010826904858573516,-0.0013515339910799007,0.012502854675696671,6.717277224347356,6.295642154107087
2017-06-27,ADANIPORTS,EQ,365.45,367.9,372.8,365.45,366.8,367.7,368.94,2780694,102591433810000.0,38952.0,1032749,0.3714,360.3975,361.1796758010986,58.36680053547526,379.2201480322553,341.5748519677447,0.006156792994937765,-0.010826904858573516,0.012052984533906639,6.471225353295381,6.330758793944746
2017-06-28,ADANIPORTS,EQ,367.7,368.4,369.65,363.05,364.35,364.5,365.95,2394375,87621793450000.0,53764.0,1316251,0.5497,361.605,361.4958971533749,57.06806282722511,377.9477402198505,345.2622597801495,-0.008702746804460149,0.006156792994937765,0.01249072629600949,5.949432857704323,6.254493606696662
2017-06-29,ADANIPORTS,EQ,364.5,366.95,368.7,362.35,364.6,364.5,364.46,3343365,121852278820000.0,37441.0,2153283,0.644,362.88,361.7820021863869,57.01179554390567,375.30694017463793,350.45305982536206,0.0,-0.008702746804460149,0.012494009457441974,5.472821268763141,6.098159139109958
2017-06-30,ADANIPORTS,EQ,364.5,364.0,365.8,360.55,364.9,363.05,363.05,1386974,50354349685000.0,19945.0,358630,0.2586,363.5725,361.9027638829215,54.113110539845756,374.2034614853983,352.9415385146017,-0.003978052126200282,0.0,0.012611723898967373,4.921369781487158,5.862801267585398
2017-07-03,ADANIPORTS,EQ,363.05,364.9,370.6,359.5,368.45,368.0,364.73,2171316,79194820450000.0,43766.0,648895,0.2988,364.0775,362.48345303692895,63.64749082007344,374.5319865714408,353.62301342855915,0.013634485608043034,-0.003978052126200282,0.01303632842522788,4.828108704202691,5.655862754908858
2017-07-04,ADANIPORTS,EQ,368.0,368.5,375.7,368.0,371.25,371.7,372.88,4186188,156093810830000.0,60857.0,1853835,0.4428,364.61,363.36121941436426,64.64285714285717,375.4913989038179,353.7286010961821,0.010054347826086829,0.013634485608043034,0.009354131828232483,4.9951764219518395,5.523725488317455
2017-07-05,ADANIPORTS,EQ,371.7,374.5,374.5,371.85,372.65,372.9,372.95,1422559,53053736250000.0,17676.0,703753,0.4947,365.1825,364.26967470823433,65.54524361948957,376.55750838629206,353.80749161370795,0.0032284100080710587,0.010054347826086829,0.00925759485476781,5.164871341305684,5.451954658915101
2017-07-06,ADANIPORTS,EQ,372.9,373.9,375.65,371.5,372.05,373.05,373.85,2318749,86686794150000.0,30128.0,1529765,0.6597,365.88,365.10589616459293,65.26315789473688,377.39454000721173,354.36545999278826,0.0004022526146421068,0.0032284100080710587,0.007736389501555846,5.250930080499643,5.41174974323201
2017-07-07,ADANIPORTS,EQ,373.05,372.1,374.95,370.0,370.8,371.6,373.12,3077926,114843162659999.98,45205.0,1954640,0.6351,366.5025,365.7243822441555,60.29232643118155,377.8297133888534,355.1752866111466,-0.0038868784345261753,0.0004022526146421068,0.007857574717579505,5.1428458439081055,5.357968963367229
2017-07-10,ADANIPORTS,EQ,371.6,382.7,382.7,372.0,374.0,374.95,374.78,860478,32249314320000.0,8328.0,582955,0.6775,367.2575,366.6030125066169,51.70370370370368,378.7297215991398,355.7852784008602,0.009015069967707179,-0.0038868784345261753,0.007119752886083105,5.266792999354493,5.339733770564682
2017-07-11,ADANIPORTS,EQ,374.95,376.0,376.85,371.7,371.7,372.7,373.02,2646484,98719787835000.0,33939.0,1855639,0.7012,368.05,367.1836779821772,45.68081991215227,378.65188662449793,357.4481133755021,-0.006000800106680915,0.009015069967707179,0.007472725518065688,5.124394981549244,5.2966660127615945
2017-07-12,ADANIPORTS,EQ,372.7,372.25,375.3,371.65,374.0,373.85,373.6,2035281,76039101990000.0,25749.0,1195467,0.5874,368.7725,367.8185657933984,56.5878378378379,378.8488127653953,358.6961872346047,0.0030855916286558482,-0.006000800106680915,0.006582851115826295,5.046169811114339,5.246566772432144
2017-07-13,ADANIPORTS,EQ,373.85,375.8,377.9,372.25,375.35,375.95,374.92,2956936,110860122434999.98,46202.0,1874690,0.634,369.59499999999997,368.592988098789,60.41666666666669,379.1568155069089,360.033184493091,0.005617226160224531,0.0030855916286558482,0.006580225147490389,5.094897443268053,5.216232906599326
2017-07-14,ADANIPORTS,EQ,375.95,375.95,378.45,374.45,374.85,375.6,376.09,1737806,65357165445000.01,33739.0,826683,0.4757,370.375,369.2603225655711,68.42105263157907,379.1543118060674,361.5956881939326,-0.0009309748636785464,0.005617226160224531,0.006278810284612037,5.047092625801383,5.182404850439738
2017-07-17,ADANIPORTS,EQ,375.6,373.85,383.7,373.85,380.9,381.25,381.41,4784990,182504705575000.0,32787.0,2973363,0.6214000000000001,371.28000000000003,370.40219660694527,71.89014539579978,380.63607880070424,361.9239211992958,0.015042598509052096,-0.0009309748636785464,0.006543501051313512,5.402834234614659,5.226490727274722
2017-07-18,ADANIPORTS,EQ,381.25,379.5,384.1,378.45,381.7,381.9,382.22,3927479,150115276030000.0,52094.0,2837912,0.7226,371.685,371.4972255015219,80.63380281690152,382.13740340021235,361.23259659978766,0.0017049180327868285,0.015042598509052096,0.006143605139349131,5.671830261637979,5.315558634147374
2017-07-19,ADANIPORTS,EQ,381.9,380.5,383.8,377.3,380.7,381.05,380.92,4847964,184666485560000.0,49440.0,3705113,0.7643000000000001,371.95500000000004,372.40701354899596,78.29059829059848,383.0950132286953,360.8149867713048,-0.002225713537575169,0.0017049180327868285,0.0063333882176991535,5.750139624557789,5.402474832229457
2017-07-20,ADANIPORTS,EQ,381.05,382.0,382.5,377.05,380.0,380.0,380.25,4490409,170748546460000.0,33913.0,3619145,0.8059999999999999,372.45750000000004,373.13015511575827,79.37608318890827,384.1115155717257,360.8034844282744,-0.0027555438918777098,-0.002225713537575169,0.006508310974841869,5.662203773574049,5.454420620498375
2017-07-21,ADANIPORTS,EQ,380.0,381.0,382.7,378.6,382.5,381.9,380.42,6613707,251600153465000.0,38176.0,5341660,0.8077,373.08,373.965378438067,76.93798449612416,385.37027857158125,360.7897214284187,0.004999999999999893,-0.0027555438918777098,0.0062364691456720574,5.680348576665722,5.499606211731845
2017-07-24,ADANIPORTS,EQ,381.9,383.5,390.35,381.1,387.85,388.45,385.46,4777031,184133937390000.0,46802.0,2818734,0.5901,374.22999999999996,375.3448662058701,79.23211169284482,387.75628629932345,360.7037137006765,0.01715108667190357,0.004999999999999893,0.0075386222272464005,6.152338395878132,5.630152648561103
2017-07-25,ADANIPORTS,EQ,388.45,390.1,393.4,385.15,390.1,390.75,389.29,3297724,128378128500000.0,43474.0,2123384,0.6439,375.3825,376.8120218053111,80.00000000000016,390.41065865734055,360.35434134265944,0.00592096794954311,0.01715108667190357,0.00675951257037992,6.635494654282411,5.8312210497053645
2017-07-26,ADANIPORTS,EQ,390.75,392.7,394.35,388.0,391.65,393.05,391.65,3243876,127046598205000.0,54869.0,2280093,0.7029000000000001,376.81,378.35849591909096,81.34796238244527,392.8738397454352,360.7461602545648,0.005886116442738398,0.00592096794954311,0.006740372589702671,7.121893493154346,6.089355538395162
2017-07-27,ADANIPORTS,EQ,393.05,394.25,394.85,390.75,392.1,392.5,392.89,2847871,111890850565000.02,47239.0,1847120,0.6486,378.21,379.70530583155846,83.70967741935493,394.63310952025756,361.7868904797424,-0.0013993130644955887,0.005886116442738398,0.0070325984897356445,7.377939381237411,6.347072306963613
2017-07-28,ADANIPORTS,EQ,392.5,391.5,398.45,390.0,394.95,395.75,395.37,3203051,126640050880000.0,43131.0,1861850,0.5813,379.84499999999997,381.23337194283863,83.6569579288027,396.42351812305486,363.2664818769451,0.008280254777070173,-0.0013993130644955887,0.006866873149199393,7.753725312000597,6.62840290797101
2017-07-31,ADANIPORTS,EQ,395.75,396.0,398.0,393.4,396.85,395.9,395.56,1581010,62537792540000.0,34896.0,932949,0.5901,381.23999999999995,382.6301936625683,90.2777777777779,398.3099058055125,364.1700941944874,0.00037902716361326583,0.008280254777070173,0.006064687457557237,7.971748758473211,6.897072078071451
2017-08-01,ADANIPORTS,EQ,395.9,397.45,405.3,396.45,404.0,404.0,402.75,3391013,136572038880000.0,36531.0,2099777,0.6192000000000001,382.855,384.66541331375225,92.16783216783227,402.09806847176543,363.6119315282346,0.02045971204849706,0.00037902716361326583,0.007952809542796212,8.697872555470553,7.257232173551271
2017-08-02,ADANIPORTS,EQ,404.0,405.0,413.5,402.65,411.5,411.25,406.85,2997197,121941830959999.98,43536.0,1794494,0.5987,384.77250000000004,387.19727871244254,93.15403422982895,407.21560877702666,362.3293912229734,0.017945544554455406,0.02045971204849706,0.008279137713819796,9.745999489807787,7.754985636802575
2017-08-03,ADANIPORTS,EQ,411.25,411.9,411.9,402.65,407.75,407.35,406.95,2541125,103410571345000.0,20256.0,1557268,0.6128,386.4875,389.11658550173377,85.71428571428577,410.35575407586526,362.61924592413476,-0.009483282674771942,0.017945544554455406,0.009417122935755596,10.145004928507262,8.232989495143512
2017-08-04,ADANIPORTS,EQ,407.35,406.0,410.4,403.1,407.3,406.65,405.67,2770532,112390892020000.0,32493.0,1518312,0.5479999999999999,388.23999999999995,390.7864345015687,82.1518987341772,412.6466772571626,363.8333227428373,-0.0017184239597398676,-0.009483282674771942,0.009808303186869607,10.286162979585185,8.643624192031847
2017-08-07,ADANIPORTS,EQ,406.65,411.8,421.5,408.5,413.3,414.25,414.15,3863466,160007050425000.0,35744.0,2426840,0.6282,390.20500000000004,393.0210597871336,84.82238966630786,416.37118750256684,364.03881249743324,0.01868929054469448,-0.0017184239597398676,0.010006705556020942,10.885803469978612,9.092060047621201
2017-08-08,ADANIPORTS,EQ,414.25,414.95,418.8,410.15,415.5,414.8,414.93,2154068,89378026200000.0,25630.0,925537,0.4296999999999999,392.31,395.0952445693113,86.56554712892734,419.30726301914177,365.31273698085823,0.0013277006638503508,0.01868929054469448,0.010140557473824372,11.275427176469407,9.528733473390844
2017-08-09,ADANIPORTS,EQ,414.8,411.6,417.5,395.0,396.0,397.25,405.75,3603960,146230513760000.0,39965.0,1774426,0.4924,393.47999999999996,395.30045937223406,63.76695929768553,419.10195604510585,367.8580439548941,-0.04230954676952747,0.0013277006638503508,0.018350081013170486,10.05219301857511,9.633425382427697
2017-08-10,ADANIPORTS,EQ,397.25,393.0,396.9,381.2,392.0,385.65,389.54,3177276,123768233640000.02,42847.0,1356635,0.427,393.96500000000003,394.3813680034499,52.591568762957834,418.53543794992305,369.394562050077,-0.02920075519194465,-0.04230954676952747,0.020740827512884988,8.053907646793789,9.317521835300916
2017-08-11,ADANIPORTS,EQ,385.65,380.25,385.45,379.05,384.05,382.75,382.27,6480493,247726845680000.03,41510.0,4697771,0.7249,394.3225,393.273618669788,45.85152838427948,417.9581215332184,370.6868784667816,-0.007519771813820797,-0.02920075519194465,0.020508169651067203,6.165177994864962,8.687053067213725
2017-08-14,ADANIPORTS,EQ,382.75,385.0,405.8,385.0,396.0,396.2,396.16,2746774,108815389540000.02,44795.0,1130427,0.4115,395.07,393.55232165361775,53.412648716343135,417.8966326446348,372.2433673553652,0.03514043109079035,-0.007519771813820797,0.023845916529762784,5.688080085292597,8.0872584708295
2017-08-16,ADANIPORTS,EQ,396.2,398.2,404.9,392.25,397.6,397.55,398.31,2644234,105322560125000.0,40172.0,1271593,0.4809,395.8525,393.9330529247018,52.85171102661596,417.8355909899415,373.8694090100585,0.003407370015144018,0.03514043109079035,0.022835016134594224,5.357156309014613,7.541238038466523
2017-08-17,ADANIPORTS,EQ,397.55,398.55,401.4,388.05,391.8,389.3,394.02,2502761,98614304850000.0,39362.0,1325282,0.5295000000000001,396.265,393.491809789016,48.15242494226329,417.3706764626421,375.15932353735786,-0.020752106653251112,0.003407370015144018,0.022473689975057682,4.378715671657005,6.90873356510462
2017-08-18,ADANIPORTS,EQ,389.3,389.0,390.8,383.3,386.65,386.2,385.48,2554849,98483549525000.0,52449.0,1503217,0.5884,396.575,392.7973517138716,44.47657605552342,416.84017624940395,376.309823750596,-0.007963010531723658,-0.020752106653251112,0.022446936666668665,3.3149377857312174,6.18997440922994
2017-08-21,ADANIPORTS,EQ,386.2,387.05,388.7,374.65,375.0,375.95,381.64,1999552,76310877320000.0,36090.0,1087194,0.5437,396.27750000000003,391.1928420268362,39.66856551009841,417.5970357656192,374.9579642343809,-0.02654065251165194,-0.007963010531723658,0.023385511188007673,1.6260526866642522,5.277190064716803
2017-08-22,ADANIPORTS,EQ,375.95,377.85,381.8,369.65,376.5,375.65,375.53,3245723,121885401475000.0,61987.0,1614009,0.4972999999999999,395.6375,389.71257135761374,34.02816901408451,418.6478609386007,372.6271390613993,-0.0007979784545817381,-0.02654065251165194,0.02170558485838826,0.2603899715928151,4.273830046092005
2017-08-23,ADANIPORTS,EQ,375.65,378.1,386.2,378.1,385.0,385.0,382.33,3003871,114846728420000.0,43788.0,1456435,0.4849,395.35,389.263755037841,35.55310952118879,418.75773601315444,371.9422639868456,0.024890190336749773,-0.0007979784545817381,0.02415482567954736,-0.06667215527625103,3.405729605818354
2017-08-24,ADANIPORTS,EQ,385.0,386.95,387.65,379.0,379.8,380.05,380.53,2507753,95426749020000.0,70769.0,1502442,0.5991,394.7,388.38625455804663,35.14689880304681,419.0785064953894,370.3214935046106,-0.01285714285714279,0.024890190336749773,0.020980395042032644,-0.7170294096006842,2.5811778027345467
2017-08-28,ADANIPORTS,EQ,380.05,382.0,389.85,380.5,387.7,387.5,387.29,3245331,125687339055000.0,85755.0,1833961,0.5651,394.45,388.3018493620422,40.29396857577295,419.0252549914159,369.87474500858406,0.01960268385738706,-0.01285714285714279,0.020184794039624653,-0.6240952993465498,1.9401231823183274
2017-08-29,ADANIPORTS,EQ,387.5,387.85,387.85,378.3,382.6,383.3,382.81,3419877,130915453465000.02,58505.0,2154296,0.6299,393.8275,387.82548275613345,33.75328083989503,418.8900002952821,368.76499970471787,-0.01083870967741929,0.01960268385738706,0.020360773731265606,-0.8792142124028146,1.376255703374099
2017-08-30,ADANIPORTS,EQ,383.3,386.0,392.4,385.05,389.15,389.75,388.8,2979277,115835589980000.0,77034.0,1536874,0.5159,393.52,388.0087701126922,37.61739990113692,418.6263087059904,368.41369129400954,0.016827550221758303,-0.01083870967741929,0.017505187048851782,-0.5545442529751199,0.9900957121042553
2017-08-31,ADANIPORTS,EQ,389.75,391.4,397.7,388.4,395.15,392.95,391.27,2775034,108579287345000.0,38097.0,1551332,0.559,392.9675,388.47936343529295,47.52304147465437,417.584316566996,368.35068343300395,0.008210391276459283,0.016827550221758303,0.017719442011127375,-0.03858295424424796,0.7843599788345547
2017-09-01,ADANIPORTS,EQ,392.95,394.95,396.5,391.7,394.7,394.9,394.28,1511368,59590948979999.99,31822.0,514295,0.3403,392.15,389.09085263193174,55.994815294880105,415.2496012724412,369.05039872755873,0.00496246341773765,0.008210391276459283,0.016351058954673793,0.5216554758639518,0.7318190782404341
2017-09-04,ADANIPORTS,EQ,394.9,396.0,396.0,380.3,384.25,384.85,385.05,2425859,93406775620000.0,79564.0,1028102,0.4238,391.025,388.6869619050811,51.2455516014235,413.1799447967216,368.87005520327835,-0.025449480881235664,0.00496246341773765,0.018300262152283926,0.15293452536900531,0.6160421676661484
2017-09-05,ADANIPORTS,EQ,384.85,384.25,393.0,382.15,392.0,390.3,386.44,2363336,91327596240000.0,40886.0,1017134,0.4304,390.20750000000004,388.84058458078766,46.133682830930546,411.10583221747873,369.30916778252134,0.014161361569442699,-0.025449480881235664,0.016195931808482753,0.2970655809600089,0.5522468503249205
2017-09-06,ADANIPORTS,EQ,390.3,388.9,388.9,384.4,385.0,385.05,386.4,1825546,70538756550000.0,42878.0,932721,0.5109,388.7475,388.47957652547456,42.20698254364089,406.4017368553786,371.0932631446214,-0.013451191391237516,0.014161361569442699,0.01707182800232766,-0.012200008887077729,0.4393574784825209
2017-09-07,ADANIPORTS,EQ,385.05,386.7,390.9,385.5,388.0,387.7,388.44,1832093,71166510115000.0,34741.0,948222,0.5176,387.39250000000004,388.405331142096,48.92761394101875,400.09215913336726,374.6928408666328,0.006882223087910644,-0.013451191391237516,0.01531989002244332,-0.0429670663583579,0.34289256951434516
2017-09-08,ADANIPORTS,EQ,387.7,389.1,391.6,382.65,385.65,385.9,386.03,1858507,71743643250000.0,31434.0,935780,0.5035000000000001,386.825,388.1667281761821,49.795361527967245,398.6545126027877,374.9954873972123,-0.004642765024503559,0.006882223087910644,0.014714193542755983,-0.21017240122779413,0.2322795753659173
2017-09-11,ADANIPORTS,EQ,385.9,387.5,390.4,384.3,385.85,385.35,387.19,2402644,93028228020000.0,50465.0,1555085,0.6472,386.81,387.89846834987907,57.38993710691828,398.64654465932284,374.97345534067716,-0.0014252396994038907,-0.004642765024503559,0.013293766313586815,-0.38265324876095974,0.10929301054054191
2017-09-12,ADANIPORTS,EQ,385.35,387.15,390.0,385.0,389.2,389.05,387.28,2576054,99766450345000.0,49902.0,1851621,0.7188,387.125,388.00813803084293,60.00000000000005,398.841317905452,375.408682094548,0.00960166082781888,-0.0014252396994038907,0.013093359275533416,-0.21827039997629072,0.04378032843717539
2017-09-13,ADANIPORTS,EQ,389.05,390.05,394.8,386.05,389.75,390.0,391.52,2116076,82847593275000.0,47421.0,1055138,0.4986,386.815,388.1978391707627,54.266211604095574,397.8272467710195,375.8027532289805,0.0024418455211412393,0.00960166082781888,0.011972796429934075,-0.011209530985809124,0.032782356552578495
2017-09-14,ADANIPORTS,EQ,390.0,390.85,405.6,390.2,405.0,403.1,397.1,5052114,200621582885000.0,57672.0,3103057,0.6142000000000001,387.0925,389.617092583071,67.2659176029963,399.44224003555644,374.7427599644435,0.03358974358974365,0.0024418455211412393,0.015916537778281357,1.1961596345308294,0.2654578121482287
2017-09-15,ADANIPORTS,EQ,403.1,405.4,409.75,403.25,403.9,405.15,406.29,6452962,262178148195000.0,58462.0,4083453,0.6328,387.885,391.09641709896897,64.38467807660965,402.6326349575297,373.13736504247026,0.005085586703051259,0.03358974358974365,0.015918558183378447,2.292005452134674,0.6707673401455179
2017-09-18,ADANIPORTS,EQ,405.15,406.9,408.2,397.7,405.0,404.7,404.83,3698399,149720556335000.0,44166.0,2624640,0.7097,388.81,392.3919964228767,68.57638888888894,405.32718722066954,372.29281277933046,-0.0011106997408366626,0.005085586703051259,0.01266885501309392,3.088556956500838,1.154325263416582
2017-09-19,ADANIPORTS,EQ,404.7,405.5,408.5,402.1,405.75,406.9,404.4,4105917,166041253845000.0,21819.0,3381897,0.8237000000000001,390.35749999999996,393.7737110492694,66.07310215557642,407.5857288242138,373.12927117578613,0.005436125525080326,-0.0011106997408366626,0.012270660498899353,3.8529371156879506,1.6940476338708557
2017-09-20,ADANIPORTS,EQ,406.9,408.1,412.85,406.05,410.5,409.7,408.94,5238339,214214292310000.0,42881.0,3586471,0.6847,392.06,395.29050047314854,65.81680830972621,409.8878788181964,374.2321211818036,0.006881297616121884,0.005436125525080326,0.01058169031194548,4.631264167863776,2.28149094066944
2017-09-21,ADANIPORTS,EQ,409.7,407.0,414.7,406.0,409.35,410.2,410.54,4319190,177319313110000.0,38206.0,2873835,0.6654000000000001,393.32000000000005,396.71045280903917,64.8543689320389,412.5535890401872,374.0864109598129,0.0012204051745179356,0.006881297616121884,0.010696378124930793,5.228172665518741,2.8708272856393
2017-09-22,ADANIPORTS,EQ,410.2,409.0,409.5,398.6,400.0,401.2,404.5,4371220,176817485400000.0,41179.0,3164319,0.7239,394.3775,397.13802873198784,66.20416253716552,412.8497117046534,375.9052882953466,-0.021940516821062905,0.0012204051745179356,0.013569108761513128,4.918306985157017,3.2803232255428436
2017-09-25,ADANIPORTS,EQ,401.2,400.1,401.15,383.0,387.85,388.65,388.7,4413073,171534535275000.0,59360.0,3057349,0.6928,394.435,396.3296450432271,48.56646394439615,412.8240442211333,376.0459557788667,-0.03128115653040875,-0.021940516821062905,0.017581439716055754,3.618346044871828,3.3479277894086406
2017-09-26,ADANIPORTS,EQ,388.65,386.2,394.25,386.2,388.95,390.55,391.56,3115143,121977789040000.02,52791.0,2152065,0.6908,394.7975,395.7792026581579,55.073800738007385,412.5366768336418,377.0583231663582,0.004888717354946781,-0.03128115653040875,0.017387109563708793,2.7101903674989103,3.2203803050266946
2017-09-27,ADANIPORTS,EQ,390.55,392.6,392.6,370.45,372.0,372.55,377.71,3009736,113681306940000.02,47398.0,1438674,0.478,393.9375,393.5668976430952,39.10855499640547,414.1958543519954,373.6791456480046,-0.04608884905901933,0.004888717354946781,0.022740279605072394,0.5318895904403007,2.682682162109416
2017-09-28,ADANIPORTS,EQ,372.55,372.55,375.0,363.7,370.95,372.05,371.51,3785886,140650941030000.0,75652.0,2244647,0.5929,392.89250000000004,391.51766929613376,39.85347985347987,415.3970089049067,370.38799109509335,-0.0013421017313112182,-0.04608884905901933,0.01856802774616789,-1.2207037772316767,1.9020049742411975
2017-09-29,ADANIPORTS,EQ,372.05,374.4,378.2,372.25,378.0,376.75,376.06,2109890,79343594490000.0,37309.0,1010609,0.479,391.985,390.11122460126387,44.06077348066297,415.58576046942653,368.3842395305735,0.012632710657169754,-0.0013421017313112182,0.019290427840001772,-2.2049783099977276,1.0806083173934127
2017-10-03,ADANIPORTS,EQ,376.75,377.55,385.8,375.1,382.75,383.7,381.31,3673873,140089471645000.0,46797.0,2239095,0.6095,391.9275,389.50063178209587,46.46397884996693,415.606926446612,368.248073553388,0.018447246184472466,0.012632710657169754,0.020887174786974452,-2.3965896583471817,0.38516872224529386
2017-10-04,ADANIPORTS,EQ,383.7,383.9,389.5,379.15,388.9,387.65,385.51,2084250,80350621165000.0,30986.0,1165609,0.5592,391.79499999999996,389.32438113618196,48.50603941513031,415.542330043795,368.0476699562049,0.010294500912170879,0.018447246184472466,0.02121380303820718,-2.204301231460363,-0.1327252684958375
2017-10-05,ADANIPORTS,EQ,387.65,388.0,389.15,384.2,386.5,385.9,386.65,1853539,71667084540000.0,29518.0,1214041,0.655,391.8375,388.9982495994027,37.22139673105494,415.53699755182436,368.1380024481756,-0.004514381529730382,0.010294500912170879,0.020829397299054763,-2.1681288031990107,-0.5398059754364721
2017-10-06,ADANIPORTS,EQ,385.9,388.4,392.3,387.25,389.25,389.25,389.99,3006087,117234755825000.0,54470.0,1941379,0.6458,391.915,389.022225828031,38.41107871720119,415.56761975027365,368.2623802497264,0.008681005441824263,-0.004514381529730382,0.021237150712338244,-1.8478440938410472,-0.8014135991173872
2017-10-09,ADANIPORTS,EQ,389.25,388.0,395.7,382.1,391.9,393.7,388.75,4359490,169473932115000.0,54538.0,2668643,0.6121,392.305,389.4677281301233,42.42424242424243,415.7966984216817,368.8133015783183,0.011432241490044959,0.008681005441824263,0.02090268388318115,-1.2208649729042236,-0.8853038738747545
2017-10-10,ADANIPORTS,EQ,393.7,394.95,398.35,390.2,396.0,396.85,394.91,4067875,160644200725000.0,44251.0,2699379,0.6636,392.88,390.17080164154015,43.16791298436441,416.2173745873432,369.5426254126568,0.008001016002032069,0.011432241490044959,0.018244870765661683,-0.4644469724790383,-0.8011324935956113
2017-10-11,ADANIPORTS,EQ,396.85,398.5,401.25,394.0,395.2,396.95,397.7,5121486,203683952640000.0,48269.0,3395176,0.6629,393.275,390.8164395804411,41.00211714890614,416.6068508300624,369.94314916993756,0.00025198437696860587,0.008001016002032069,0.018229079728261814,0.1414582640077242,-0.6126143420749443
2017-10-12,ADANIPORTS,EQ,396.95,397.1,406.35,392.75,404.55,403.7,400.92,4202243,168475180680000.0,35943.0,3049681,0.7256999999999999,393.96,392.04344533468486,45.784695201037614,417.6880779712329,370.2319220287671,0.017004660536591443,0.00025198437696860587,0.007695864708619518,1.1530198223491084,-0.25948750919013375
2017-10-13,ADANIPORTS,EQ,403.7,406.5,409.5,400.45,407.65,408.2,403.61,3245961,131010439525000.0,44246.0,2291275,0.7059000000000001,394.21500000000003,393.58216482661965,54.82093663911846,418.46063118537705,369.969368814623,0.011146891255882974,0.017004660536591443,0.006974933840326795,2.291388338743616,0.25068766039661616
2017-10-16,ADANIPORTS,EQ,408.2,409.1,410.8,403.65,406.45,406.8,406.82,4209209,171240437820000.0,52693.0,2943686,0.6993,394.2975,394.84100627170346,64.76810414971524,418.7104490014162,369.88455099858385,-0.003429691327780482,0.011146891255882974,0.007917626194467292,3.045478904708034,0.8096459092588998
2017-10-17,ADANIPORTS,EQ,406.8,406.45,408.25,402.7,407.2,406.85,406.72,3291749,133881058705000.0,34169.0,2537133,0.7708,394.405,395.9847199601126,63.67449664429532,419.02884167723926,369.7811583227607,0.00012291052114066225,-0.003429691327780482,0.007254778238073658,3.605572893372994,1.3688313060817188
2017-10-18,ADANIPORTS,EQ,406.85,407.1,407.1,402.35,406.7,406.9,406.55,3641132,148030857675000.0,34741.0,2800546,0.7691,394.40500000000003,397.0242704401019,91.23649459783917,419.0288416772393,369.78115832276075,0.00012289541600085663,0.00012291052114066225,0.00728305018531813,4.007292424168895,1.8965235296991543
2017-10-19,ADANIPORTS,EQ,406.9,405.0,406.3,397.0,397.5,401.4,402.53,137226,5523814010000.0,1910.0,36291,0.2645,393.99,397.44100658866364,81.4576634512326,417.794612556094,370.185387443906,-0.013516834603096606,0.00012289541600085663,0.008941198344260309,3.837616359417268,2.2847420956427773
2017-10-23,ADANIPORTS,EQ,401.4,403.2,412.95,400.05,407.0,407.05,407.66,4555429,185707935165000.0,54772.0,2186218,0.4799,393.8325,398.3561488183147,81.827731092437,417.22362010995585,370.4413798900441,0.014075734927752936,-0.013516834603096606,0.009406858750650117,4.111658002595732,2.6501252770333683
2017-10-24,ADANIPORTS,EQ,407.05,407.05,408.75,402.6,405.1,406.2,407.11,3406694,138688507200000.0,35168.0,2506509,0.7358,394.0825,399.1031822641895,77.10843373493975,417.9080120892326,370.25698791076735,-0.0020881955533719188,0.014075734927752936,0.009273868902201953,4.211700224429592,2.962440266512613
2017-10-25,ADANIPORTS,EQ,406.2,408.8,417.65,405.2,415.95,415.45,410.17,2475241,101526163095000.0,26093.0,1412592,0.5707,395.4225,400.66002204855243,79.7008547008547,420.9176280175242,369.92737198247585,0.02277203348104373,-0.0020881955533719188,0.011121300859019686,4.979976036699156,3.365947420549922
2017-10-26,ADANIPORTS,EQ,415.45,416.0,419.35,409.55,416.5,414.3,414.46,1542452,63928383460000.0,18066.0,626100,0.4059,396.61,401.9590675677379,80.73593073593078,423.332444735277,369.887555264723,-0.002768082801781091,0.02277203348104373,0.011293560643610619,5.43341177523854,3.7794402914876457
2017-10-27,ADANIPORTS,EQ,414.3,416.5,439.0,414.4,431.75,432.05,429.21,5306544,227761044835000.0,78273.0,1965103,0.3703,399.585,404.8248706565248,85.31353135313535,428.20968754135896,370.960312458641,0.04284335022930241,-0.002768082801781091,0.01634024501287003,7.142702889191185,4.452092811028353
2017-10-30,ADANIPORTS,EQ,432.05,436.5,436.5,427.8,428.8,429.8,430.16,1465328,63032926365000.0,30363.0,646526,0.4412,402.47249999999997,407.20345440352247,80.90753424657538,431.05308735719944,373.8919126428005,-0.0052077305867376245,0.04284335022930241,0.01668587333410615,8.221005580872713,5.205875364997226
2017-10-31,ADANIPORTS,EQ,429.8,430.25,432.95,425.6,430.75,430.35,428.69,3418248,146537857560000.0,31803.0,2609911,0.7635,405.1525,409.40788731747267,80.01792114695343,433.6292582978851,376.67574170211486,0.0012796649604467358,-0.0052077305867376245,0.016477501264205375,9.016017597650261,5.967903811527834
2017-11-01,ADANIPORTS,EQ,430.35,432.0,437.45,429.35,433.25,433.1,433.39,3931939,170408254465000.0,26980.0,2676473,0.6807,407.6225,411.66427900152286,80.9238665526091,436.82499583779,378.42000416221,0.006390147554316217,0.0012796649604467358,0.01635787308787834,9.755516840451435,6.725426417312554
2017-11-02,ADANIPORTS,EQ,433.1,433.0,439.8,428.3,437.5,437.25,436.41,3075833,134231651045000.0,24142.0,2085172,0.6779000000000001,410.10249999999996,414.1010143347112,80.03581020590872,440.56079720157175,379.6442027984282,0.009582082659893798,0.006390147554316217,0.016228163563335195,10.554776739051306,7.491296481660305
2017-11-03,ADANIPORTS,EQ,437.25,438.65,440.8,432.75,434.6,434.85,437.94,3097775,135662811115000.02,26821.0,2313426,0.7468000000000001,412.55,416.0771082075958,74.79069767441867,442.6847325400667,382.4152674599333,-0.005488850771869558,0.009582082659893798,0.015251110644683865,10.869242166853951,8.166885618699034
2017-11-06,ADANIPORTS,EQ,434.85,434.0,443.3,430.65,436.9,437.55,438.57,4541407,199174683785000.0,33446.0,3546953,0.7809999999999999,414.965,418.12214552115813,77.92915531335152,444.9788582026486,384.95114179735134,0.006209037599172129,-0.005488850771869558,0.015113125517236828,11.207136822062864,8.774935859371801
2017-11-07,ADANIPORTS,EQ,437.55,437.5,439.75,428.3,431.7,431.55,433.8,3989010,173043009420000.0,28810.0,2947365,0.7389,416.85749999999996,419.4009888048574,70.24590163934427,445.98582361877794,387.729176381222,-0.01371271854645184,0.006209037599172129,0.016318902552401184,10.865519964211614,9.193052680339765
2017-11-08,ADANIPORTS,EQ,431.55,433.0,436.7,427.15,429.55,429.7,433.98,2723792,118208013100000.0,16986.0,1997920,0.7334999999999999,418.5,420.38184701391856,68.15286624203821,446.563293125554,390.436706874446,-0.004286872900011618,-0.01371271854645184,0.015485965131232389,10.326469491943953,9.419736042660602
2017-11-09,ADANIPORTS,EQ,429.7,430.6,437.25,428.25,433.5,433.4,433.42,3478532,150767189205000.0,25177.0,2623828,0.7543000000000001,420.32249999999993,421.6216711078311,76.22950819672131,447.202476405813,393.44252359418687,0.008610658599022658,-0.004286872900011618,0.015393297587329081,10.081612631996961,9.552111360527874
2017-11-10,ADANIPORTS,EQ,433.4,435.45,435.45,426.1,431.8,432.05,429.81,1506241,64739867929999.99,30807.0,778054,0.5166,421.73999999999995,422.61484528803766,72.04585537918874,447.9097816896189,395.570218310381,-0.0031149053991692544,0.008610658599022658,0.007603677067229962,9.667190731673884,9.575127234757076
2017-11-13,ADANIPORTS,EQ,432.05,433.0,433.55,411.4,412.65,413.35,421.42,4344820,183100694460000.0,72175.0,1420820,0.327,421.99750000000006,421.73247907012933,54.79543930248159,447.7035606205946,396.2914393794055,-0.04328202754310839,-0.0031149053991692544,0.015718266645810473,7.740595901145298,9.208220968034722
2017-11-14,ADANIPORTS,EQ,413.35,413.35,417.85,406.7,411.0,410.75,411.09,2326922,95657374280000.0,42556.0,996366,0.4282,422.195,420.68652868249796,46.539027982326964,447.466450502977,396.923549497023,-0.006290068948832772,-0.04328202754310839,0.015629475141142258,5.935536180347697,8.553684010497317
2017-11-15,ADANIPORTS,EQ,410.75,410.0,414.25,403.65,406.8,407.1,408.37,1849192,75515277880000.0,22490.0,921565,0.4984,422.2075,419.3925735698791,44.88636363636364,447.44721963724083,396.96778036275913,-0.00888618381010342,-0.006290068948832772,0.015182809557995064,4.162506072254473,7.675448422848749
2017-11-16,ADANIPORTS,EQ,407.1,408.0,410.6,395.0,398.1,397.2,398.76,5321941,212217005340000.0,59631.0,3557635,0.6685,421.7225,417.2789951346525,22.142286171063105,448.5251211404427,394.91987885955734,-0.02431834929992638,-0.00888618381010342,0.015085026473570415,1.9362003628110074,6.5275988108412015
2017-11-17,ADANIPORTS,EQ,397.2,401.0,405.0,396.0,400.0,400.95,400.25,6515843,260796317070000.0,74677.0,4909341,0.7534000000000001,421.7,415.72385274087605,27.478532396565157,448.5751107708503,394.8248892291497,0.009441087613293098,-0.02431834929992638,0.016217598101886114,0.46902409059390493,5.315883866791743
2017-11-20,ADANIPORTS,EQ,400.95,400.95,405.9,397.1,399.0,398.6,400.62,4437937,177792661070000.0,40286.0,3066629,0.691,421.2775,414.09300962269737,25.89217919514043,449.3608622780502,393.19413772194974,-0.0058610799351539455,0.009441087613293098,0.015477927693383506,-0.8732823801242375,4.078050617408547
2017-11-21,ADANIPORTS,EQ,398.6,399.3,405.85,399.3,400.5,400.8,403.22,5418727,218494421820000.0,89335.0,3949138,0.7288,421.0075,412.82700870625,25.267993874425684,449.79619067054676,392.2188093294532,0.005519317611640817,-0.0058610799351539455,0.01603555292939256,-1.7394964824803765,2.9145411974307622
2017-11-22,ADANIPORTS,EQ,400.8,402.5,416.65,401.65,413.95,414.5,410.74,5170814,212384317100000.0,47963.0,2249547,0.435,420.96000000000004,412.9863412104167,34.80293921175682,449.7904042726499,392.1295957273502,0.03418163672654684,0.005519317611640817,0.020746687713855457,-1.3054534403664206,2.070542269871326
2017-11-23,ADANIPORTS,EQ,414.5,415.3,415.3,402.55,406.5,407.1,407.61,3903036,159092614580000.0,49154.0,2264744,0.5803,420.6,412.4257372856151,32.62366938008765,449.95558765063146,391.2444123493686,-0.017852834740651358,0.03418163672654684,0.020732215342528545,-1.540827655914029,1.348268284714255
2017-11-24,ADANIPORTS,EQ,407.1,411.0,411.0,401.85,404.9,404.6,404.79,1374660,55644834429999.99,18353.0,509325,0.3705,419.22749999999996,411.68042897269936,29.315756434400484,448.89420071944426,389.56079928055567,-0.006140997297961137,-0.017852834740651358,0.020706742595837144,-1.9071085637542637,0.6971929150205514
2017-11-27,ADANIPORTS,EQ,404.6,404.5,404.5,398.0,399.6,399.5,399.24,2993007,119493189705000.0,38597.0,1914882,0.6398,417.7125,410.5203881181566,29.65079365079363,448.18951247615695,387.235487523843,-0.012605042016806789,-0.006140997297961137,0.0164651194431217,-2.5791849609083215,0.041917339834776746
2017-11-28,ADANIPORTS,EQ,399.5,399.6,403.65,395.2,396.65,396.95,399.39,6013556,240176783325000.0,48975.0,4500874,0.7484999999999999,416.0425,409.22797020214165,29.38955317809942,447.25527193036703,384.829728069633,-0.00638297872340432,-0.012605042016806789,0.01646703201554388,-3.279766924935984,-0.6224195131193755
2017-11-29,ADANIPORTS,EQ,396.95,397.6,405.6,395.05,402.05,403.45,401.68,5205458,209094704785000.0,37112.0,3226954,0.6199,414.56000000000006,408.67768732574723,31.793313069908805,445.1722885541819,383.94771144581824,0.016374858294495587,-0.00638297872340432,0.017423078713872185,-3.272761148320228,-1.1524878401595462
2017-11-30,ADANIPORTS,EQ,403.45,401.35,401.35,396.0,400.0,398.0,399.22,5552149,221652394595000.0,50201.0,4047659,0.7290000000000001,412.5975,407.66076472329513,30.283729009843654,442.0973746651804,383.09762533481967,-0.01350848927996029,0.016374858294495587,0.016083158371368263,-3.664733703412537,-1.6549370128101444
2017-12-01,ADANIPORTS,EQ,398.0,400.9,404.8,382.05,385.0,386.75,395.84,1836997,72716300670000.0,18921.0,326344,0.1777,410.1925,405.6692633210765,33.14321926489225,439.8959159828604,380.4890840171396,-0.02826633165829151,-0.01350848927996029,0.018010955540071545,-4.827507258502919,-2.2894510619486996
2017-12-04,ADANIPORTS,EQ,386.75,386.75,389.2,377.35,388.45,388.15,385.94,3650818,140897994840000.0,41622.0,2176498,0.5962,407.7225,404.00076205240254,35.45688545688543,436.030253726689,379.41474627331104,0.0036199095022624306,-0.02826633165829151,0.018119392930460526,-5.571816941169118,-2.9459242377927835
2017-12-05,ADANIPORTS,EQ,388.15,388.15,389.25,379.05,387.75,388.85,386.39,5100915,197092803260000.0,31784.0,3562863,0.6985,405.5875,402.55783233312616,37.792642140468224,432.74617361690997,378.42882638309,0.0018034265103699099,0.0036199095022624306,0.017974041602432007,-6.035628607746162,-3.563865111783459
2017-12-06,ADANIPORTS,EQ,388.85,386.4,388.9,382.6,385.6,385.75,386.41,4212760,162785384215000.0,39594.0,3105701,0.7372,403.39,400.957086396638,41.57468727005151,429.4227849976741,377.35721500232586,-0.007972225794008025,0.0018034265103699099,0.012393823784217481,-6.57752517150027,-4.166597123726822
2017-12-07,ADANIPORTS,EQ,385.75,387.05,391.0,384.3,390.9,389.7,389.06,6934180,269784100860000.0,63553.0,4637184,0.6687000000000001,401.20500000000004,399.88498293029147,41.74614820249449,423.73187050469176,378.6781294953083,0.010239792611795195,-0.007972225794008025,0.012859055862506357,-6.612030739438694,-4.655683846869197
2017-12-08,ADANIPORTS,EQ,389.7,391.5,396.9,391.2,392.55,393.4,394.3,3282945,129446596305000.0,45439.0,1888081,0.5751,399.2725,399.2673655083589,46.25899280575536,416.7156248708906,381.82937512910934,0.009494482935591408,0.010239792611795195,0.013540651457990212,-6.268557543499355,-4.978258586195229
2017-12-11,ADANIPORTS,EQ,393.4,396.0,396.0,384.5,391.5,391.75,389.83,3457130,134768900665000.02,41972.0,1853439,0.5361,398.1925,398.55142593613425,43.437273386511954,414.6102783931553,381.7747216068447,-0.004194204372140242,0.009494482935591408,0.013112896750306713,-6.05964199062953,-5.194535267082089
2017-12-12,ADANIPORTS,EQ,391.75,391.5,405.6,389.5,401.05,402.5,400.5,6686699,267800689535000.0,64152.0,3671340,0.5491,397.78000000000003,398.92748060888334,40.909090909090914,413.2569233988244,382.30307660117563,0.02744097000638157,-0.004194204372140242,0.015890295160442432,-4.969356107433782,-5.1494994351524275
2017-12-13,ADANIPORTS,EQ,402.5,401.8,402.25,391.9,395.0,394.0,397.54,5035855,200193913765000.0,92257.0,2729912,0.5421,397.125,398.4581967413706,40.23845007451563,412.0397577921449,382.2102422078551,-0.02111801242236022,0.02744097000638157,0.016406286849012148,-4.736575360115864,-5.066914620145115
2017-12-14,ADANIPORTS,EQ,394.0,397.55,398.9,386.2,398.0,395.1,392.32,3587939,140761493810000.0,41801.0,1824942,0.5086,397.02,398.1383684802877,42.770167427701686,411.962077640304,382.07792235969595,0.0027918781725888575,-0.02111801242236022,0.015966857377362528,-4.412469927201698,-4.936025681556432
2017-12-15,ADANIPORTS,EQ,395.1,405.7,408.0,400.1,403.35,401.35,402.74,4643671,187019290310000.0,65988.0,2197916,0.4733,397.04,398.4442381488317,51.38369483919224,412.0052791135253,382.0747208864747,0.015818780055682158,0.0027918781725888575,0.013356975001787962,-3.609681113070053,-4.670756767859157
2017-12-18,ADANIPORTS,EQ,401.35,395.8,414.5,374.05,404.95,404.6,405.37,9127457,369999046265000.0,85857.0,2084161,0.2282999999999999,397.34000000000003,399.03050118227634,55.662472242783146,412.6729916055965,382.00700839440356,0.008097670362526399,0.015818780055682158,0.013425427295232868,-2.6803202915928637,-4.272669472605898
2017-12-19,ADANIPORTS,EQ,404.6,405.0,409.35,400.95,405.0,405.8,405.12,2700184,109390980290000.02,33077.0,1119615,0.4146,397.59000000000003,399.6752153553929,51.88755020080324,413.31847233852056,381.8615276614795,0.002965892239248591,0.008097670362526399,0.013407003208779026,-1.825917137539875,-3.783319005592694
2017-12-20,ADANIPORTS,EQ,405.8,404.0,408.15,400.55,406.0,404.4,403.15,4228842,170487544230000.0,49348.0,2272973,0.5375,397.085,400.1251948453555,55.498281786941554,411.0805293613214,383.08947063867856,-0.0034499753573189462,0.002965892239248591,0.01301549545195866,-1.2473856961873935,-3.276132343711634
2017-12-21,ADANIPORTS,EQ,404.4,405.0,408.35,401.0,402.55,402.3,404.39,3336146,134909691245000.0,41897.0,1733261,0.5195000000000001,396.845,400.3323191457979,65.85117227319063,410.27042364316117,383.4195763568389,-0.005192878338278861,-0.0034499753573189462,0.013213406542849422,-0.947426467820776,-2.8103911685334624
2017-12-22,ADANIPORTS,EQ,402.3,403.0,409.45,399.2,402.1,402.15,404.81,2449944,99175452525000.0,30059.0,506343,0.2067,396.72249999999997,400.50543160810287,64.64435146443512,409.8922610176308,383.55273898236914,-0.00037285607755410677,-0.005192878338278861,0.013064146006465936,-0.7135846055071511,-2.3910298559282004
2017-12-26,ADANIPORTS,EQ,402.15,403.75,405.85,400.2,404.5,404.55,403.43,3466595,139853043820000.0,31972.0,1754801,0.5062,396.975,400.89062859780734,65.85858585858583,410.55619830378635,383.3938016962137,0.005967922417008609,-0.00037285607755410677,0.0128988873324674,-0.3307901594721443,-1.9789819166369893
2017-12-27,ADANIPORTS,EQ,404.55,405.95,407.0,400.7,402.5,404.2,404.29,4355090,176073909200000.0,42025.0,2012653,0.4621,397.3375,401.2058068265876,69.73262032085557,411.29762648858497,383.377373511415,-0.0008651588184402925,0.005967922417008609,0.009727301574682856,-0.05503052044787182,-1.5941916373991658
2017-12-28,ADANIPORTS,EQ,404.2,404.2,404.9,397.55,399.05,398.7,400.13,4180605,167278595160000.0,42830.0,2341918,0.5602,397.1,400.9671585573888,59.3167701863354,410.7811049106896,383.41889508931047,-0.013607125185551738,-0.0008651588184402925,0.008014920973829626,-0.27709883152056136,-1.330773076223445
2017-12-29,ADANIPORTS,EQ,398.7,401.15,407.15,399.3,406.7,405.65,403.21,3574054,144110030385000.0,43173.0,2014822,0.5637,397.4825,401.41314345668513,61.88166828322016,411.6872907040446,383.27770929595545,0.01743165287183346,-0.013607125185551738,0.009528900249938937,0.10648980033437283,-1.0433205009118816
2018-01-01,ADANIPORTS,EQ,405.65,406.7,407.7,398.05,400.2,399.65,402.01,2701537,108604103895000.0,43408.0,1635026,0.6052000000000001,398.1275,401.2452250322389,57.06618962432913,411.42274944832076,384.83225055167924,-0.01479107605078267,0.01743165287183346,0.009752930566033255,-0.07282383340134402,-0.8492211674097742
2018-01-02,ADANIPORTS,EQ,399.65,403.45,403.45,395.0,397.85,397.4,398.09,1322980,52666089015000.0,31322.0,388539,0.2937,398.59,400.87901312440664,44.62025316455694,411.0405590657995,386.1394409342004,-0.005629926185412248,-0.01479107605078267,0.009386037441443363,-0.3919690013321997,-0.7577707341942593
2018-01-03,ADANIPORTS,EQ,397.4,398.1,410.9,397.45,408.75,407.65,406.82,4679468,190370476875000.0,63719.0,999388,0.2136,399.53000000000003,401.5238690173203,63.88606307222782,411.72034993662083,387.3396500633792,0.025792652239557068,-0.005629926185412248,0.01281201679020556,0.180119189050572,-0.5701927495452931
2018-01-04,ADANIPORTS,EQ,407.65,408.7,410.7,406.05,410.0,409.85,409.19,1990506,81449653065000.0,26844.0,525027,0.2638,400.735,402.3168338728136,64.67661691542285,411.912472645243,389.55752735475704,0.005396786458972347,0.025792652239557068,0.012812227339451043,0.8017823673955036,-0.29579772615713373
2018-01-05,ADANIPORTS,EQ,409.85,411.9,426.95,410.2,423.65,423.8,421.86,5448214,229838415705000.03,59661.0,1233903,0.2264999999999999,402.44,404.36284969445046,69.37014667817078,416.5488102373689,388.3311897626311,0.03403684274734653,0.005396786458972347,0.01613883846240247,2.3925238049318978,0.24186658006067258
2018-01-08,ADANIPORTS,EQ,423.8,424.0,427.5,421.1,422.9,422.9,423.34,3447843,145960368905000.0,42969.0,2059483,0.5972999999999999,403.915,406.1282925806933,66.45683453237402,420.06499103791083,387.7650089620892,-0.002123643227937788,0.03403684274734653,0.016216958120196866,3.53977109867202,0.901447483782942
2018-01-09,ADANIPORTS,EQ,422.9,422.9,425.55,419.2,420.2,421.1,421.81,2509904,105869593295000.0,34114.0,1488019,0.5929,405.3825,407.55416947777013,63.6120996441281,422.19835326562117,388.5666467343788,-0.004256325372428371,-0.002123643227937788,0.016480583699104396,4.254682555606053,1.5720944981475644
2018-01-10,ADANIPORTS,EQ,421.1,422.0,427.9,418.75,422.9,423.45,424.94,4253925,180768048130000.0,50183.0,1750117,0.4114,406.42999999999995,409.0680580989349,66.66666666666666,425.0075869488038,387.8524130511961,0.005580622180004768,-0.004256325372428371,0.016388937564085368,4.953776346017548,2.248430867721561
2018-01-11,ADANIPORTS,EQ,423.45,423.0,430.65,421.0,425.5,425.5,425.49,4415343,187867255050000.0,58246.0,2315410,0.5244,408.005,410.6330049466554,70.31523642732046,427.4656188033365,388.5443811966635,0.004841185500058964,0.005580622180004768,0.015074431759376452,5.6085788730234185,2.9204604687819327
2018-01-12,ADANIPORTS,EQ,425.5,425.85,428.35,411.55,422.2,423.3,421.9,2581486,108912937950000.0,36455.0,966797,0.3745,409.415,411.8393854279263,67.87827557058327,429.0245331273317,389.8054668726683,-0.005170387779083407,0.004841185500058964,0.014968629031010183,5.882186791640379,3.5128057333536225
2018-01-15,ADANIPORTS,EQ,423.3,425.55,427.9,419.5,421.5,420.6,423.85,1599208,67782067840000.0,27940.0,712485,0.4455,410.37749999999994,412.6737296728857,63.498738435660236,430.20872139716784,390.54627860283205,-0.006378454996456395,-0.005170387779083407,0.013975705417212847,5.814133886948298,3.973071364072558
2018-01-16,ADANIPORTS,EQ,420.6,421.5,428.25,418.45,423.6,423.55,423.2,2318100,98101498440000.0,53891.0,740920,0.3196,411.325,413.70956494213465,65.5922643029815,431.7944766343067,390.8555233656933,0.007013789824060757,-0.006378454996456395,0.013448144468902953,5.9298857834209,4.364434247942226
2018-01-17,ADANIPORTS,EQ,423.55,424.25,436.0,422.75,433.2,433.4,431.08,6715953,289510703810000.0,85002.0,2437442,0.3629,412.70500000000004,415.5848444714552,76.12951807228919,435.22488361188715,390.18511638811293,0.02325581395348819,0.007013789824060757,0.013061585704258697,6.738752530988677,4.8392979045515165
2018-01-18,ADANIPORTS,EQ,433.4,437.95,438.15,409.35,418.8,416.25,424.04,8794103,372902761450000.0,81640.0,3011751,0.3425,413.2975,415.6481926170309,56.919060052219336,435.5189328733673,391.0760671266327,-0.03957083525611438,0.02325581395348819,0.019520147684563945,5.927593971037652,5.056957117848744
2018-01-19,ADANIPORTS,EQ,416.25,418.8,435.45,418.8,433.75,433.45,428.44,7588904,325136231850000.0,79999.0,2817242,0.3712,414.855,417.3436028439803,69.24829157175401,438.1705674219761,391.53943257802393,0.04132132132132127,-0.03957083525611438,0.020944009418825342,6.596599726391787,5.364885639557352
2018-01-22,ADANIPORTS,EQ,433.45,434.0,443.35,432.55,436.0,438.05,438.15,7092514,310756191235000.0,86835.0,2967479,0.4184,416.65,419.31564066836313,72.54575707154746,441.3346425727726,391.96535742722733,0.01061252739647034,0.04132132132132127,0.02102199398050338,7.4125261760123635,5.774413746848355
2018-01-23,ADANIPORTS,EQ,438.05,438.05,442.0,433.0,436.55,438.4,438.56,4659591,204349609650000.0,56363.0,2615931,0.5614,418.34250000000003,421.13319869994757,69.15887850467293,444.1502359882703,392.53476401172975,0.0007989955484533073,0.01061252739647034,0.02086896459681317,7.995231785532667,6.218577354585217
2018-01-24,ADANIPORTS,EQ,438.4,437.0,452.35,429.1,449.25,448.75,439.95,5201505,228841064425000.0,49794.0,2688939,0.517,420.57,423.7633702523335,72.00226244343894,448.8135162563809,392.32648374361906,0.023608576642335732,0.0007989955484533073,0.021758295947886246,9.186294792586637,6.812120842185501
2018-01-25,ADANIPORTS,EQ,448.75,450.0,450.0,434.8,436.0,436.5,440.91,6792843,299502548495000.0,66336.0,4426993,0.6517000000000001,422.46000000000004,424.97638260925413,57.32410611303345,449.57799946041314,395.34200053958693,-0.027298050139275776,0.023608576642335732,0.024191533629536723,9.03756871785589,7.2572104173195795
2018-01-29,ADANIPORTS,EQ,436.5,436.5,442.35,432.0,435.75,436.65,437.76,2126497,93090379960000.0,43117.0,838601,0.3944,424.00999999999993,426.08815569408705,57.99883653286796,450.62148545070045,397.3985145492994,0.0003436426116838476,-0.027298050139275776,0.024051624298866318,8.830019015797745,7.571772137015213
2018-01-30,ADANIPORTS,EQ,436.65,435.0,436.15,426.8,429.2,428.25,430.25,2389618,102814228790000.0,32846.0,1237146,0.5177,425.43999999999994,426.2940456279835,53.862776877363586,449.4903113011517,401.3896886988482,-0.019237375472346274,0.0003436426116838476,0.024957453558881997,7.89669638295112,7.6367569862023945
2018-01-31,ADANIPORTS,EQ,428.25,428.0,435.5,424.5,428.15,428.85,429.36,2734628,117412890175000.0,66100.0,1248502,0.4565999999999999,427.0125,426.53746985388983,52.97356828193835,447.13535621136685,406.8896437886331,0.0014010507880910517,-0.019237375472346274,0.024897329481696668,7.1233331078382776,7.534072210529572
2018-02-01,ADANIPORTS,EQ,428.85,431.0,433.0,414.45,431.0,428.75,426.92,1681704,71795026885000.0,29810.0,453344,0.2696,428.0675,426.7481870106622,51.828925154755204,446.010487928089,410.124512071911,-0.00023318176518605238,0.0014010507880910517,0.023698371819901927,6.428266916706093,7.312911151764876
2018-02-02,ADANIPORTS,EQ,428.75,424.5,426.2,412.0,417.05,417.95,420.06,4265914,179194020255000.0,69482.0,2141672,0.502,428.4725,425.9102644382182,47.255002565418145,444.99344284929435,411.9515571507057,-0.025189504373177907,-0.00023318176518605238,0.02141191794626034,4.94890432346341,6.840109786104582
2018-02-05,ADANIPORTS,EQ,417.95,408.0,413.0,406.3,407.95,408.2,409.16,2936554,120151310645000.0,73339.0,1466372,0.4994,427.6925,424.2235725869593,44.066985645933,446.46227623729374,408.92272376270626,-0.023328149300155476,-0.025189504373177907,0.017075850538036796,2.9556840088320655,6.063224630650079
2018-02-06,ADANIPORTS,EQ,408.2,395.0,410.35,387.0,406.35,404.8,400.36,2963450,118645706800000.0,56523.0,1195184,0.4033,426.7875,422.37370853105836,41.06717484516436,448.10299658663683,405.4720034133632,-0.0083292503674669,-0.023328149300155476,0.016067335723757733,1.0891360813137112,5.068406920782806
2018-02-07,ADANIPORTS,EQ,404.8,414.4,414.4,404.15,404.55,407.0,408.61,2592845,105945297950000.0,47541.0,989893,0.3818,426.0825,420.9095458138147,36.43371017471737,449.05809975732114,403.1069002426788,0.005434782608695565,-0.0083292503674669,0.016404618366721167,-0.21017225028970188,4.012691086568305
2018-02-08,ADANIPORTS,EQ,407.0,408.25,416.15,401.1,405.0,405.1,407.04,2952821,120190417309999.98,54626.0,1384647,0.4689,425.1650000000001,419.4038747839276,43.20536258379038,449.9755262041017,400.35447379589846,-0.00466830466830459,0.005434782608695565,0.01244814501135042,-1.377320689576834,2.9346887313392775
2018-02-09,ADANIPORTS,EQ,405.1,400.0,401.6,394.0,400.1,399.0,397.98,2936187,116853002690000.02,41915.0,1265873,0.4311,423.84000000000003,417.46064861402976,25.722339675828053,451.2676195793143,396.41238042068574,-0.015058010367810515,-0.00466830466830459,0.011098995621254173,-2.762666951815163,1.7952175947083897
2018-02-12,ADANIPORTS,EQ,399.0,403.75,406.15,400.0,403.0,403.35,402.98,1249277,50342765990000.0,31505.0,398039,0.3186,422.84250000000003,416.1167773174555,25.45968882602547,451.7632678976129,393.9217321023872,0.010902255639097858,-0.015058010367810515,0.012489723521766591,-3.4695602689328098,0.7422620219801499
2018-02-14,ADANIPORTS,EQ,403.35,405.0,416.8,405.0,410.6,413.0,412.14,3001847,123716886609999.98,61302.0,1119626,0.373,422.4625,415.8199413824597,34.125000000000014,451.70525663797093,393.219743362029,0.023924631213586123,0.010902255639097858,0.015260407537701847,-3.214054346230796,-0.04900125166203928
2018-02-15,ADANIPORTS,EQ,413.0,421.5,424.0,409.55,411.6,411.7,417.5,3293138,137487266334999.98,41592.0,872530,0.265,421.87,415.4275660127017,23.89006342494713,451.49764356401,392.24235643599,-0.0031476997578693267,0.023924631213586123,0.015165107370378999,-3.080947947005825,-0.6553905907307965
2018-02-16,ADANIPORTS,EQ,411.7,414.0,415.6,402.35,407.1,405.45,407.37,1740283,70893076515000.0,22815.0,554928,0.3189,420.4725,414.4773216305396,26.09699769053117,450.4449518252877,390.50004817471233,-0.01518095700752975,-0.0031476997578693267,0.015489154304290279,-3.4401272872484014,-1.2123379300343176
2018-02-19,ADANIPORTS,EQ,405.45,407.5,407.5,388.65,395.55,393.85,395.44,2140756,84653911820000.0,27282.0,766890,0.3582,419.35249999999996,412.51281480858347,21.989528795811538,451.5786494833693,387.1263505166306,-0.02861018621284983,-0.01518095700752975,0.016002448685418794,-4.607687997840117,-1.8914079435954774
2018-02-20,ADANIPORTS,EQ,393.85,394.0,398.0,387.2,394.8,394.9,393.76,2045167,80530664835000.0,31799.0,664139,0.3247,417.425,410.83540387443264,25.850832729905832,450.69541518096753,384.1545848190325,0.002665989589945239,-0.02861018621284983,0.014914159040330834,-5.38617359163311,-2.5903610732030042
2018-02-21,ADANIPORTS,EQ,394.9,396.5,398.75,389.75,396.5,395.6,393.36,1800533,70825876450000.0,28428.0,711483,0.3952,415.30249999999995,409.3844130292486,25.95806218365871,448.44878620934577,382.15621379065414,0.0017726006583946852,0.002665989589945239,0.014870690508670422,-5.878876850683071,-3.2480642286990173
2018-02-22,ADANIPORTS,EQ,395.6,395.0,406.2,392.75,405.0,404.0,401.68,4726021,189833191800000.0,78239.0,2562700,0.5423,413.5825,408.8716117883678,34.02194964493219,445.21791112172093,381.94708887827903,0.02123356926188058,0.0017726006583946852,0.016519376198542518,-5.527816704916802,-3.7040147239425742
2018-02-23,ADANIPORTS,EQ,404.0,405.1,409.25,402.0,407.25,406.5,405.32,1953157,79164443040000.0,29894.0,932028,0.4772,411.46999999999997,408.6457439989994,41.720896601590745,438.52920215103995,384.41079784896,0.006188118811881083,0.02123356926188058,0.016580142227775426,-4.990344320570841,-3.961280643268228
2018-02-26,ADANIPORTS,EQ,406.5,407.5,417.0,407.5,415.0,415.05,414.5,2299169,95301257980000.0,40756.0,725782,0.3157,410.39750000000004,409.25567314195183,55.040470934510694,434.85481996761354,385.94018003238654,0.02103321033210337,0.006188118811881083,0.01675194473036683,-3.8303264203503318,-3.9350897986846487
2018-02-27,ADANIPORTS,EQ,415.05,417.0,417.0,409.65,410.0,410.45,411.66,1334518,54937023445000.01,25739.0,498441,0.3735,409.0875,409.36941855700405,54.08532176428053,430.20247036896916,387.9725296310308,-0.0110830020479461,0.02103321033210337,0.01719368737959207,-3.244781610543953,-3.7970281610565095
2018-02-28,ADANIPORTS,EQ,410.45,410.0,412.35,403.1,408.5,408.35,407.42,2823115,115019454765000.02,47255.0,1517497,0.5375,408.09250000000003,409.2723310753846,50.97755249818974,427.18392201972097,389.0010779802791,-0.00511633572907777,-0.0110830020479461,0.015417268482373707,-2.91656523123072,-3.620935575091352
2018-03-01,ADANIPORTS,EQ,408.35,408.35,413.75,405.0,406.5,406.1,407.99,1216685,49639933355000.0,29972.0,384817,0.3162999999999999,406.95500000000004,408.9702043063004,50.720461095100866,423.3610932197491,390.548906780251,-0.005509979184523117,-0.00511633572907777,0.015471418675455217,-2.8056656151736092,-3.457881583107804
2018-03-05,ADANIPORTS,EQ,406.1,404.95,411.45,400.1,404.1,403.95,404.92,3665892,148441097475000.0,67844.0,1943499,0.5302,405.71500000000003,408.4920896104623,53.781512605042,418.5439598379829,392.88604016201714,-0.005294262496921998,-0.005509979184523117,0.014783641502267004,-2.85831502578219,-3.3379682716426813
2018-03-06,ADANIPORTS,EQ,403.95,406.7,413.75,395.15,395.6,405.25,407.94,3321338,135489028145000.0,58381.0,1744080,0.5251,405.08,408.1833191713706,51.522435897435884,416.54364505264374,393.61635494735623,0.0032182200767421065,-0.005294262496921998,0.010928201853039691,-2.7632874696973317,-3.2230321112536116
2018-03-07,ADANIPORTS,EQ,405.25,398.95,398.95,372.25,379.1,376.95,385.83,6951930,268224915340000.0,107220.0,2806167,0.4037,403.51750000000004,405.20871734552577,27.760641579272047,420.41942374595476,386.6155762540453,-0.0698334361505244,0.0032182200767421065,0.02547521567637348,-4.914895082796647,-3.561404705562219
2018-03-08,ADANIPORTS,EQ,376.95,379.0,393.0,369.7,389.9,387.95,379.5,11040375,418984961340000.0,91084.0,4395111,0.3981,402.675,403.5650299792852,36.91460055096418,420.9331632787659,384.4168367212341,0.029181589070168545,-0.0698334361505244,0.027592349171509836,-5.667124465335576,-3.9825486575168902
2018-03-09,ADANIPORTS,EQ,387.95,392.0,393.65,373.8,379.9,377.9,383.01,5352078,204990758145000.0,78145.0,1854479,0.3465,401.21999999999997,401.1207414098295,35.43098889476467,422.4268360378237,380.01316396217624,-0.025905400180435634,0.029181589070168545,0.027283244226911713,-6.993604756893546,-4.584759877392222
2018-03-12,ADANIPORTS,EQ,377.9,382.0,389.2,377.0,387.5,386.6,381.95,3693431,141071140715000.0,39637.0,1196695,0.324,400.295,399.73781365651246,46.04473540643753,422.3847427970633,378.2052572029367,0.02302196348240293,-0.025905400180435634,0.02862647114431532,-7.259153649061204,-5.119638631726019
2018-03-13,ADANIPORTS,EQ,386.6,387.0,391.4,381.15,386.0,385.2,386.99,2175696,84196991585000.0,27859.0,640444,0.2944,399.605,398.3532599749399,44.72826086956523,422.70412051181523,376.5058794881848,-0.0036213140196585947,0.02302196348240293,0.027196748467565868,-7.496160289374245,-5.594942963255664
2018-03-14,ADANIPORTS,EQ,385.2,383.1,384.75,376.85,383.8,382.1,379.8,3616289,137344996080000.0,39696.0,1604026,0.4436,398.5425,396.80533045351706,42.84957627118645,422.8401125099263,374.2448874900737,-0.008047767393561722,-0.0036213140196585947,0.027164203575322718,-7.8437163717918565,-6.044697644962903
2018-03-15,ADANIPORTS,EQ,382.1,383.6,386.4,380.3,381.6,382.15,383.46,1818766,69742138690000.0,24680.0,499772,0.2748,397.0,395.40958469603925,37.30389308541545,421.35001350909414,372.64998649090586,0.0001308557969117441,-0.008047767393561722,0.02725068082490718,-8.022642460617192,-6.440286608093761
2018-03-16,ADANIPORTS,EQ,382.15,377.9,382.25,367.45,371.5,370.5,372.87,4972566,185409972445000.0,69604.0,3120558,0.6276,394.94,393.0372432964165,31.09243697478992,420.9670021728129,368.9129978271871,-0.030485411487635727,0.0001308557969117441,0.02829807589640538,-9.000745322681269,-6.952378351011263
2018-03-19,ADANIPORTS,EQ,370.5,370.0,371.5,355.25,364.45,364.3,361.82,5253759,190088901855000.0,73004.0,2585200,0.4921,392.88250000000005,390.30036298247205,22.670974690360808,421.76103464350746,364.00396535649264,-0.01673414304993248,-0.030485411487635727,0.028373380392311784,-10.159079527173844,-7.59371858624378
2018-03-20,ADANIPORTS,EQ,364.3,364.3,371.8,360.15,370.15,370.0,368.06,1780257,65524330179999.99,33292.0,476963,0.2678999999999999,391.69,388.3669950793795,28.47259180415115,422.3170881135337,361.0629118864663,0.01564644523744163,-0.01673414304993248,0.029270219141764652,-10.496132484799944,-8.174201365955014
2018-03-21,ADANIPORTS,EQ,370.0,372.9,373.75,362.3,364.0,363.7,366.74,2296120,84206947110000.0,43985.0,1075289,0.4683,390.13,386.0177574527719,27.25420275089148,423.1532836519368,357.1067163480632,-0.017027027027027075,0.01564644523744163,0.020440075225436602,-11.143155372002184,-8.767992167164447
2018-03-22,ADANIPORTS,EQ,363.7,365.0,365.0,354.1,358.3,358.25,359.4,3443184,123747040105000.0,63535.0,1668314,0.4845,388.2625,383.3732091239365,26.393685249136652,424.0887308342347,352.4362691657653,-0.014984877646411876,-0.017027027027027075,0.017124262573727952,-11.957852444630646,-9.405964222657687
2018-03-23,ADANIPORTS,EQ,358.25,355.0,367.0,350.45,365.9,362.4,356.07,4518979,160905529345000.0,56845.0,1935075,0.4282,386.1825,381.3757606359425,29.89840348330914,422.9789139413854,349.38608605861464,0.01158408932309829,-0.014984877646411876,0.01682129799866651,-12.128821918118717,-9.950535761749894
2018-03-26,ADANIPORTS,EQ,362.4,364.4,368.7,351.5,365.75,365.15,359.89,3884338,139794189120000.0,54155.0,582245,0.1499,384.115,379.8304500991861,30.868320610687007,420.7510779904829,347.47892200951713,0.007588300220750632,0.01158408932309829,0.014626044408289554,-11.905178948137916,-10.3414643990275
2018-03-27,ADANIPORTS,EQ,365.15,368.15,369.4,361.9,366.0,365.5,365.72,2631162,96226337095000.0,29134.0,524627,0.1994,381.6375,378.46564532783503,42.550422901756676,416.1025681277591,347.17243187224085,0.0009585102012872326,0.007588300220750632,0.014765752170823092,-11.566368314128567,-10.586445182047713
2018-03-28,ADANIPORTS,EQ,365.5,364.5,364.5,351.05,356.0,354.1,355.65,4766456,169517997075000.0,61035.0,2579031,0.5411,378.82,376.145107677565,28.0906148867314,412.5733842357606,345.0666157642394,-0.03119015047879614,0.0009585102012872326,0.01692788390033539,-12.078509631481666,-10.884858071934506
2018-04-02,ADANIPORTS,EQ,354.1,356.0,371.9,356.0,370.0,369.7,364.13,2978988,108474056915000.02,76400.0,1002282,0.3364999999999999,376.88749999999993,375.5312878987493,45.04830917874396,407.8308927136321,345.94410728636774,0.04405535159559437,-0.03119015047879614,0.023526563736596964,-11.097668673493615,-10.927420192246329
2018-04-03,ADANIPORTS,EQ,369.7,368.5,371.0,362.7,366.5,366.4,365.37,2679172,97889742220000.0,43148.0,859258,0.3207,374.90250000000003,374.66164143220175,36.950904392764805,402.9096696647498,346.89533033525026,-0.008926156342980773,0.04405535159559437,0.021646717618750557,-10.465982240044355,-10.835132601805935
2018-04-04,ADANIPORTS,EQ,366.4,368.0,373.7,363.75,368.0,367.8,369.06,5611445,207096876210000.0,60620.0,2912103,0.519,373.095,374.00815177199206,38.75968992248061,397.6639341713129,348.52606582868714,0.00382096069869009,-0.008926156342980773,0.0209408201375319,-9.740119852127691,-10.616130051870286
2018-04-05,ADANIPORTS,EQ,367.8,372.0,379.8,371.5,377.0,375.95,375.55,3648555,137021090120000.0,41802.0,1817492,0.4981,371.63,374.193089698469,46.270466949666435,391.0886579295588,352.1713420704412,0.02215878194671017,0.00382096069869009,0.0215344925679023,-8.410283282083242,-10.174960697912878
2018-04-06,ADANIPORTS,EQ,375.95,378.45,383.6,374.65,381.0,379.3,379.51,2037081,77310089600000.0,23142.0,357626,0.1755999999999999,371.7475,374.67946210813864,48.3381924198251,391.36911737522115,352.12588262477885,0.008910759409495927,0.02215878194671017,0.020554108561328603,-7.005308382110172,-9.541030234752338
2018-04-09,ADANIPORTS,EQ,379.3,380.65,382.8,376.35,376.4,377.35,379.03,1571745,59573173279999.99,32393.0,429023,0.273,371.2175,374.93379905022067,54.503616042077596,389.5250272123274,352.90997278767253,-0.0051410493013445135,0.008910759409495927,0.019742392494242395,-5.980267552990483,-8.828877698399967
2018-04-10,ADANIPORTS,EQ,377.35,379.0,390.5,378.6,387.65,387.25,386.78,3493681,135128439450000.0,49906.0,909075,0.2602,371.685,376.10677056924726,64.38871473354232,391.151843606464,352.218156393536,0.026235590300781597,-0.0051410493013445135,0.020770705832746,-4.319278099372525,-7.926957778594479
2018-04-11,ADANIPORTS,EQ,387.25,388.0,388.15,375.5,378.0,377.9,378.57,2045552,77439149180000.0,45690.0,598513,0.2926,371.25,376.27755432455706,54.736211031175046,389.67444028996624,352.82555971003376,-0.024144609425435837,0.026235590300781597,0.02295415300412931,-3.7145794892801405,-7.084482120731613
2018-04-12,ADANIPORTS,EQ,377.9,378.0,378.75,369.25,372.3,372.35,372.62,3609657,134503278950000.0,49628.0,1927058,0.5339,370.60749999999996,375.9035015317421,55.232909860859074,387.8414101162003,353.37358988379964,-0.014686424980153379,-0.024144609425435837,0.02368142002246249,-3.6412164245151075,-6.395828981488313
2018-04-13,ADANIPORTS,EQ,372.35,375.8,386.9,372.35,382.9,383.1,383.09,6485732,248459425170000.0,61592.0,1619577,0.2497,370.65749999999997,376.58888233824285,64.12734508243322,388.03698806097844,353.2780119390215,0.028870686182355332,-0.014686424980153379,0.021842553333063345,-2.6846930384512575,-5.6536017928809015
2018-04-16,ADANIPORTS,EQ,383.1,381.75,389.0,379.25,387.3,387.5,385.45,2682231,103387788490000.0,37061.0,899007,0.3352,370.925,377.62803640126737,64.22902494331069,389.1913481211419,352.6586518788581,0.011485251892456194,0.028870686182355332,0.01797364784155079,-1.5536881856837113,-4.833619071441463
2018-04-17,ADANIPORTS,EQ,387.5,391.5,393.95,382.0,383.5,383.4,387.22,3770554,146004970100000.0,74375.0,1261698,0.3346,371.57,378.1777472201943,60.189838079285316,390.66536730806996,352.47463269193,-0.010580645161290425,0.011485251892456194,0.018121639825911983,-0.9769329513424054,-4.0622818474216515
2018-04-18,ADANIPORTS,EQ,383.4,385.25,387.7,380.2,387.2,384.95,383.83,2568988,98606116165000.0,50182.0,989650,0.3852,372.60249999999996,378.8227236754139,60.71625344352617,392.26736246552446,352.93763753447547,0.004042775169535773,-0.010580645161290425,0.01812058964096615,-0.39027932954974176,-3.3278813438472694
2018-04-19,ADANIPORTS,EQ,384.95,387.3,390.7,383.45,386.25,386.55,387.17,2848405,110282791505000.0,75345.0,1110139,0.3897,373.42999999999995,379.5586547539459,70.04323656578134,394.00551943447624,352.85448056552366,0.004156383945967068,0.004042775169535773,0.017058148357879332,0.20143253173569065,-2.622018568730678
2018-04-20,ADANIPORTS,EQ,386.55,386.0,387.25,378.95,381.45,381.15,382.13,2178241,83236854840000.0,53186.0,1199557,0.5507,374.3025,379.7102114440463,58.09187279151942,394.61905987763834,353.9859401223617,-0.01396973224679865,0.004156383945967068,0.01768744477648543,0.23195968765179487,-2.0512229174541834
2018-04-23,ADANIPORTS,EQ,381.15,381.45,389.55,375.55,387.25,386.35,384.62,3614484,139018733045000.0,60308.0,1837252,0.5083,375.7075,380.34257225889905,63.73021335168618,395.22052601364067,356.1944739863593,0.013642922733831941,-0.01396973224679865,0.01800147549187121,0.6680483746213781,-1.5073686590390711
2018-04-24,ADANIPORTS,EQ,386.35,387.25,394.5,387.1,393.0,392.25,391.17,3093161,120996567725000.0,71390.0,1086482,0.3513,377.2,381.47661299614674,65.84575502268308,396.9916250230018,357.4083749769982,0.015271127216254676,0.013642922733831941,0.01668097400182019,1.4727554840748098,-0.9113438304162949
2018-04-25,ADANIPORTS,EQ,392.25,394.0,397.45,390.2,392.0,391.9,393.27,3205946,126079113365000.02,71846.0,1097618,0.3424,378.5375,382.4693165203233,61.49963950973322,398.51498403627244,358.5600159637276,-0.0008922880815807055,0.015271127216254676,0.014152135692795545,2.0585202509220153,-0.31737101414863284
2018-04-26,ADANIPORTS,EQ,391.9,388.65,398.5,388.1,396.7,397.1,393.86,3663748,144299950195000.0,89515.0,1485049,0.4053,380.11749999999995,383.86271494695916,62.49999999999999,400.7413817878316,359.4936182121683,0.013268690992600307,-0.0008922880815807055,0.012806229430888827,2.9088086551365677,0.32786491970840725
2018-04-27,ADANIPORTS,EQ,397.1,398.3,405.9,398.3,402.5,402.45,402.24,8210865,330273134315000.0,80805.0,4751246,0.5787,382.53499999999997,385.6329325710583,66.82305630026806,401.5935275843293,363.4764724156706,0.013472676907579917,0.013268690992600307,0.010548119255079822,3.9686208390067463,1.056016103568075
2018-04-30,ADANIPORTS,EQ,402.45,405.8,411.3,402.4,406.25,407.3,406.55,2264144,92048758485000.0,44313.0,925149,0.4086,384.415,387.69646280238607,64.41409058231486,405.4573657865068,363.37263421349326,0.01205118648279302,0.013472676907579917,0.010588283507130317,5.1406261586884625,1.8729381145921526
2018-05-02,ADANIPORTS,EQ,407.3,408.0,411.2,397.3,402.7,401.1,405.29,3047308,123503461815000.02,55954.0,1522415,0.4996,386.15,388.9729901545398,67.4698795180723,406.6534271845998,365.64657281540013,-0.015222194942302925,0.01205118648279302,0.011418610020964053,5.505694415889934,2.599489374851709
2018-05-03,ADANIPORTS,EQ,401.1,399.7,406.3,393.55,396.4,397.0,401.58,3161687,126968103800000.0,48217.0,1052373,0.3329,387.61,389.73746728267884,68.9761354888375,406.72308727708696,368.49691272291307,-0.010221889803041728,-0.015222194942302925,0.012346761308809006,5.401908071351045,3.159973114151576
2018-05-04,ADANIPORTS,EQ,397.0,401.95,409.6,391.3,408.0,408.25,405.17,4782981,193792369320000.0,75202.0,1180414,0.2468,389.225,391.50056563670944,69.21313980137504,409.6061703604462,368.84382963955386,0.02833753148614604,-0.010221889803041728,0.01470689058909779,6.156469675243898,3.7592724263700408
2018-05-07,ADANIPORTS,EQ,408.25,410.0,414.3,405.95,412.8,412.4,411.39,2582072,106222945260000.0,47624.0,871816,0.3376,390.88,393.49098795702287,69.09509202453981,413.1553439337483,368.60465606625166,0.010165339865278566,0.02833753148614604,0.013027816154741197,7.008545351510463,4.409127011398126
2018-05-08,ADANIPORTS,EQ,412.4,413.1,415.65,410.1,413.4,412.8,413.02,1945992,80372579855000.0,38486.0,897262,0.4611,392.65250000000003,395.3299414849255,73.9024390243902,416.0101196290458,369.2948803709543,0.0009699321047527132,0.010165339865278566,0.013032920364640438,7.628165378767619,5.0529346848720245
2018-05-09,ADANIPORTS,EQ,412.8,412.1,415.3,409.6,413.1,413.35,412.14,1408466,58048169135000.0,24313.0,411696,0.2923,393.95750000000004,397.0461375339802,73.47107438016525,418.90644312703904,369.00855687296104,0.0013323643410851904,0.0009699321047527132,0.012759264007946833,8.070566649367777,5.6564610777711755
2018-05-10,ADANIPORTS,EQ,413.35,413.85,414.4,409.1,411.95,410.8,411.44,1552936,63894273770000.01,21402.0,648719,0.4177,395.60249999999996,398.3560291974107,69.73148901545967,420.43177972328766,370.77322027671227,-0.006169106084432108,0.0013323643410851904,0.013148200817695565,8.121786258534598,6.14952611392386
2018-05-11,ADANIPORTS,EQ,410.8,412.35,414.5,410.85,413.0,412.7,412.61,1442596,59522927929999.99,22672.0,797734,0.5529999999999999,397.62,399.72212165480016,77.22174288179461,421.00952532085984,374.2304746791402,0.004625121713729197,-0.006169106084432108,0.01280924426651079,8.220926564764682,6.5638062040920255
2018-05-14,ADANIPORTS,EQ,412.7,413.95,414.0,407.4,412.15,409.95,409.61,5517825,226014369750000.0,46201.0,3892935,0.7055,398.9625,400.696205306724,71.26126126126121,421.9212014807567,376.0037985192433,-0.006663435909861848,0.004625121713729197,0.012725597603803736,7.98554160167123,6.848153283607867
2018-05-15,ADANIPORTS,EQ,409.95,399.0,412.0,397.4,410.0,409.15,407.64,3089340,125933279295000.0,60880.0,1179975,0.382,400.04499999999996,401.50132861084546,66.76587301587297,422.7684842583699,377.32151574163004,-0.0019514574948165109,-0.006663435909861848,0.012248450829889403,7.646302196379565,7.007783066162207
2018-05-16,ADANIPORTS,EQ,409.15,407.75,409.75,400.25,402.5,403.1,402.56,1897907,76402380030000.0,54585.0,1003551,0.5288,401.03000000000003,401.65358302886017,59.982174688057086,422.38202196756873,379.6779780324313,-0.014786753024563004,-0.0019514574948165109,0.012186886226701613,6.810757907944435,6.968378034518653
2018-05-17,ADANIPORTS,EQ,403.1,404.0,405.5,395.6,396.15,397.9,400.26,1614257,64612305504999.99,46414.0,844430,0.5231,401.6775,401.2960989308735,50.71301247771831,421.72172675769906,381.63327324230096,-0.012900024807740107,-0.014786753024563004,0.01247623432934524,5.663698902384795,6.707442208091882
2018-05-18,ADANIPORTS,EQ,397.9,396.15,397.1,384.05,391.8,389.5,390.38,3895361,152066393125000.0,36718.0,2666040,0.6844,401.825,400.17266093745695,39.053254437869846,421.4393207617709,382.2106792382291,-0.021110831867303337,-0.012900024807740107,0.00959348089853031,4.030376901990337,6.172029146871574
2018-05-21,ADANIPORTS,EQ,389.5,389.35,392.55,381.5,385.25,383.7,385.17,1544488,59488832390000.0,44644.0,706437,0.4574,401.9525,398.6038360862706,30.366056572379364,421.02666204956336,382.8783379504366,-0.014890885750962757,-0.021110831867303337,0.008504702965171902,2.242100384279752,5.38604339435321
2018-05-22,ADANIPORTS,EQ,383.7,382.7,389.05,377.75,381.35,379.75,379.68,1861819,70688843840000.0,37554.0,871288,0.4679999999999999,401.6225,396.80823264948293,31.54710458081243,422.0159838663921,381.2290161336079,-0.01029450091217099,-0.014890885750962757,0.008042484713761374,0.5003783218651279,4.408910379855593
2018-05-23,ADANIPORTS,EQ,379.75,379.8,383.1,373.5,374.05,374.25,376.02,1560605,58682382615000.0,39746.0,458589,0.2939,400.72249999999997,394.65982954000833,30.80168776371309,424.211388190362,377.2336118096379,-0.014483212639894716,-0.01029450091217099,0.007477172772736744,-1.3086674913869842,3.2653948056070776
2018-05-24,ADANIPORTS,EQ,374.25,374.95,378.6,364.7,371.5,371.25,370.47,3299522,122238974820000.0,41330.0,2086461,0.6324000000000001,399.68999999999994,392.4303219647694,13.72549019607844,426.4055700708184,372.9744299291815,-0.008016032064128265,-0.014483212639894716,0.007398199132753618,-2.9504137269390185,2.0222330990978588
2018-05-25,ADANIPORTS,EQ,371.25,371.5,382.0,366.5,379.7,379.9,374.13,2372618,88767638460000.0,75852.0,796514,0.3357,398.83000000000004,391.23695796812467,20.720720720720706,426.9662175290212,370.6937824709789,0.023299663299663154,-0.008016032064128265,0.012267674860880652,-3.513030706622942,0.9151803379536986
2018-05-28,ADANIPORTS,EQ,379.9,382.5,383.45,376.2,378.0,378.9,379.23,1807896,68560960350000.0,42050.0,591769,0.3273,397.65250000000003,390.06200959020805,19.786096256684445,427.09179481060426,368.2132051893958,-0.002632271650434337,0.023299663299663154,0.012388672578334474,-3.9935650273824876,-0.06656873511353867
2018-05-29,ADANIPORTS,EQ,378.9,379.8,383.85,373.2,375.0,377.85,380.11,3394813,129041837615000.02,54363.0,1918531,0.5651,396.18,388.89896105780724,18.639575971731404,426.51980189364593,365.8401981063541,-0.0027711797307995445,-0.002632271650434337,0.012348493279088409,-4.4083020020244135,-0.9349153884957137
2018-05-30,ADANIPORTS,EQ,377.85,374.0,378.95,370.0,374.35,374.4,374.7,3110433,116546446815000.02,78110.0,1689127,0.5431,394.84499999999997,387.5181076237304,18.347826086956474,426.59039999828246,363.0996000017175,-0.009130607383882605,-0.0027711797307995445,0.012123380118362207,-4.958214993529964,-1.739575309502564
2018-05-31,ADANIPORTS,EQ,374.4,375.5,397.6,369.25,393.5,392.15,387.88,11133305,431834743670000.0,93631.0,8250136,0.741,394.6025,387.95924023099417,35.99182004089978,426.35268400275584,362.8523159972442,0.04740918803418803,-0.009130607383882605,0.02086985129454584,-3.9166002148687085,-2.174980290575793
2018-06-01,ADANIPORTS,EQ,392.15,394.1,395.4,382.3,387.85,387.6,387.25,3219572,124676970705000.0,68498.0,1213198,0.3768,393.57,387.9250268756614,35.12974051896208,424.79014194644583,362.34985805355416,-0.011602703047303264,0.04740918803418803,0.020066198982682824,-3.4188496023578523,-2.423754152932205
2018-06-04,ADANIPORTS,EQ,387.6,388.0,388.95,376.05,378.5,378.55,381.71,2481566,94723415660000.0,83369.0,1402467,0.5652,391.8775,387.03216717321743,31.654676258992808,422.46319454049825,361.29180545950175,-0.023348813209494335,-0.011602703047303264,0.020909542983579124,-3.7118501241529884,-2.6813733471763617
2018-06-05,ADANIPORTS,EQ,378.55,378.75,379.35,371.5,374.0,373.6,374.09,2767220,103518910230000.0,53879.0,1714834,0.6197,389.9175,385.7529131567205,32.07776427703523,419.8754929585349,359.95950704146514,-0.013076211861048681,-0.023348813209494335,0.02106255372781504,-4.293980446081946,-3.0038947669574787
2018-06-06,ADANIPORTS,EQ,373.6,374.0,377.5,373.35,376.2,375.8,375.48,3927114,147455377540000.0,52890.0,2978829,0.7585,388.03999999999996,384.8050166656043,36.06557377049181,416.4829549134562,359.59704508654374,0.005888650963597364,-0.013076211861048681,0.020641296623437298,-4.525632630543782,-3.30824233967474
2018-06-07,ADANIPORTS,EQ,375.8,378.0,384.8,376.55,381.0,380.05,381.01,1770108,67443364545000.01,49793.0,686769,0.3879999999999999,386.5025,384.35215793554676,43.712574850299404,413.0247939985545,359.9802060014455,0.011309207025013368,0.005888650963597364,0.02064944626529414,-4.3165210071957745,-3.509898073178947
2018-06-08,ADANIPORTS,EQ,380.05,381.0,382.75,375.1,380.15,380.5,379.52,1232441,46773720880000.0,41076.0,586886,0.4761999999999999,384.8925,383.98528575120895,47.70773638968482,408.4640322280363,361.3209677719637,0.0011840547296408932,0.011309207025013368,0.0193198746770556,-4.06759855577269,-3.6214381696976963
2018-06-11,ADANIPORTS,EQ,380.5,384.0,387.7,380.1,381.0,382.3,384.76,2030226,78115376410000.0,43078.0,670564,0.3303,383.51,383.8247823463319,51.88470066518848,403.9256699362472,363.0943300637528,0.004730617608410093,0.0011840547296408932,0.019335032330074182,-3.6826297000335444,-3.633676475764866
2018-06-12,ADANIPORTS,EQ,382.3,384.0,390.75,382.35,389.9,388.9,386.43,1920763,74223156225000.0,52067.0,918968,0.4784,382.4975,384.30813640858605,60.65454545454546,399.23659621525877,365.75840378474123,0.01726392885168715,0.004730617608410093,0.019923105886797507,-2.8125529076449993,-3.469451762140893
2018-06-13,ADANIPORTS,EQ,388.9,391.15,392.0,381.6,384.2,382.85,386.5,2529140,97751544165000.0,56976.0,1257525,0.4972,381.485,384.16926627443496,58.0779944289694,395.1431997734353,367.8268002265647,-0.015556698380046141,0.01726392885168715,0.02045658687924594,-2.581438008677935,-3.291849011448302
2018-06-14,ADANIPORTS,EQ,382.85,383.65,383.65,372.05,374.6,374.45,375.85,2398168,90134442185000.0,44522.0,1277458,0.5327000000000001,380.3125,383.2436218673459,46.19147449336129,391.90777467269703,368.71722532730297,-0.02194070784902713,-0.015556698380046141,0.014355566837559638,-3.041032455257266,-3.241685700210095
2018-06-15,ADANIPORTS,EQ,374.45,369.8,375.9,369.8,371.65,372.95,372.97,7278768,271479579395000.0,83628.0,5820106,0.7996,379.485,382.26327692759867,45.87092297015961,390.6746615817568,368.2953384182432,-0.004005875283749516,-0.02194070784902713,0.014138172027169632,-3.486116053514479,-3.290571770870972
2018-06-18,ADANIPORTS,EQ,372.95,373.0,375.75,369.2,370.5,370.55,371.33,966982,35907423895000.0,25204.0,327669,0.3389,378.8275,381.1477267440178,45.02724795640326,390.5089056020911,367.1460943979089,-0.006435178978415279,-0.004005875283749516,0.01244390151695304,-3.986553447550648,-3.4297681062069074
2018-06-19,ADANIPORTS,EQ,370.55,369.55,371.7,361.4,362.25,362.45,364.37,3037612,110680882940000.02,97342.0,1332473,0.4387,377.9625,379.3669908636352,42.34465086483023,391.7317974631986,364.1932025368014,-0.02185939819187699,-0.006435178978415279,0.013566846218173119,-4.979357064558428,-3.7396858978772114
2018-06-20,ADANIPORTS,EQ,362.45,363.0,366.75,357.2,366.5,365.65,362.47,4112085,149049649355000.0,69142.0,2270303,0.5521,377.5325,378.06061078138424,29.13385826771649,392.291521326795,362.77347867320503,0.008828803972961818,-0.02185939819187699,0.013809182329469595,-5.445179191108025,-4.0807845565233745
2018-06-21,ADANIPORTS,EQ,365.65,369.0,374.8,365.95,366.55,366.9,371.11,4844094,179769289145000.0,132802.0,1807478,0.3731,377.315,376.9976954688714,32.80730897009961,392.58327119426536,362.04672880573463,0.0034185696704498447,0.008828803972961818,0.01313186584944085,-5.648371122836522,-4.394301869786005
2018-06-22,ADANIPORTS,EQ,366.9,364.9,367.35,361.2,365.95,365.8,364.37,2982451,108671098005000.0,77110.0,1724362,0.5782,376.61,375.9312482813599,37.79904306220092,392.65790853723735,360.5620914627627,-0.0029980921231942403,0.0034185696704498447,0.01303457363476959,-5.830947466808084,-4.68163098919042
2018-06-25,ADANIPORTS,EQ,365.8,366.0,367.75,359.05,360.0,361.15,363.52,1716838,62410417075000.0,27219.0,654815,0.3814,375.72249999999997,374.5235103498018,38.0173243503368,393.1418321220257,358.30316787797426,-0.012711864406779738,-0.0029980921231942403,0.012924542231253392,-6.278482238104118,-5.00100123897316
2018-06-26,ADANIPORTS,EQ,361.15,361.0,366.55,356.4,361.95,362.9,361.9,1997309,72283553595000.0,43546.0,725459,0.3632,374.975,373.41650936410645,37.47572815533976,393.27094433053037,356.6790556694697,0.0048456320088605676,-0.012711864406779738,0.010925674980875556,-6.417964098941752,-5.284393810966879
2018-06-27,ADANIPORTS,EQ,362.9,362.0,365.05,355.15,357.0,361.1,360.64,3186106,114904727245000.0,63534.0,1692249,0.5311,374.31,372.2435084722868,30.682976554536168,393.6319972814891,354.9880027185109,-0.004960044089280635,0.0048456320088605676,0.010491738791441555,-6.597695310721122,-5.5470541109177285
2018-06-28,ADANIPORTS,EQ,361.1,359.7,364.45,358.15,364.45,361.8,361.82,9627099,348328719915000.0,44055.0,7091870,0.7367,372.79249999999996,371.2488886177833,31.03448275862067,390.94704923409705,354.6379507659029,0.0019385211852671613,-0.004960044089280635,0.009019492999790851,-6.607482495896193,-5.759139787913421
2018-06-29,ADANIPORTS,EQ,361.8,364.45,377.4,359.05,372.05,373.15,367.47,3241005,119098301784999.98,62437.0,969725,0.2992,372.07000000000005,371.42994684466106,42.225998300764616,388.8406949923026,355.2993050076975,0.03137092316196788,0.0019385211852671613,0.014201828492443506,-5.63443846723402,-5.734199523777541
2018-07-02,ADANIPORTS,EQ,373.15,371.0,373.9,359.15,362.5,362.8,364.58,1732427,63160756454999.99,30490.0,485039,0.28,371.28249999999997,370.6080471451695,29.153354632587835,388.25000066880506,354.3149993311949,-0.027736835052927677,0.03137092316196788,0.01667965373919693,-5.633512935179795,-5.714062206057992
2018-07-03,ADANIPORTS,EQ,362.8,362.5,365.45,360.25,362.65,362.75,363.2,1488048,54046185325000.0,41147.0,569570,0.3828,370.73999999999995,369.8596617027724,32.24381625441691,388.08512217185086,353.39487782814905,-0.0001378169790517969,-0.027736835052927677,0.015148139576958961,-5.572576829608238,-5.685765130768042
2018-07-04,ADANIPORTS,EQ,362.75,362.95,363.5,355.95,359.0,359.95,359.28,1616705,58084802085000.0,45410.0,609521,0.377,369.94750000000005,368.9158843977465,35.784313725490165,387.7612284432872,352.1337715567129,-0.0077188146106134115,-0.0001378169790517969,0.015002198244455592,-5.684691540860001,-5.6855504127864345
2018-07-05,ADANIPORTS,EQ,359.95,361.35,363.4,355.6,361.95,361.9,359.87,1526982,54951056054999.99,35763.0,318674,0.2087,369.04,368.24770493129444,39.26141885325555,386.53311443483227,351.54688556516777,0.005417419085984143,-0.0077188146106134115,0.015087626971478918,-5.552192336959195,-5.658878797620987
2018-07-06,ADANIPORTS,EQ,361.9,361.9,370.9,358.35,365.4,365.75,366.56,1549142,56786022425000.0,36632.0,317881,0.2052,368.3025,368.00982827117116,45.46313799621927,384.986292166387,351.61870783361303,0.010638297872340496,0.005417419085984143,0.015523923862993871,-5.077987065105731,-5.542700451117936
2018-07-09,ADANIPORTS,EQ,365.75,367.0,369.9,365.6,367.6,366.95,367.72,1050376,38624583275000.0,47252.0,338401,0.3222,367.53499999999997,367.9088922453453,54.89130434782611,382.86488481429734,352.2051151857026,0.0032809295967191066,0.010638297872340496,0.01486794459988884,-4.552863424022689,-5.344733045698886
2018-07-10,ADANIPORTS,EQ,366.95,367.55,375.3,367.55,371.3,370.45,371.96,1656692,61621954690000.0,31812.0,395940,0.239,366.6125,368.1509025076934,55.18358531317497,378.3220496339595,354.9029503660405,0.009538084207657782,0.0032809295967191066,0.015051388379868233,-3.8103550052366018,-5.037857437606429
2018-07-11,ADANIPORTS,EQ,370.45,369.9,378.3,368.0,373.4,373.5,373.78,2480112,92700404965000.0,46821.0,335478,0.1353,366.145,368.66034036410355,56.8607068607069,375.6672675317361,356.62273246826385,0.00823322985558117,0.009538084207657782,0.014935418612046822,-2.941889947723496,-4.618663939629842
2018-07-12,ADANIPORTS,EQ,373.5,374.4,375.7,368.6,369.0,369.35,371.25,1458875,54161190945000.01,37679.0,476661,0.3267,365.89,368.7260222341889,53.47018572825025,374.72412045475477,357.0558795452452,-0.011111111111111072,0.00823322985558117,0.015638833842320975,-2.5589969260511225,-4.206730536914098
2018-07-13,ADANIPORTS,EQ,369.35,374.0,377.3,367.5,369.65,370.4,372.63,3006407,112028444930000.0,50255.0,651972,0.2169,365.7625,368.8854486880757,59.72660357518405,374.2337439277123,357.2912560722877,0.0028428320021658404,-0.011111111111111072,0.011869455047956364,-2.146086474016613,-3.7946017243346013
2018-07-16,ADANIPORTS,EQ,370.4,370.5,372.3,358.5,360.2,360.05,364.12,1340324,48803487595000.0,28913.0,337650,0.2519,365.2375,368.0439773844494,47.46215494211934,373.7607730924877,356.71422690751234,-0.0279427645788336,0.0028428320021658404,0.011921685844258938,-2.6237653338298514,-3.5604344462336517
2018-07-17,ADANIPORTS,EQ,360.05,361.1,369.2,360.8,366.0,366.7,365.36,1775116,64855311515000.0,35550.0,443563,0.2498999999999999,365.45,367.9159795383114,54.590163934426215,373.8921872944388,357.00781270556115,0.01846965699208436,-0.0279427645788336,0.013381269285929727,-2.4376303626427216,-3.335873629515466
2018-07-18,ADANIPORTS,EQ,366.7,365.85,375.4,361.75,364.9,364.05,368.78,2065237,76161288120000.0,49446.0,436903,0.2116,365.37,367.54779101085313,51.78713264495632,373.8345017261668,356.9054982738332,-0.007226615762203403,0.01846965699208436,0.013345820639977248,-2.4754148682637265,-3.1637818772651185
2018-07-19,ADANIPORTS,EQ,364.05,366.4,371.0,364.1,368.65,369.6,367.45,1537925,56511580504999.99,27667.0,489633,0.3184,365.505,367.74323948600994,46.89413823272094,374.15630960568006,356.8536903943199,0.01524515863205611,-0.007226615762203403,0.01403386647172046,-2.0340732146247547,-2.937840144737046
2018-07-20,ADANIPORTS,EQ,369.6,369.6,376.9,366.9,369.95,370.05,371.99,1886770,70186230900000.0,33098.0,429069,0.2274,365.71750000000003,367.9629309635328,57.671957671957685,374.60488165210495,356.8301183478951,0.0012175324675325339,0.01524515863205611,0.013716855406711114,-1.6292149593278964,-2.676115107655216
2018-07-23,ADANIPORTS,EQ,370.05,370.2,385.0,370.0,383.5,383.75,379.49,2517823,95549671780000.0,36744.0,561402,0.223,366.8475,369.4664613479583,67.24137931034485,378.580964288483,355.11403571151703,0.0370220240508039,0.0012175324675325339,0.017809857679141627,-0.20057427544190887,-2.181006941212555
2018-07-24,ADANIPORTS,EQ,383.75,385.4,394.3,382.75,392.1,392.6,389.75,3937762,153475112110000.0,51803.0,1516319,0.3851,368.3325,371.66965550529557,74.38386855862592,384.6029535245118,352.06204647548816,0.023061889250814316,0.0370220240508039,0.018714544492945864,1.6269997563825882,-1.4194056016935264
2018-07-25,ADANIPORTS,EQ,392.6,392.5,401.45,391.2,398.55,398.75,399.27,4308866,172039916950000.0,67915.0,1856990,0.431,370.21500000000003,374.24873593336264,75.89599437807456,391.03753586858585,349.3924641314142,0.015664798777381472,0.023061889250814316,0.01895985658452736,3.5309167356595594,-0.4293411342229092
2018-07-26,ADANIPORTS,EQ,398.75,395.8,402.0,394.7,399.45,399.3,399.01,2388169,95289773370000.0,35767.0,1095681,0.4588,372.09000000000003,376.6345706063757,74.7236551215918,396.2138383957838,347.96616160421627,0.0013793103448276334,0.015664798777381472,0.018043621268764225,5.026225859188116,0.661772264459296
2018-07-27,ADANIPORTS,EQ,399.3,402.45,402.45,391.15,395.0,394.65,395.82,2966414,117416303100000.0,45063.0,1050040,0.354,373.16499999999996,378.3503257867209,69.42496493688641,399.31849629436874,347.0115037056312,-0.011645379413974588,0.0013793103448276334,0.019054695693820175,5.769545248172676,1.683326861201972
2018-07-30,ADANIPORTS,EQ,394.65,395.0,397.5,387.65,389.15,390.8,390.87,1649794,64485047195000.01,31710.0,445332,0.2699,374.565,379.5360090451284,64.20097697138874,401.3718549755972,347.7581450244028,-0.009755479538831824,-0.011645379413974588,0.01602670792689718,5.97904567830966,2.54247062462351
2018-07-31,ADANIPORTS,EQ,390.8,389.75,401.5,386.15,400.95,399.75,393.75,2502908,98553160140000.0,35326.0,531235,0.2122,376.415,381.4611510408305,66.92456479690526,404.84635963201174,347.9836403679883,0.02290174002047074,-0.009755479538831824,0.01639491496041194,6.789007033222617,3.3917779063433318
2018-08-01,ADANIPORTS,EQ,399.75,402.95,402.95,395.05,397.8,399.0,399.18,1774615,70839031025000.0,36391.0,438666,0.2472,378.36749999999995,383.1315176083704,69.99325691166557,407.39513247953346,349.33986752046644,-0.0018761726078799779,0.02290174002047074,0.01589391616039006,7.286395479000873,4.17070142087484
2018-08-02,ADANIPORTS,EQ,399.0,397.6,404.6,394.0,397.2,399.15,400.25,2966243,118725100965000.02,40509.0,971233,0.3274,380.23,384.65708735995423,69.62457337883961,409.58704703345927,350.87295296654077,0.0003759398496239186,-0.0018761726078799779,0.015973500072963064,7.6050172472999975,4.857564586159872
2018-08-03,ADANIPORTS,EQ,399.15,399.05,403.5,398.15,399.0,399.55,400.57,1632617,65397297960000.0,27958.0,574359,0.3518,381.91999999999996,386.0754599923395,81.20063191153241,411.6563573318391,352.1836426681608,0.0010021295252411466,0.0003759398496239186,0.015983556759644618,7.799891655542353,5.446030000036369
2018-08-06,ADANIPORTS,EQ,399.55,403.5,406.4,395.3,398.2,397.35,399.58,2817990,112601029784999.98,31427.0,462193,0.1639999999999999,383.44,387.14922570735484,76.04078164825833,413.0620685868966,353.8179314131034,-0.0055061944687773146,0.0010021295252411466,0.01266071134197902,7.688184805526646,5.894460961134425
2018-08-07,ADANIPORTS,EQ,397.35,393.5,394.45,369.2,373.2,372.3,376.59,9635717,362868755480000.0,101312.0,1643814,0.1706,383.5325,385.73501373522583,55.07692307692307,412.99489842665594,354.0701015733441,-0.06304265760664407,-0.0055061944687773146,0.022990041278827655,5.51475995374193,5.818520759655927
2018-08-08,ADANIPORTS,EQ,372.3,375.0,376.55,369.65,375.4,374.6,373.76,3276532,122462409975000.0,98380.0,885675,0.2703,383.5875,384.6745362366329,53.205128205128204,412.9750533087065,354.19994669129346,0.006177813591189851,-0.06304265760664407,0.02222319827534696,3.932563731360858,5.441329353996913
2018-08-09,ADANIPORTS,EQ,374.6,376.0,381.0,371.55,377.3,378.0,378.0,1992284,75308650750000.0,33089.0,365630,0.1835,384.02,384.0388661188583,54.91043854231006,412.7730575032961,355.26694249670385,0.009076348104644971,0.006177813591189851,0.022636586600417223,2.9193608365453656,4.936935650506603
2018-08-10,ADANIPORTS,EQ,378.0,377.3,382.1,376.0,378.55,379.3,379.05,1142258,43297773515000.0,15991.0,251976,0.2206,384.46500000000003,383.58754553610993,46.75419401896426,412.5993412557165,356.33065874428354,0.003439153439153575,0.009076348104644971,0.022664102532306232,2.195975539051176,4.3887436282155186
2018-08-13,ADANIPORTS,EQ,379.3,378.0,379.6,374.65,377.55,377.15,377.11,1438549,54249515665000.0,36205.0,510193,0.3547,385.32000000000005,382.9744459612423,37.51010509296682,411.28603854832505,359.35396145167505,-0.005668336409174857,0.003439153439153575,0.02257987907734763,1.4326853425637296,3.797531971085161
2018-08-14,ADANIPORTS,EQ,377.15,377.55,378.7,371.0,372.35,373.15,373.9,1501909,56157086250000.0,43119.0,440128,0.293,385.64250000000004,382.038784441124,28.559463986599653,410.78186470742844,360.50313529257164,-0.010605859737504941,-0.005668336409174857,0.020662422055666086,0.49925074027225946,3.137875724922581
2018-08-16,ADANIPORTS,EQ,373.15,372.0,374.1,367.3,370.05,370.3,370.57,2376448,88064843550000.0,48100.0,1412987,0.5946,385.95500000000004,380.92080497054076,26.61290322580645,410.0999329978785,361.81006700212157,-0.007637679217472826,-0.010605859737504941,0.0205943369975644,-0.4651125605574862,2.4172780678265675
2018-08-17,ADANIPORTS,EQ,370.3,371.0,379.1,371.0,374.5,374.1,375.53,1983257,74477794690000.0,40106.0,686254,0.346,386.17999999999995,380.2712044971559,33.19705641864272,409.7604870267644,362.5995129732355,0.010261949770456358,-0.007637679217472826,0.02122802592722323,-0.9122335220559421,1.7513757498500657
2018-08-20,ADANIPORTS,EQ,374.1,376.4,379.5,374.15,378.15,378.25,377.19,1280487,48298972710000.0,31644.0,289367,0.226,386.59,380.0787088307601,39.78844589096826,409.25707791160954,363.9229220883904,0.011093290564020197,0.010261949770456358,0.02184206360192223,-0.9210920130071258,1.2168821972786277
2018-08-21,ADANIPORTS,EQ,378.25,378.55,382.0,375.4,377.55,377.95,378.34,1592878,60265535070000.01,41340.0,433124,0.2719,386.3,379.875974656402,29.356060606060595,409.26649733847876,363.33350266152127,-0.000793126239259756,0.011093290564020197,0.021886514570783354,-0.9414672750000364,0.7852123028228949
2018-08-23,ADANIPORTS,EQ,377.95,379.7,385.6,372.5,384.9,384.5,380.46,2012760,76576857555000.0,40633.0,499592,0.2482,385.89500000000004,380.316358022459,37.627986348122874,408.67867143831046,363.1113285616896,0.017330334700357275,-0.000793126239259756,0.009176671228915285,-0.42419470505149093,0.5433309012480178
2018-08-24,ADANIPORTS,EQ,384.5,385.0,387.8,375.0,376.8,376.75,380.16,2085488,79281872605000.0,40850.0,583748,0.2799,384.795,379.9767048774629,33.08157099697888,407.0844098053774,362.50559019462264,-0.02015604681404426,0.017330334700357275,0.011684468321909853,-0.6323236635813032,0.30819998828215356
2018-08-27,ADANIPORTS,EQ,376.75,378.0,382.3,375.55,378.05,378.65,378.78,2055581,77861784595000.0,33895.0,717318,0.349,383.7625,379.85035203199027,34.56425406203837,405.11630836238186,362.4086916376181,0.005043132050431165,-0.02015604681404426,0.011427460800640587,-0.6366147431863283,0.11923704198845722
2018-08-28,ADANIPORTS,EQ,378.65,380.4,388.4,376.15,387.5,386.95,382.62,5128415,196225659660000.0,78499.0,1686272,0.3288,383.3775,380.5265089813245,42.953929539295366,404.17520926147165,362.57979073852835,0.021919978872309454,0.005043132050431165,0.013338578098865449,0.029386430834620114,0.10126691975768981
2018-08-29,ADANIPORTS,EQ,386.95,383.25,393.3,383.25,386.0,385.9,388.45,3234342,125637776770000.0,36194.0,474102,0.1466,383.13250000000005,381.0382700307222,63.654618473895546,403.6759398543921,362.589060145608,-0.002713528879700222,0.021919978872309454,0.013179674630492622,0.467086650585145,0.17443086592318086
2018-08-30,ADANIPORTS,EQ,385.9,386.2,389.2,380.1,384.1,383.75,383.34,3566612,136723524980000.0,26914.0,1613866,0.4525,382.33250000000004,381.2965300277962,59.214501510574,401.3399576776281,363.325042322372,-0.005571391552215532,-0.002713528879700222,0.012716786148358264,0.6331812768787586,0.2661809481142964
2018-08-31,ADANIPORTS,EQ,383.75,384.0,394.0,381.2,382.6,383.15,385.57,3931829,151599848270000.0,64798.0,1700949,0.4326,381.54,381.47305097752997,55.496264674493034,398.86900215788216,364.2109978421179,-0.0015635179153095091,-0.005571391552215532,0.012296845249448669,0.7082334054349531,0.35459143957842776
2018-09-03,ADANIPORTS,EQ,383.15,384.0,392.95,378.45,384.35,384.45,388.0,2744322,106478996760000.0,28923.0,460279,0.1677,380.80499999999995,381.7565699320509,55.496264674493034,396.11890493012623,365.49109506987367,0.003392927052068506,-0.0015635179153095091,0.012065912434794813,0.8626675984013445,0.4562066713430111
2018-09-04,ADANIPORTS,EQ,384.45,384.55,386.95,372.45,374.95,373.75,378.38,2960605,112023846730000.0,44843.0,700913,0.2367,379.515,380.9940394623318,46.93140794223829,392.32178685198284,366.70821314801714,-0.027831967746130837,0.003392927052068506,0.015011690499087214,0.12027082538753575,0.38901950215191605
2018-09-05,ADANIPORTS,EQ,373.75,374.3,380.5,368.5,378.6,379.2,373.96,2276777,85143062915000.0,43895.0,600035,0.2635,378.60749999999996,380.8231785611573,55.32102022867196,388.2822786591586,368.93272134084134,0.014581939799330979,-0.027831967746130837,0.01581199552628357,-0.027991840938227597,0.3056172335338873
2018-09-06,ADANIPORTS,EQ,379.2,381.5,387.5,374.65,384.65,384.8,380.37,1820623,69251184770000.01,39815.0,550839,0.3026,379.23249999999996,381.20192346009475,62.16442953020134,388.8061081851436,369.6588918148563,0.01476793248945163,0.014581939799330979,0.0155261027618262,0.3028905924639389,0.30507190531989764
2018-09-07,ADANIPORTS,EQ,384.8,383.05,385.6,375.65,376.8,377.45,380.51,1859785,70766331765000.0,40832.0,459923,0.2473,379.375,380.8445974162762,52.65241488519395,388.740867481587,370.009132518413,-0.019100831600831647,0.01476793248945163,0.0153753354562404,-0.027647564756136944,0.23852801130469073
2018-09-10,ADANIPORTS,EQ,377.45,375.65,382.95,370.6,371.75,371.95,375.28,3129554,117447314325000.0,46790.0,1330933,0.4253,379.07250000000005,379.9974929004404,45.11627906976744,388.9993628106568,369.1456371893433,-0.01457146641939333,-0.019100831600831647,0.015942615582730177,-0.7250475732362247,0.045812894396507625
2018-09-11,ADANIPORTS,EQ,371.95,373.9,377.85,363.0,364.05,364.65,370.4,2452935,90857468950000.0,49399.0,847835,0.3456,378.34000000000003,378.5358269099223,40.6993006993007,390.17485485640344,366.5051451435966,-0.019626293856701227,-0.01457146641939333,0.01445652002435422,-1.8455171232050702,-0.332453109123808
2018-09-12,ADANIPORTS,EQ,364.65,366.7,377.45,364.8,375.6,376.05,371.48,3711887,137889832170000.0,66780.0,1115317,0.3005,378.28499999999997,378.2990814899297,44.46627373935823,390.15331695594926,366.41668304405067,0.03126285479226665,-0.019626293856701227,0.018652414835070404,-1.7929446381583602,-0.6245514149307185
2018-09-14,ADANIPORTS,EQ,376.05,376.8,385.9,376.1,381.65,380.1,380.29,2937705,111717965695000.0,69132.0,1053179,0.3585,378.6325,378.4705975385078,52.30557467309017,390.2725522244499,366.9924477755501,0.010769844435580378,0.03126285479226665,0.019057648889740503,-1.408246028641372,-0.7812903376728493
2018-09-17,ADANIPORTS,EQ,380.1,377.3,384.0,376.3,380.85,380.8,379.89,1401771,53251821835000.0,27431.0,396311,0.2827,379.15749999999997,378.6924453919832,51.50454863540939,390.1439641598324,368.1710358401675,0.0018416206261508972,0.010769844435580378,0.019072744031269122,-1.0349551405167858,-0.8320232982416367
2018-09-18,ADANIPORTS,EQ,380.8,383.6,388.0,377.1,380.15,379.55,383.18,2692099,103156351355000.0,39936.0,952381,0.3538,379.43,378.7741172594134,44.254658385093194,390.1555425576673,368.70445744233274,-0.003282563025210128,0.0018416206261508972,0.019040037487821588,-0.8304115086183401,-0.8317009403169774
2018-09-19,ADANIPORTS,EQ,379.55,382.0,382.1,371.0,373.05,372.4,376.08,2121141,79771768975000.0,33421.0,980111,0.4621,379.1375,378.1670584728026,40.425531914893625,390.3083678925196,367.9666321074804,-0.018838097747332472,-0.003282563025210128,0.017810733759537338,-1.2310635177165636,-0.9115734557968946
2018-09-21,ADANIPORTS,EQ,372.4,373.05,379.75,316.55,364.9,361.75,363.26,3241191,117741055940000.02,56087.0,854389,0.2636,378.3275,376.60352909444043,36.075949367088626,391.94279615807665,364.7122038419233,-0.028598281417830274,-0.018838097747332472,0.019017007227833196,-2.380508100141526,-1.205360384665821
2018-09-24,ADANIPORTS,EQ,361.75,364.35,366.0,338.5,346.8,345.85,349.17,3415863,119270824715000.02,90963.0,1376604,0.4029999999999999,376.395,373.67462156163657,30.222693531283184,395.98304415154024,356.8069558484597,-0.043953006219764945,-0.028598281417830274,0.021320004453772093,-4.522317865857417,-1.8687518809041404
2018-09-25,ADANIPORTS,EQ,345.85,345.1,349.45,324.3,339.95,337.95,337.23,5028005,169561279215000.0,67928.0,1977664,0.3933,374.455,370.2722766510045,26.957383548067412,400.51224265411344,348.39775734588653,-0.022842272661558582,-0.043953006219764945,0.02152135153976001,-6.779036994371438,-2.8508089035976
2018-09-26,ADANIPORTS,EQ,337.95,340.5,344.9,330.6,338.0,338.55,338.06,3424347,115762942475000.0,66899.0,1494324,0.4364,372.45,367.25110744614693,30.616740088105757,402.9418453291611,341.9581546708389,0.001775410563692903,-0.022842272661558582,0.021820432210166052,-8.42200455096372,-3.9650480330708247
2018-09-27,ADANIPORTS,EQ,338.55,338.55,344.95,330.15,337.05,335.25,337.29,4896009,165138894460000.0,56803.0,3116740,0.6365999999999999,369.865,364.2033829274663,25.21150592216587,403.7573077749858,335.9726922250142,-0.009747452370403198,0.001775410563692903,0.021514873961792327,-9.876500447997898,-5.14733851605624
2018-09-28,ADANIPORTS,EQ,335.25,335.25,341.0,326.5,328.95,328.9,335.27,4653499,156020149555000.0,80700.0,2030793,0.4364,367.015,360.8411559819933,18.736017897091756,404.6135176079377,329.4164823920623,-0.018941088739746537,-0.009747452370403198,0.016586189357974474,-11.410062755383706,-6.399883363921733
2018-10-01,ADANIPORTS,EQ,328.9,328.0,334.4,320.0,333.0,330.35,325.62,4159563,135441627995000.0,54539.0,1659919,0.3990999999999999,364.34499999999997,357.93723636466063,21.79640718562881,404.4409756478944,324.24902435210555,0.00440863484341758,-0.018941088739746537,0.015661748921933945,-12.365872964812638,-7.593081284099915
2018-10-03,ADANIPORTS,EQ,330.35,327.3,338.0,326.4,328.55,329.75,332.86,4438442,147738764975000.0,65700.0,2457777,0.5537,361.675,355.2527376632644,23.155216284987347,403.5699123905184,319.7800876094816,-0.001816255486605134,0.00440863484341758,0.015293773916471309,-13.02166873613379,-8.67879877450669
2018-10-04,ADANIPORTS,EQ,329.75,324.7,329.4,314.0,317.25,317.05,321.24,4508937,144846947830000.0,80006.0,1913985,0.4245,358.305,351.61438169533443,21.666666666666757,403.2205335924385,313.3894664075615,-0.03851402577710383,-0.001816255486605134,0.016513006125900058,-14.40017916966309,-9.823074853537971
2018-10-05,ADANIPORTS,EQ,317.05,317.1,318.4,298.0,298.0,301.8,307.84,7177862,220959999830000.03,64377.0,3905140,0.5441,354.70750000000004,346.87015486720736,7.740466704610185,405.54905236976157,303.8659476302385,-0.04809966882195238,-0.03851402577710383,0.01912225633792609,-16.53262832220412,-11.1649855472712
2018-10-08,ADANIPORTS,EQ,301.8,301.8,305.6,294.1,301.85,304.35,302.4,5915306,178880953315000.0,93761.0,2962021,0.5007,350.96500000000003,342.8206163084257,6.137811233352693,405.1264943819228,296.8035056180773,0.008449304174950267,-0.04809966882195238,0.02091255274653021,-17.81152576852878,-12.494293591522716
2018-10-09,ADANIPORTS,EQ,304.35,304.0,324.0,302.5,317.15,318.75,314.72,5771005,181622901335000.0,65664.0,1928297,0.3340999999999999,347.6625,340.5281766600042,18.99050474762622,401.18837052807606,294.136629471924,0.04731394775751596,0.008449304174950267,0.026873639786809164,-17.4618126479167,-13.487797402801514
2018-10-10,ADANIPORTS,EQ,318.75,318.7,332.9,316.0,329.5,327.1,324.45,2734052,88706756875000.0,50472.0,398808,0.1459,345.14500000000004,339.24930269238473,25.524965002333218,397.49524656855397,292.7947534314461,0.026196078431372616,0.04731394775751596,0.02826236623690802,-16.322729004725886,-14.054783723186388
2018-10-11,ADANIPORTS,EQ,327.1,320.0,324.85,311.1,314.0,313.5,317.73,2739752,87050077435000.0,63269.0,975351,0.356,342.2225,336.79698815025284,24.075704225352155,394.7976239455857,289.64737605441434,-0.04157749923570775,0.026196078431372616,0.03068696769334559,-16.32917083408097,-14.509661145365305
2018-10-12,ADANIPORTS,EQ,313.5,317.0,327.85,317.0,323.25,323.15,323.82,2428109,78626230850000.0,50561.0,953022,0.3925,340.1475,335.4972749930859,32.85968028419184,392.2694973261016,288.02550267389836,0.030781499202551688,-0.04157749923570775,0.0329135466135338,-15.378329864668785,-14.683394889226003
2018-10-15,ADANIPORTS,EQ,323.15,326.0,326.4,315.15,321.9,321.25,319.42,1925052,61489444570000.01,41395.0,465432,0.2418,337.40749999999997,334.14039166041107,37.52535496957404,387.2964532651645,287.51854673483547,-0.005879622466346879,0.030781499202551688,0.0324748233924108,-14.609684320375266,-14.668652775455858
2018-10-16,ADANIPORTS,EQ,321.25,323.4,335.8,321.9,334.1,333.35,326.73,4764262,155661942295000.0,47836.0,690062,0.1448,335.07000000000005,334.0651162641814,47.76264591439691,380.7389391161987,289.4010608838014,0.03766536964980549,-0.005879622466346879,0.034808684557935565,-12.875734856095391,-14.310069191583766
2018-10-17,ADANIPORTS,EQ,333.35,337.5,339.3,309.6,314.0,313.9,325.25,3323311,108089841765000.02,39283.0,440203,0.1325,331.725,332.14462900092605,39.868475133579935,372.8666103873228,290.58338961267725,-0.058347082645867854,0.03766536964980549,0.03965191065857057,-12.922062371476159,-14.032467827562247
2018-10-19,ADANIPORTS,EQ,313.9,313.95,320.25,305.35,317.75,315.35,312.78,2731598,85437575800000.0,36480.0,672190,0.2461,328.515,330.5451405246474,41.69449081803007,363.5032100443051,293.5267899556949,0.004619305511309513,-0.058347082645867854,0.037807768833368095,-12.695429372170793,-13.765060136483957
2018-10-22,ADANIPORTS,EQ,315.35,318.7,324.9,308.95,318.7,315.4,319.91,4606057,147352791205000.0,61757.0,1021082,0.2217,325.665,329.1027461889667,44.05286343612335,354.3134701529498,297.01652984705026,0.00015855398763253703,0.004619305511309513,0.03384208796422398,-12.369202043687437,-13.485888517924653
2018-10-23,ADANIPORTS,EQ,315.4,317.35,320.7,311.0,317.6,319.0,316.65,3893139,123275930205000.0,54627.0,814935,0.2093,323.52750000000003,328.14057988525565,45.09295287505403,346.69466085549726,300.3603391445028,0.011414077362079889,0.00015855398763253703,0.03388922096633154,-11.685471777283794,-13.125805169796482
2018-10-24,ADANIPORTS,EQ,319.0,325.0,329.4,307.4,313.2,314.15,317.87,7675048,243966131430000.03,84835.0,885721,0.1153999999999999,321.9425,326.8081437057075,43.49457881567973,342.9126862301115,300.9723137698885,-0.01520376175548599,0.011414077362079889,0.030898589040398283,-11.403512488479976,-12.781346633533182
2018-10-25,ADANIPORTS,EQ,314.15,311.9,312.9,298.7,306.85,305.6,304.68,4584103,139668996155000.0,79054.0,1527694,0.3333,320.325,324.7883204956401,45.05399568034558,341.08588173767146,299.5641182623285,-0.02721629794684055,-0.01520376175548599,0.030282073353715272,-11.734700937554123,-12.572017494337372
2018-10-26,ADANIPORTS,EQ,305.6,307.0,310.55,301.45,303.0,304.1,305.58,4704344,143755348750000.0,74183.0,2083087,0.4428,318.6025,322.81800425796007,51.12745098039216,338.70265645394267,298.5023435460574,-0.00490837696335078,-0.02721629794684055,0.027649194397736495,-11.98010840121566,-12.45363567571303
2018-10-29,ADANIPORTS,EQ,304.1,305.1,327.95,303.0,325.95,326.4,319.81,5379930,172057481555000.0,67822.0,1999483,0.3717,318.15999999999997,323.1591467095829,59.055441478439406,337.0715559213861,299.24844407861383,0.07333114107201566,-0.00490837696335078,0.03552505532881179,-10.256936375295538,-12.014295815629533
2018-10-30,ADANIPORTS,EQ,326.4,324.0,335.4,320.0,322.4,322.6,326.86,4301781,140607293570000.0,62907.0,1463005,0.3401,317.845,323.10589464200353,51.731893837157,336.20516569124106,299.484834308759,-0.011642156862744946,0.07333114107201566,0.03570548148600243,-9.09311856153704,-11.430060364811036
2018-10-31,ADANIPORTS,EQ,322.6,324.6,324.95,313.25,318.45,318.85,318.98,6383757,203628827935000.0,100481.0,3779731,0.5921000000000001,317.27,322.7005713427651,46.12857813233224,334.676756099114,299.86324390088595,-0.011624302541847542,-0.011642156862744946,0.0334078088858453,-8.37681550447229,-10.819411392743287
2018-11-01,ADANIPORTS,EQ,318.85,322.7,326.6,313.9,317.15,318.3,319.06,5167082,164858860960000.0,63194.0,2150364,0.4161999999999999,316.6975,322.28146931012077,52.5668449197861,333.1002107836463,300.2947892163537,-0.0017249490355967234,-0.011624302541847542,0.02742488427767412,-7.764021764555821,-10.208333467105795
2018-11-02,ADANIPORTS,EQ,318.3,321.7,340.15,319.4,334.8,333.6,330.96,7387791,244504373695000.0,95466.0,3043161,0.4119,317.525,323.3594246139188,55.2697932425618,335.5883825590056,299.46161744099436,0.04806786050895395,-0.0017249490355967234,0.03112703525631651,-5.974921008045101,-9.361650975293658
2018-11-05,ADANIPORTS,EQ,333.6,334.45,334.45,326.7,330.0,329.55,329.49,3085488,101663605455000.0,57570.0,1166565,0.3781,318.9125,323.949003222117,54.09674234945706,336.1335359429,301.69146405710006,-0.012140287769784153,0.04806786050895395,0.03162533365602274,-4.828190546299709,-8.454958889494868
2018-11-06,ADANIPORTS,EQ,329.55,331.0,337.45,323.15,324.35,325.6,330.86,5044028,166884484510000.0,47317.0,2396970,0.4752,319.975,324.1062410104868,45.840042941492214,335.9931311742369,303.95686882576314,-0.011986041571840356,-0.012140287769784153,0.03194852799838371,-4.189832599960141,-7.601933631587924
2018-11-07,ADANIPORTS,EQ,325.6,329.0,329.0,324.35,326.0,326.2,326.71,301934,9864626695000.0,3215.0,51527,0.1707,320.3475,324.3056466285357,58.27725437415883,336.5906029897648,304.10439701023523,0.001842751842751733,-0.011986041571840356,0.03134837800201224,-3.5940839798940942,-6.800363701249159
2018-11-09,ADANIPORTS,EQ,326.2,328.0,338.85,326.15,338.2,337.6,334.12,3522988,117708613725000.0,65395.0,1221738,0.3468,320.8725,325.5717755210561,63.20474777448072,338.6416179474626,303.1033820525374,0.03494788473329247,0.001842751842751733,0.030580504873469264,-2.1769694316383834,-5.875684847327004
2018-11-12,ADANIPORTS,EQ,337.6,339.0,344.7,327.3,327.7,328.65,334.27,3573699,119458679615000.02,40676.0,825422,0.231,321.63,325.86493975714603,57.11218464841653,339.3674536830161,303.8925463169839,-0.026510663507109178,0.03494788473329247,0.03248691496870958,-1.7558458461771806,-5.051717047097039
2018-11-13,ADANIPORTS,EQ,328.65,327.65,335.0,324.7,333.4,334.1,331.58,1738296,57638428160000.0,24323.0,329502,0.1896,322.1775,326.64923120884646,57.947368421052644,340.7679750653966,303.5870249346034,0.016582991023885718,-0.026510663507109178,0.02359646954815564,-0.9711382410873739,-4.235601285895107
2018-11-14,ADANIPORTS,EQ,334.1,335.3,337.0,329.5,332.4,332.0,333.01,2981090,99274388405000.0,44981.0,765410,0.2568,322.71500000000003,327.15882823657535,59.67479674796749,341.80740962430855,303.6225903756915,-0.006285543250523884,0.016582991023885718,0.02329660236645169,-0.5127931004490165,-3.491039648805889
2018-11-15,ADANIPORTS,EQ,332.0,334.0,347.85,330.0,346.2,346.2,342.68,5293256,181388598085000.0,69261.0,726873,0.1373,323.35749999999996,328.97227316642534,70.73544433094992,344.69023429804065,302.02476570195927,0.04277108433734944,-0.006285543250523884,0.02569877426397377,0.9849165464949579,-2.5958484097457197
2018-11-16,ADANIPORTS,EQ,346.2,346.0,351.4,342.0,347.2,347.45,346.74,3619678,125508034859999.98,67161.0,813252,0.2246999999999999,325.035,330.7320566743848,72.19662058371733,348.4146155026517,301.65538449734834,0.0036106296938185345,0.04277108433734944,0.025516333535036368,2.2468267650807547,-1.6273133747804247
2018-11-19,ADANIPORTS,EQ,347.45,348.2,352.0,342.4,351.0,350.55,346.83,2321979,80534078445000.0,32852.0,768256,0.3309,326.79499999999996,332.6194798482529,65.39196940726578,352.3072034782369,301.28279652176303,0.008922147071521058,0.0036106296938185345,0.02156970762915996,3.457191446137074,-0.610412410596925
2018-11-20,ADANIPORTS,EQ,350.55,349.85,357.55,347.0,355.5,355.25,354.89,5778336,205066801660000.0,57206.0,2457199,0.4252,328.7875,334.77476748175263,70.57340894770002,356.66725826745596,300.9077417325441,0.013407502496077583,0.008922147071521058,0.020789771062026383,4.74101344472956,0.4598727604683721
2018-11-21,ADANIPORTS,EQ,355.25,355.25,362.85,352.55,362.0,361.25,357.33,3161864,112982762075000.0,30760.0,872583,0.276,330.9,337.2962181977762,75.98039215686268,361.88675438582646,299.9132456141735,0.01688951442646025,0.013407502496077583,0.019725082798793557,6.1714607263079415,1.6021903536362863
2018-11-22,ADANIPORTS,EQ,361.25,359.35,370.9,359.35,368.5,368.15,366.49,4446824,162972529840000.0,58917.0,1302112,0.2928,333.6,340.2346736075118,78.33996588971002,367.6959945170154,299.50400548298467,0.019100346020761272,0.01688951442646025,0.01962673531571295,7.772278844623656,2.8362080518337605
2018-11-26,ADANIPORTS,EQ,368.15,368.45,370.4,356.0,369.0,369.05,362.85,3906643,141751966945000.0,54566.0,1019167,0.2609,336.77250000000004,342.9789904067964,74.09925220938132,371.69634911262136,301.8486508873787,0.002444655710987398,0.019100346020761272,0.018099316675713833,9.009702967581859,4.070907034983381
2018-11-27,ADANIPORTS,EQ,369.05,368.45,373.0,363.2,370.1,369.05,368.89,4995025,184259374740000.0,37895.0,2353970,0.4713,340.02,345.46194370138727,78.41726618705032,374.22334548116976,305.8166545188302,0.0,0.002444655710987398,0.01371549617549072,9.876520124115132,5.232029652809731
2018-11-28,ADANIPORTS,EQ,369.05,368.2,369.0,362.25,363.5,365.4,365.22,2583045,94338928170000.0,33459.0,887611,0.3436,341.97,347.36080620601706,78.75722543352592,377.33119490715956,306.6088050928405,-0.009890258772524141,0.0,0.01515693152468698,10.151929347904797,6.216009591828746
2018-11-29,ADANIPORTS,EQ,365.4,366.5,371.35,363.2,369.1,369.8,367.84,3425961,126020249759999.98,38816.0,1753764,0.5119,344.33000000000004,349.4978722816345,79.86301369863006,380.5381322647855,308.1218677352146,0.012041598248494934,-0.009890258772524141,0.014165892075712502,10.60301145374683,7.093409964212363
2018-11-30,ADANIPORTS,EQ,369.8,369.8,374.6,363.6,366.5,365.65,367.44,4137466,152028579860000.0,73793.0,1803818,0.436,346.67,351.03617015957406,71.33079847908735,381.9826993706373,311.3573006293627,-0.011222282314764853,0.012041598248494934,0.010495306103436408,10.504537189620237,7.775635409293938
2018-12-03,ADANIPORTS,EQ,365.65,367.45,379.9,365.0,374.5,375.65,372.08,4303979,160142511725000.0,49206.0,1448846,0.3365999999999999,349.5375,353.3803444300908,85.17964071856278,384.46213879177145,314.6128612082286,0.02734855736359898,-0.011222282314764853,0.012504938150974488,11.105395960579585,8.441587519551067
2018-12-04,ADANIPORTS,EQ,375.65,374.45,375.65,370.65,374.55,373.8,373.17,2615507,97602989800000.0,27623.0,730903,0.2794,351.5475,355.32507353198696,81.4082278481012,387.2290811987213,315.8659188012787,-0.004924797018501126,0.02734855736359898,0.013130684407409363,11.302018690412865,9.013673753723427
2018-12-05,ADANIPORTS,EQ,373.8,375.0,376.75,372.7,374.2,374.75,374.82,4847267,181684790730000.0,51154.0,1263795,0.2607,353.8075,357.1750665289406,84.44802578565668,389.3481257534413,318.2668742465587,0.002541466024612138,-0.004924797018501126,0.012945641059914498,11.403053379707785,9.4915496789203
2018-12-06,ADANIPORTS,EQ,374.75,372.9,375.3,362.6,363.75,363.95,370.65,6200377,229819077985000.0,48343.0,2298981,0.3707999999999999,355.725,357.8202982880891,65.1321398124467,388.91842832865126,322.5315716713488,-0.028819212808539052,0.002541466024612138,0.016129094532917894,10.490723824258339,9.691384507987909
2018-12-07,ADANIPORTS,EQ,363.95,364.8,374.6,363.75,374.0,373.45,369.71,3286454,121503964040000.02,38847.0,1048654,0.3191,358.0875,359.30884130827104,69.43198804185349,389.0862754426867,327.08872455731324,0.02610248660530301,-0.028819212808539052,0.017129801885804867,10.414218060595545,9.835951218509436
2018-12-10,ADANIPORTS,EQ,373.45,360.1,365.5,357.6,360.35,359.15,361.66,2917295,105506108955000.0,33011.0,707801,0.2426,359.165,359.29371356462616,55.505761843789976,388.62526940954456,329.7047305904555,-0.038291605301914666,0.02610248660530301,0.021245850633664933,9.094856359029677,9.687732246613486
2018-12-11,ADANIPORTS,EQ,359.15,347.0,363.55,347.0,355.5,355.75,355.14,6177739,219397266835000.0,63451.0,2400636,0.3886,360.52,358.9562170346618,50.325520833333336,386.338544946542,334.70145505345795,-0.009466796603090577,-0.038291605301914666,0.021332249502815624,7.686298258269687,9.287445448944727
2018-12-12,ADANIPORTS,EQ,355.75,357.0,376.15,355.55,374.85,374.45,367.6,2845017,104584021990000.0,30120.0,405123,0.1424,362.5375,360.43181541231303,57.37430167597764,385.84758083254417,339.2274191674559,0.0525650035137033,-0.009466796603090577,0.027492890718164912,7.986871845899145,9.02733072833561
2018-12-13,ADANIPORTS,EQ,374.45,374.9,376.45,370.0,371.05,371.05,371.69,2369770,88081768700000.0,54547.0,767647,0.3239,364.49,361.44307108733085,51.68604651162793,383.09751404529993,345.8824859547001,-0.009079983976498784,0.0525650035137033,0.02751427027432554,7.860120419159841,8.793888666500456
2018-12-14,ADANIPORTS,EQ,371.05,370.0,371.15,367.0,368.9,368.6,368.83,2380991,87818463355000.0,39059.0,1149356,0.4827,365.61,362.1246833647279,49.743003997715604,382.16560328102395,349.0543967189761,-0.006602883708395013,-0.009079983976498784,0.0273304904606129,7.475798128476185,8.530270558895602
2018-12-17,ADANIPORTS,EQ,368.6,369.15,377.6,369.15,370.65,371.4,372.49,3175781,118293087084999.98,34776.0,940614,0.2962,366.8075,363.00804685380143,51.30049806308798,381.1490214269875,352.46597857301253,0.007596310363537695,-0.006602883708395013,0.025902106370399892,7.312858463371072,8.286788139790696
2018-12-18,ADANIPORTS,EQ,371.4,369.0,374.35,365.0,374.35,372.9,369.04,2687027,99161903135000.0,42607.0,715128,0.2661,367.925,363.95013762962986,54.251700680272116,380.27781770535694,355.5721822946431,0.0040387722132471104,0.007596310363537695,0.025900061117404033,7.221519882865607,8.073734488405679
2018-12-19,ADANIPORTS,EQ,372.9,373.9,377.35,372.0,375.1,375.85,375.28,1607147,60312757935000.0,21709.0,425280,0.2646,368.95500000000004,365.08345785537944,53.48703170028819,380.2477037459302,357.6622962540699,0.007910968087959436,0.0040387722132471104,0.026012674310134175,7.30298942938856,7.919585476602256
2018-12-20,ADANIPORTS,EQ,375.85,374.2,376.85,369.0,376.0,375.15,372.66,2746343,102345141425000.0,41014.0,731992,0.2665,369.65,366.0421761548671,55.70228091236495,380.65330094006094,358.646699059939,-0.0018624451243848261,0.007910968087959436,0.023939954801417355,7.227753439577327,7.781219069197271
2018-12-21,ADANIPORTS,EQ,375.15,374.3,379.5,359.15,361.25,361.1,364.59,10909545,397753126075000.0,100817.0,6536912,0.5992000000000001,369.2975,365.5714927115464,41.67143674871209,380.93647603556684,357.6585239644332,-0.03745168599226967,-0.0018624451243848261,0.025590319279644898,5.965642582151702,7.418103771788157
2018-12-24,ADANIPORTS,EQ,361.1,361.25,366.75,358.3,362.65,361.1,362.12,2268806,82157012415000.0,35778.0,350181,0.1543,368.9,365.1456362628277,42.57309941520468,381.1038820397738,356.69611796022616,0.0,-0.03745168599226967,0.02239938608198392,4.908824758446087,6.916247969119744
2018-12-26,ADANIPORTS,EQ,361.1,360.2,378.5,357.5,376.0,376.55,368.66,4519020,166596030375000.0,47416.0,1008961,0.2233,369.275,366.2317661425584,50.900000000000006,381.9501102973992,356.59988970260076,0.04278593187482693,0.0,0.025611749494498903,5.257371195617566,6.584472614419308
2018-12-27,ADANIPORTS,EQ,376.55,379.25,385.8,373.65,385.0,384.0,380.43,5043675,191875745950000.0,56412.0,1001727,0.1986,370.205,367.92397889088613,60.3724780134506,384.3295549533488,356.08044504665116,0.019784889124950134,0.04278593187482693,0.020594685802348047,6.064837820801813,6.48054565569581
2018-12-28,ADANIPORTS,EQ,384.0,384.95,390.75,384.0,387.2,387.4,387.97,3282766,127360885245000.0,62331.0,689413,0.21,371.085,369.77883804413506,57.702926559911646,387.16149804753087,355.0085019524691,0.008854166666666607,0.019784889124950134,0.020231389678818344,6.899578477902935,6.564352220137236
2018-12-31,ADANIPORTS,EQ,387.4,387.2,389.95,385.65,386.3,387.7,388.06,2062181,80025166490000.0,28854.0,283829,0.1376,372.1875,371.4856153732651,68.64794252122799,389.6584646345508,354.7165353654492,0.0007743933918431534,0.008854166666666607,0.01991332926561186,7.498881517194093,6.751258079548608
2019-01-01,ADANIPORTS,EQ,387.7,386.3,390.9,384.05,390.6,389.0,386.49,1233249,47663788680000.0,11481.0,102905,0.0834,372.855,373.1536520043827,72.33042310275354,391.8376763128532,353.87232368714683,0.0033531080732525087,0.0007743933918431534,0.01990282054543269,7.986667299918508,6.998339923622588
2019-01-02,ADANIPORTS,EQ,389.0,388.0,388.95,378.0,381.0,381.3,383.82,1506543,57823877770000.01,17571.0,181941,0.1208,373.23,373.9294946706319,55.39795114263201,392.58397144063383,353.8760285593662,-0.019794344473007652,0.0033531080732525087,0.021378851315187453,7.663574482395802,7.131386835377231
2019-01-03,ADANIPORTS,EQ,381.3,382.4,385.3,376.6,376.95,378.1,380.35,1902063,72345249585000.0,37419.0,333534,0.1754,373.3975,374.3266856543813,55.57312252964428,392.86451596354374,353.9304840364562,-0.008392341987935925,-0.019794344473007652,0.021535962459475654,7.067834246645646,7.118676317630914
2019-01-04,ADANIPORTS,EQ,378.1,378.65,383.95,375.85,383.5,382.15,380.4,1669709,63515973045000.01,32438.0,269743,0.1616,374.3075,375.0717632111069,60.44718581341555,393.6159185347824,354.9990814652176,0.010711451996826105,-0.008392341987935925,0.021729107837456654,6.843618002150265,7.063664654534785
2019-01-07,ADANIPORTS,EQ,382.15,385.0,386.95,379.35,379.75,381.65,382.81,1260331,48246137610000.0,15401.0,349389,0.2772,374.71750000000003,375.69826195290625,58.19344524380496,394.29561009100155,355.1393899089985,-0.0013083867591260345,0.010711451996826105,0.016894250208322546,6.55007401569776,6.96094652676738
2019-01-08,ADANIPORTS,EQ,381.65,383.0,383.0,375.75,379.1,378.75,378.56,2154121,81546061970000.0,26982.0,973157,0.4518,375.6975,375.98890367167706,54.57388584831902,393.90907743387703,357.48592256612295,-0.007598585091051935,-0.0013083867591260345,0.017342877088703187,6.014105661460633,6.771578353706031
2019-01-09,ADANIPORTS,EQ,378.75,382.0,382.0,373.3,376.35,377.3,377.79,1166498,44069177805000.0,19034.0,239515,0.2053,376.775,376.1137699886602,51.16092874299438,392.38091992932846,361.1690800706715,-0.0038283828382837948,-0.007598585091051935,0.011215650742114131,5.409981102882114,6.499258903541248
2019-01-10,ADANIPORTS,EQ,377.3,377.95,381.8,376.95,380.0,380.25,379.92,1286641,48882129095000.0,20679.0,532279,0.4136999999999999,377.065,376.50769665640684,53.941267387944386,392.70452819313186,361.42547180686813,0.007818711900344555,-0.0038283828382837948,0.009390337267293079,5.110339570059807,6.221475036844961
2019-01-11,ADANIPORTS,EQ,380.25,380.3,381.0,375.1,375.6,377.15,377.52,1829555,69069464070000.01,19532.0,1117382,0.6107,377.37,376.5688684034157,64.93023255813952,392.7514105163403,361.9885894836597,-0.008152531229454363,0.007818711900344555,0.008948887640151493,4.570046750098641,5.891189379495697
2019-01-14,ADANIPORTS,EQ,377.15,377.0,377.0,372.4,373.7,374.45,374.42,927301,34719602895000.0,20836.0,301336,0.325,377.6625,376.36707141261417,61.82462356067316,392.55647175824294,362.7685282417571,-0.007158955322815852,-0.008152531229454363,0.008964036521972668,3.8792754894441828,5.488806601485394
2019-01-15,ADANIPORTS,EQ,374.45,375.0,386.0,375.0,385.0,385.15,381.04,1965520,74894344860000.0,35959.0,727502,0.3701,378.35,377.203540801889,58.317214700193404,393.29611373528115,363.4038862647189,0.028575243690746488,-0.007158955322815852,0.013491349180283796,4.147425920675687,5.220530465323453
2019-01-16,ADANIPORTS,EQ,385.15,385.3,390.7,379.2,389.65,389.3,384.21,2847403,109400292409999.98,39728.0,1097063,0.3853,379.17,378.35558453504245,55.47520661157027,394.64722945418276,363.69277054581727,0.010775022718421567,0.028575243690746488,0.01213256918776004,4.6413053078721305,5.104685433833189
2019-01-17,ADANIPORTS,EQ,389.3,391.2,395.45,386.5,393.6,394.5,391.45,4156932,162721666520000.0,45909.0,1457422,0.3506,380.1025,379.89314791265747,57.071713147410385,396.9262449676136,363.2787550323864,0.01335730798869772,0.010775022718421567,0.01198242572971644,5.390170294332336,5.161782405933018
2019-01-18,ADANIPORTS,EQ,394.5,396.5,399.95,392.25,398.7,399.3,397.03,3617922,143642170265000.0,46565.0,916353,0.2532999999999999,381.31,381.7414195400234,60.60329067641685,400.0002057097329,362.6197942902671,0.012167300380228063,0.01335730798869772,0.012077191096321197,6.298367417122165,5.389099408170848
2019-01-21,ADANIPORTS,EQ,399.3,397.5,402.7,392.1,395.35,396.2,397.14,2563705,101813946595000.0,45927.0,584155,0.2279,383.065,383.1184272028783,56.3716814159292,400.29994308538085,365.83005691461915,-0.007763586275983059,0.012167300380228063,0.012582006856275252,6.6908481552951,5.649449157595699
2019-01-22,ADANIPORTS,EQ,396.2,393.4,394.7,387.1,390.5,390.6,390.86,3328908,130113588680000.0,61281.0,1691316,0.5081,384.54,383.8309579454613,58.547794117647086,398.6206548890195,370.45934511098056,-0.014134275618374437,-0.007763586275983059,0.01338511370708885,6.475374680583968,5.814634262193353
2019-01-23,ADANIPORTS,EQ,390.6,390.0,392.0,383.6,384.5,385.2,387.52,3653992,141600739990000.0,55896.0,1911180,0.523,384.97249999999997,383.96134290303644,56.272084805653684,398.54191122713246,371.4030887728675,-0.01382488479262678,-0.014134275618374437,0.014307025872577653,5.801993756743855,5.812106161103454
2019-01-24,ADANIPORTS,EQ,385.2,386.0,386.5,377.6,381.5,380.95,380.84,3633336,138372645755000.0,56051.0,2130627,0.5864,384.82000000000005,383.6745483408425,48.943661971831,398.50350524492444,371.13649475507566,-0.011033229491173469,-0.01382488479262678,0.014715613038884086,4.869265183857749,5.623537965654313
2019-01-25,ADANIPORTS,EQ,380.95,382.5,383.75,372.25,374.45,373.85,379.48,4760625,180655015335000.0,74433.0,2431635,0.5108,384.1425,382.73887707028604,43.84858044164041,398.6076041074897,369.6773958925103,-0.01863761648510298,-0.011033229491173469,0.01572236155728455,3.516622966538364,5.202154965831123
2019-01-28,ADANIPORTS,EQ,373.85,374.95,375.35,292.1,327.0,326.1,334.66,15177384,507919212170000.0,157014.0,3224177,0.2123999999999999,381.0625,377.3446983016874,25.681293302540425,410.65778545311036,351.46721454688964,-0.12772502340510894,-0.01863761648510298,0.0432671466171884,-1.3923317389573526,3.8832576248734276
2019-01-29,ADANIPORTS,EQ,326.1,330.0,354.6,327.6,345.5,349.25,341.2,9816333,334929847625000.0,137845.0,2097792,0.2137,379.075,374.66901274914574,39.207387456714116,411.61796754815987,346.5320324518401,0.07099049371358479,-0.12772502340510894,0.04941829638677554,-3.3757881978049227,2.4314484603377577
2019-01-30,ADANIPORTS,EQ,349.25,349.05,349.05,335.6,338.0,338.15,341.69,7672859,262172658895000.0,89749.0,4206510,0.5482,376.91749999999996,371.19101153494137,34.757422157856624,414.2136727258778,339.6213272741221,-0.031782390837509,0.07099049371358479,0.0493984821497577,-5.776777865587974,0.7898031951526114
2019-01-31,ADANIPORTS,EQ,338.15,339.9,341.7,330.2,338.0,338.65,335.14,6403921,214621622085000.0,77086.0,3226495,0.5038,374.94500000000005,368.0918675792327,35.793357933579344,415.9647885493103,333.9252114506898,0.0014786337424219642,-0.031782390837509,0.0488382112136158,-7.552176860397026,-0.8785928159573161
2019-02-01,ADANIPORTS,EQ,338.65,339.9,346.8,333.35,339.05,338.45,340.52,3119675,106231566485000.0,45153.0,908459,0.2912,372.76,365.26883257168674,36.46616541353384,416.71439742085147,328.8056025791485,-0.0005905802450907327,0.0014786337424219642,0.048240913196676755,-8.873048701225855,-2.477483993011024
2019-02-04,ADANIPORTS,EQ,338.45,337.25,338.8,329.05,335.0,335.65,333.84,4517829,150821140640000.0,63073.0,1892502,0.4189,370.46,362.4479913743832,30.2158273381295,417.1826260977729,323.73737390222703,-0.008273009307135482,-0.0005905802450907327,0.048232336065873356,-10.030164260835647,-3.988020046575949
2019-02-05,ADANIPORTS,EQ,335.65,333.1,340.95,330.75,339.05,339.8,336.98,3262960,109954691850000.0,70328.0,952469,0.2919,368.5125,360.2910398149182,30.2158273381295,416.99412837067587,320.0308716293241,0.012364069715477433,-0.008273009307135482,0.049028074262631,-10.491378283198458,-5.288691693900451
2019-02-06,ADANIPORTS,EQ,339.8,338.8,341.8,318.85,329.15,330.35,330.99,6687853,221364124285000.0,87440.0,1360489,0.2034,366.165,357.4395122134974,25.20293776575184,417.3276210183994,315.00237898160066,-0.02781047675102999,0.012364069715477433,0.0492625350643151,-11.487014588090062,-6.528356272738374
2019-02-07,ADANIPORTS,EQ,330.35,330.55,336.35,322.6,332.15,332.35,331.01,4871712,161256264230000.0,67263.0,882424,0.1811,363.77,355.050034859831,23.548004741209013,416.61338727736967,310.9266127226303,0.006054184955350372,-0.02781047675102999,0.04967542399249619,-11.976621213425744,-7.618009260875848
2019-02-08,ADANIPORTS,EQ,332.35,333.0,336.5,328.0,330.5,331.5,332.47,2915806,96940704615000.0,41169.0,979576,0.336,361.4875,352.8071743969899,23.97425583266292,415.82009053952413,307.1549094604759,-0.002557544757033292,0.006054184955350372,0.049711075592173526,-12.291536703777979,-8.552714749456275
2019-02-11,ADANIPORTS,EQ,331.5,332.95,333.95,318.4,329.0,328.8,326.91,3783848,123698458059999.98,50495.0,1396102,0.369,359.20500000000004,350.5207768353718,24.546952224052717,415.0589345077746,303.3510654922255,-0.008144796380090469,-0.002557544757033292,0.028171729640984147,-12.613575487344235,-9.364886897033866
2019-02-12,ADANIPORTS,EQ,328.8,328.8,329.95,323.25,325.65,326.8,326.36,4496913,146760333405000.0,74791.0,2282077,0.5075000000000001,356.2875,348.2616552320031,25.254237288135613,412.52964448070315,300.0453555192969,-0.006082725060827299,-0.008144796380090469,0.01385211713343392,-12.881684785154334,-10.06824647465796
2019-02-13,ADANIPORTS,EQ,326.8,328.15,349.45,328.15,342.55,341.65,340.31,17852712,607538134810000.0,118253.0,7372856,0.413,353.905,347.6319737813361,34.72006220839813,408.26443630859615,299.5455636914038,0.045440636474908036,-0.006082725060827299,0.018840098868537297,-11.76032671608641,-10.40666252294365
2019-02-14,ADANIPORTS,EQ,341.65,342.0,352.2,340.05,347.55,349.1,347.76,6612759,229967659870000.0,61821.0,2524738,0.3818,351.635,347.7717858021612,40.4032570763862,402.5385837844856,300.7314162155144,0.02180594175325634,0.045440636474908036,0.019939479468150535,-10.153447012787183,-10.356019420912357
2019-02-15,ADANIPORTS,EQ,349.1,347.55,352.9,347.3,349.2,350.15,350.52,7728519,270896320730000.03,58211.0,3661052,0.4737,349.1775,347.9982823924316,64.62006079027353,394.8710959465353,303.4839040534647,0.003007734173589016,0.02180594175325634,0.019895480277059244,-8.695026196666333,-10.023820776063152
2019-02-18,ADANIPORTS,EQ,350.15,348.0,352.9,345.55,346.55,347.3,348.91,6875440,239894360585000.0,50428.0,4091720,0.5951,346.73249999999996,347.9317793074381,48.42615012106538,386.7072193137047,306.75778068629523,-0.008139368841924788,0.003007734173589016,0.019886676450511436,-7.680650614843273,-9.555186743819178
2019-02-19,ADANIPORTS,EQ,347.3,347.5,348.5,337.55,338.65,339.55,344.54,3300497,113713999784999.98,34930.0,1496721,0.4535,344.18,347.1335146114916,51.194539249146786,378.47691408550423,309.8830859144958,-0.022315001439677462,-0.008139368841924788,0.021169688169811875,-7.41661674743375,-9.127472744542093
2019-02-20,ADANIPORTS,EQ,339.55,342.0,356.35,340.95,354.6,354.75,350.3,4885571,171141636935000.0,53358.0,1495447,0.3061,342.6575,347.8588941723019,60.982264665757185,371.56769261162253,313.7473073883775,0.044765130319540436,-0.022315001439677462,0.022898095929324708,-5.912697144791707,-8.484517624592016
2019-02-21,ADANIPORTS,EQ,354.75,352.1,359.25,350.8,355.05,355.75,354.99,4089677,145179220085000.0,65181.0,1592136,0.3893,341.3975,348.61042806065416,61.67341430499326,364.98782975381573,317.8071702461842,0.0028188865398168783,0.044765130319540436,0.02294177788645387,-4.587259312011895,-7.705065962075992
2019-02-22,ADANIPORTS,EQ,355.75,353.55,358.6,352.7,354.05,354.3,355.51,1719606,61133722604999.99,36674.0,552081,0.3211,340.42,349.1522920548776,62.81786941580759,359.54612982556336,321.2938701744367,-0.004075895994378076,0.0028188865398168783,0.023017400882543015,-3.6122039237996546,-6.886493554420724
2019-02-25,ADANIPORTS,EQ,354.3,329.0,339.55,320.6,325.5,324.55,327.58,21795407,713973842265000.0,225417.0,5281072,0.2423,340.3425,346.8092166210797,42.24707676664971,359.72380610446135,320.9611938955386,-0.08396838837143661,-0.004075895994378076,0.036855912351244295,-5.180326295726786,-6.5452601026819375
2019-02-26,ADANIPORTS,EQ,324.55,324.0,326.5,315.75,323.3,323.5,322.65,14243781,459571528150000.0,108957.0,5499611,0.3861,339.05499999999995,344.5892912285959,46.19232907170649,359.34468885131724,318.76531114868266,-0.0032352488060392037,-0.08396838837143661,0.03682046696993886,-6.433637825917799,-6.52293564732911
2019-02-27,ADANIPORTS,EQ,323.5,326.55,332.3,322.6,325.0,325.25,327.56,5738757,187977827580000.0,89340.0,1427383,0.2487,338.40999999999997,342.74745396872964,46.04236343366777,359.62011675193344,317.1998832480665,0.005409582689335446,-0.0032352488060392037,0.0332911331502766,-7.20265810939037,-6.658880139741362
2019-02-28,ADANIPORTS,EQ,325.25,328.7,329.7,325.15,326.35,325.85,326.45,5059506,165165761435000.0,38050.0,3185837,0.6297,337.77,341.13817263837444,46.84181106763556,359.709543726943,315.83045627305694,0.0018447348193697533,0.005409582689335446,0.032123700472205245,-7.6752220567333325,-6.862148523139757
2019-03-01,ADANIPORTS,EQ,325.85,328.8,334.8,327.0,332.35,333.2,332.67,4756894,158249504055000.0,61252.0,2008910,0.4222999999999999,337.5075,340.3821561966245,52.33793836344313,359.5382267481514,315.4767732518486,0.022556390977443552,0.0018447348193697533,0.03333117121448347,-7.3716727612700765,-6.964053370765821
2019-03-05,ADANIPORTS,EQ,333.2,333.25,340.5,330.5,339.55,339.25,336.57,5098498,171600468395000.0,60748.0,2648285,0.5194,337.6875,340.274331796946,56.34233316352521,359.7131519109956,315.6618480890044,0.018157262905162064,0.022556390977443552,0.034036226722315294,-6.567220489767294,-6.884686794566116
2019-03-06,ADANIPORTS,EQ,339.25,342.5,349.2,334.05,336.3,337.05,342.07,7949482,271927724920000.0,77481.0,4062615,0.5111,337.55,339.9672525781893,47.30994152046785,359.55444931082724,315.5455506891728,-0.0064848931466470194,0.018157262905162064,0.03333723473002699,-6.037610072039797,-6.715271450060853
2019-03-07,ADANIPORTS,EQ,337.05,338.0,342.5,335.0,340.7,340.9,339.82,3047318,103552845275000.0,34043.0,1088624,0.3572,338.0775,340.0560856659808,44.993894993894955,359.8599041735071,316.29509582649285,0.011422637590861706,-0.0064848931466470194,0.029819782601929273,-5.246745954765743,-6.4215663510018315
2019-03-08,ADANIPORTS,EQ,340.9,340.9,342.95,338.1,341.5,342.15,340.73,2265000,77175701540000.0,23041.0,724711,0.32,338.5675,340.25550607874453,45.12789281364189,360.24808250817546,316.88691749182453,0.003666764447051829,0.011422637590861706,0.029841118739065926,-4.467615994453922,-6.03077627969225
2019-03-11,ADANIPORTS,EQ,342.15,343.2,352.9,342.15,351.6,351.3,348.8,2918059,101781960965000.0,34634.0,1526981,0.5233,339.5575,341.30736264267364,52.262443438914026,361.6829384434488,317.4320615565512,0.0267426567295046,0.003666764447051829,0.03132612324466363,-3.0763590056688486,-5.43989282488757
2019-03-12,ADANIPORTS,EQ,351.3,352.55,365.15,351.6,361.3,361.05,359.45,5386817,193631767660000.0,61518.0,1773712,0.3293,341.16999999999996,343.1876138195619,61.89159292035398,364.65344097441914,317.6865590255808,0.027754056362083723,0.0267426567295046,0.01242858470513058,-1.1735068462997447,-4.586615629170005
2019-03-13,ADANIPORTS,EQ,361.05,361.45,369.4,357.8,365.75,367.15,364.64,3888377,141785770225000.0,47559.0,1172835,0.3016,343.1875,345.4697458367464,57.626076260762595,368.34615185491657,318.02884814508343,0.016895166874393963,0.027754056362083723,0.011501379142230221,0.817314724104051,-3.5058295585151944
2019-03-14,ADANIPORTS,EQ,367.15,367.0,369.2,360.2,366.7,366.0,364.82,1775804,64784638415000.0,21353.0,336586,0.1895,344.40500000000003,347.42500813800865,56.29220380601597,371.53024363216394,317.2797563678361,-0.0031322347814244367,0.016895166874393963,0.012393529613130736,2.2760231940887365,-2.349459007994408
2019-03-15,ADANIPORTS,EQ,366.0,366.25,368.95,361.5,365.05,367.1,366.0,3057825,111914985875000.0,31236.0,1507282,0.4929,345.30499999999995,349.2988168867697,57.89149198520346,374.22146589746006,316.38853410253984,0.0030054644808743536,-0.0031322347814244367,0.012293484135781171,3.480697656964594,-1.1834276750026078
2019-03-18,ADANIPORTS,EQ,367.1,365.05,375.8,365.05,368.95,369.0,371.34,3037029,112776361475000.0,47838.0,560660,0.1846,346.2475,351.17512004041066,91.73708920187796,376.99941863931355,315.49558136068646,0.005175701443748126,0.0030054644808743536,0.011865543620341729,4.536431807001691,-0.039455778601748204
2019-03-19,ADANIPORTS,EQ,369.0,370.0,372.0,362.5,366.0,365.75,365.77,1933040,70703840785000.0,26594.0,421239,0.2178999999999999,347.16999999999996,352.5632038460858,88.09738503156001,379.1377534893655,315.20224651063444,-0.008807588075880779,0.005175701443748126,0.012905062207013622,5.052617459514977,0.9789588690215969
2019-03-20,ADANIPORTS,EQ,365.75,367.0,367.55,359.5,359.8,360.6,362.74,2925322,106114485655000.0,33998.0,1623135,0.5549000000000001,348.22249999999997,353.32861300360145,80.03398470688197,380.5183279039094,315.92667209609056,-0.01408065618591925,-0.008807588075880779,0.01400445921943711,4.988630521062305,1.7808931994297386
2019-03-22,ADANIPORTS,EQ,360.6,359.6,362.0,355.3,359.85,360.75,359.04,3229387,115946453990000.02,82346.0,1605050,0.497,348.5225,354.0354117651632,79.88013698630142,381.18304234569166,315.8619576543083,0.0004159733777038266,-0.01408065618591925,0.014038872388078024,4.893613626023125,2.4034372847484162
2019-03-25,ADANIPORTS,EQ,360.75,358.9,363.0,353.15,361.2,361.35,359.84,3162063,113782722095000.0,40317.0,1485866,0.4699,348.8025,354.7320392161,77.25072604065835,381.8180222664316,315.7869777335684,0.0016632016632016633,0.0004159733777038266,0.014086338076044059,4.811265760952381,2.8850029799892094
2019-03-26,ADANIPORTS,EQ,361.35,361.35,369.85,361.35,369.0,368.6,366.36,2657710,97367549085000.0,36413.0,928658,0.3494,349.5175,356.0527973859953,77.76726584673611,383.63528784398744,315.3997121560125,0.020063650200636607,0.0016632016632016633,0.013093920109859433,5.27026654175495,3.3620556923423575
2019-03-27,ADANIPORTS,EQ,368.6,367.2,371.7,364.2,366.25,366.3,368.53,2965654,109292761970000.0,51772.0,1271074,0.4286,351.605,357.02872144447196,77.62039660056661,384.3728741902226,318.83712580977743,-0.006239826370048829,0.020063650200636607,0.010692493659331002,5.3863467370646845,3.766913901286823
2019-03-28,ADANIPORTS,EQ,366.3,368.85,382.65,366.3,381.0,381.3,377.63,5909606,223162222090000.0,99182.0,2636856,0.4462,354.495,359.3402717830937,81.51326053042126,387.0205996344079,321.9694003655921,0.040950040950040956,-0.006239826370048829,0.015953382142484502,6.612491086813691,4.336029338392197
2019-03-29,ADANIPORTS,EQ,381.3,383.3,385.9,375.5,379.8,378.15,379.53,4126878,156628888885000.0,65406.0,1666672,0.4039,357.14,361.13167447041815,77.27272727272728,388.2238018402016,326.0561981597984,-0.008261211644374544,0.040950040950040956,0.016283665295550927,7.246507416824215,4.918124954078601
2019-04-01,ADANIPORTS,EQ,378.15,380.95,386.5,378.8,381.55,383.05,382.71,2479521,94894084830000.0,43203.0,952514,0.3842,360.0,363.21913404466403,75.7085020242915,389.4444526094893,330.5555473905107,0.012957820970514344,-0.008261211644374544,0.016559456998317804,8.05154576749544,5.544809116761969
2019-04-02,ADANIPORTS,EQ,383.05,383.0,386.0,377.5,380.8,379.7,381.0,1825681,69559188604999.99,32918.0,745258,0.4082,362.325,364.7887403261246,66.84733514001803,390.15861277302577,334.4913872269742,-0.00874559456989954,0.012957820970514344,0.017062993426671755,8.323281845457302,6.100503662501036
2019-04-03,ADANIPORTS,EQ,379.7,380.3,386.3,380.0,381.0,382.0,383.24,2701443,103531237215000.0,38684.0,1183915,0.4382999999999999,364.4625,366.42790791411267,64.40349175557711,391.3859563159843,337.53904368401567,0.006057413747695639,-0.00874559456989954,0.01656097760400276,8.624804050749844,6.605363740150798
2019-04-04,ADANIPORTS,EQ,382.0,382.0,382.05,374.7,378.9,380.2,378.95,1909852,72373802195000.0,22785.0,811782,0.425,366.62,367.73953573181626,63.601532567049766,391.09887166299586,342.14112833700415,-0.0047120418848167755,0.006057413747695639,0.01563346960887062,8.619161287936322,7.008123249707903
2019-04-05,ADANIPORTS,EQ,380.2,379.0,388.9,377.4,387.45,387.15,385.53,2443633,94208284780000.0,30245.0,751493,0.3075,368.9325,369.58815137640516,67.26959517657187,391.8707758724071,345.99422412759293,0.018279852709100375,-0.0047120418848167755,0.016014759674479715,9.070932214074617,7.420685042581246
2019-04-08,ADANIPORTS,EQ,387.15,388.3,388.3,375.15,378.9,379.9,380.14,2624528,99769320885000.0,28471.0,1013460,0.3861,370.82,370.5702321976999,58.596214511040976,390.45354808802887,351.1864519119711,-0.01872659176029967,0.018279852709100375,0.017976109652561776,8.743163769150726,7.685180787895143
2019-04-09,ADANIPORTS,EQ,379.9,379.75,381.6,373.0,380.85,380.7,377.16,1542463,58176299525000.0,37224.0,427089,0.2769,372.28999999999996,371.53497198839517,62.264150943396196,390.0863804716954,354.4936195283045,0.002105817320347425,-0.01872659176029967,0.017202422234788812,8.450545599832594,7.838253750282633
2019-04-10,ADANIPORTS,EQ,380.7,378.4,385.4,375.2,385.0,383.45,382.01,2067637,78986819635000.0,26010.0,795622,0.3848,373.41,372.669736560929,69.51323654995723,391.04667232005255,355.7733276799475,0.0072235355923300215,0.002105817320347425,0.01689107967343772,8.34435705578187,7.939474411382481
2019-04-11,ADANIPORTS,EQ,383.45,382.5,383.0,377.5,379.2,379.45,379.43,1621369,61519242170000.01,29999.0,629047,0.3879999999999999,374.025,373.3154759360786,64.98397435897431,391.60026671201837,356.4497332879816,-0.010431607771547835,0.0072235355923300215,0.011642813364852777,7.846980195847209,7.920975568275427
2019-04-12,ADANIPORTS,EQ,379.45,379.2,387.0,377.3,385.0,385.65,384.66,2146541,82569392550000.0,32509.0,565977,0.2637,375.0075,374.49019251359493,67.86764705882347,392.88816509414835,357.12683490585164,0.016339438661220118,-0.010431607771547835,0.012378878726795085,7.862460089677938,7.90927247255593
2019-04-15,ADANIPORTS,EQ,385.65,385.0,389.0,382.75,387.5,387.05,386.11,2070828,79956583625000.0,21856.0,592888,0.2863,376.005,375.6863646551573,64.84312148028957,394.25042913195193,357.75957086804806,0.003630234668741128,0.016339438661220118,0.01180236541770374,7.89666843852325,7.906751665749394
2019-04-16,ADANIPORTS,EQ,387.05,387.05,396.55,386.1,395.5,395.65,391.91,3728013,146103218760000.0,44173.0,1958596,0.5254,377.3375,377.58766325942804,71.43900657414166,397.24570711477685,357.4292928852231,0.02221935150497334,0.003630234668741128,0.01293893462851433,8.51951921396028,8.02930517539157
2019-04-18,ADANIPORTS,EQ,395.65,395.0,395.5,388.9,389.5,390.55,391.45,3218018,125970641945000.0,33517.0,1877842,0.5835,378.5775,378.8221715204349,57.8992314261315,398.5361276028186,358.61887239718135,-0.012890180715278587,0.02221935150497334,0.013981782214067384,8.50358156834585,8.124160453982427
2019-04-22,ADANIPORTS,EQ,390.55,388.4,391.8,384.25,390.05,391.05,389.98,2279282,88886458535000.0,21995.0,1248459,0.5477000000000001,380.1,379.9867266137268,61.53846153846156,398.8961922235266,361.30380777647343,0.0012802458071949907,-0.012890180715278587,0.013774562744839167,8.434073936387563,8.186143150463455
2019-04-23,ADANIPORTS,EQ,391.05,389.55,391.7,385.55,391.0,390.9,389.68,2424827,94491427835000.0,30760.0,1336623,0.5512,381.60749999999996,381.026085983848,57.673509286412475,398.6209706691199,364.59402933088,-0.0003835826620637306,0.0012802458071949907,0.01268055910122108,8.271535775321752,8.203221675435115
2019-04-24,ADANIPORTS,EQ,390.9,387.7,394.0,386.1,392.0,391.75,389.54,1674322,65222301904999.99,40292.0,881911,0.5267000000000001,383.12749999999994,382.0474111282434,62.384378211716346,397.79017998044634,368.46482001955354,0.0021744691737017874,-0.0003835826620637306,0.010615460493086835,8.117734814084201,8.186124303164933
2019-04-25,ADANIPORTS,EQ,391.75,390.0,392.9,387.65,389.0,389.25,390.23,5163069,201479681740000.0,41910.0,3795240,0.7351000000000001,384.15999999999997,382.7333719731726,57.420675537359266,397.3496131381965,370.97038686180343,-0.0063816209317166805,0.0021744691737017874,0.011037086687274584,7.7052954875979935,8.089958540051546
2019-04-26,ADANIPORTS,EQ,389.25,387.3,393.7,385.65,391.0,391.75,391.01,1681376,65743046510000.0,25982.0,716120,0.4259,385.4325,383.59209845191805,61.654894046417766,396.0212862729998,374.8437137270002,0.006422607578676853,-0.0063816209317166805,0.011000054996754622,7.493779827386845,7.970722797518606
2019-04-30,ADANIPORTS,EQ,391.75,391.15,393.95,384.8,391.7,392.8,390.32,2502107,97662121240000.0,27547.0,1548307,0.6188,386.0075,384.4690414564973,56.471935853379186,396.89613603649514,375.11886396350485,0.002680280791321099,0.006422607578676853,0.01006945888497115,7.326423913234066,7.841863020661699
2019-05-02,ADANIPORTS,EQ,392.8,392.8,397.0,390.15,395.3,395.3,394.75,2139442,84454018990000.0,32938.0,960389,0.4489,386.865,385.50056131778325,69.79434447300774,397.84896438826246,375.88103561173756,0.006364562118126305,0.002680280791321099,0.00910514362687812,7.311242796296995,7.735738975788758
2019-05-03,ADANIPORTS,EQ,395.3,393.0,398.4,385.05,387.3,387.25,393.56,1863548,73342144535000.0,30470.0,771097,0.4138,387.075,385.6671745256134,57.09642470205851,397.91146378514804,376.23853621485193,-0.020364280293448056,0.006364562118126305,0.011597966334397577,6.573864510419867,7.50336408271498
2019-05-06,ADANIPORTS,EQ,387.25,386.0,386.05,378.45,380.0,379.8,381.39,1648057,62854747925000.0,46046.0,752175,0.4564,387.08000000000004,385.1083959993645,46.41101278269423,397.9022188598751,376.25778114012496,-0.0192382182052937,-0.020364280293448056,0.010134943469711643,5.326928650995626,7.06807699637111
2019-05-07,ADANIPORTS,EQ,379.8,381.0,383.95,370.1,370.4,371.9,377.07,1628805,61418056290000.0,41146.0,589474,0.3619,386.575,383.85045352323453,43.10502283105023,399.18950710381085,373.9604928961891,-0.020800421274354997,-0.0192382182052937,0.011159869784692227,3.659079431777286,6.3862774834523455
2019-05-08,ADANIPORTS,EQ,371.9,370.05,374.9,367.7,369.5,369.8,371.65,1688110,62738557979999.99,66318.0,614190,0.3638,386.05499999999995,382.5123150924503,34.35340572556767,400.50053837507573,371.60946162492417,-0.0056466792148426315,-0.020800421274354997,0.010951878295063843,2.1431396796059516,5.537649922683067
2019-05-09,ADANIPORTS,EQ,369.8,369.9,370.7,361.1,363.3,363.9,364.77,1315271,47977749260000.0,26501.0,302972,0.2303,384.8925,380.73971365507407,29.011786038077958,402.3872593656384,367.3977406343616,-0.015954570037858384,-0.0056466792148426315,0.01124390746469304,0.4603590797040624,4.522191754087266
2019-05-10,ADANIPORTS,EQ,363.9,363.9,378.7,363.9,370.0,372.55,372.39,3030255,112844309409999.98,48415.0,901474,0.2975,384.525,379.9597409260194,29.076086956521806,402.7546894912066,366.29531050879336,0.023770266556746522,-0.015954570037858384,0.014746157928993218,-0.1732765365119917,3.583098095967414
2019-05-13,ADANIPORTS,EQ,372.55,369.9,372.3,362.95,365.0,364.75,368.3,1520562,56002592075000.0,19145.0,475166,0.3125,383.7275,378.5111941711604,27.72020725388606,403.94852800756337,363.5064719924367,-0.02093678700845525,0.023770266556746522,0.015600603865988298,-1.289962258202479,2.6084860251334354
2019-05-14,ADANIPORTS,EQ,364.75,362.9,373.8,362.0,371.65,370.55,371.2,3050760,113242907655000.0,73370.0,1417246,0.4646,383.0825,377.75298520247844,33.781645569620295,404.14619475758144,362.0188052424185,0.01590130226182329,-0.02093678700845525,0.016712574240225805,-1.6874799916272423,1.7492928217813002
2019-05-15,ADANIPORTS,EQ,370.55,371.0,375.0,359.1,359.5,360.15,367.0,2499138,91719028225000.0,73488.0,923445,0.3695,382.11749999999995,376.07651042129004,29.067392784206987,405.52040748915266,358.71459251084724,-0.02806638780191617,0.01590130226182329,0.017846097852670738,-2.8093245976821777,0.8375693378886047
2019-05-16,ADANIPORTS,EQ,360.15,361.0,374.0,361.0,372.25,371.5,368.46,3157194,116330232784999.98,69104.0,1455711,0.4611,381.40999999999997,375.64065228592904,37.93924955330556,405.2153421691005,357.60465783089944,0.031514646674996705,-0.02806638780191617,0.021559138675180126,-2.750834478805757,0.11988857454973234
2019-05-17,ADANIPORTS,EQ,371.5,368.8,372.8,362.0,367.0,367.1,365.96,3059404,111960431284999.98,47443.0,1577810,0.5157,380.4125,374.82725683012626,37.099592312172426,404.88531789635124,355.9396821036488,-0.01184387617765803,0.031514646674996705,0.021090866753647634,-3.0246574970216216,-0.5090206397645385
2019-05-20,ADANIPORTS,EQ,367.1,388.5,408.2,376.05,407.45,400.1,392.61,10973781,430844741200000.0,105141.0,4385195,0.3996,380.63500000000005,377.2341847510666,53.588311130210585,405.76326255326586,355.50673744673423,0.08989376191773357,-0.01184387617765803,0.0359674735012297,-0.5722435369682444,-0.5216652192052798
2019-05-21,ADANIPORTS,EQ,400.1,409.0,411.4,385.3,386.55,387.6,394.35,9115899,359485363715000.0,147143.0,2453039,0.2691,380.4875,378.221405250965,47.96557120500783,405.40445417304556,355.57054582695446,-0.031242189452636793,0.08989376191773357,0.03696277149360375,0.35853370850912825,-0.3456254336623982
2019-05-22,ADANIPORTS,EQ,387.6,389.0,393.45,378.4,385.65,385.95,385.68,4543570,175235302870000.0,81064.0,1282250,0.2822,380.23249999999996,378.9574618937303,46.31744781410003,404.796193254767,355.6688067452329,-0.004256965944272495,-0.031242189452636793,0.03692197534591589,0.9520653542989521,-0.08608727607012812
2019-05-23,ADANIPORTS,EQ,385.95,398.95,430.6,392.15,408.5,407.55,411.79,23021274,947986196035000.0,247483.0,7368903,0.3201,381.065,381.6805607609941,57.22419928825622,408.15013089848304,353.97986910151695,0.05596579867858531,-0.004256965944272495,0.03933872155163063,3.1293102009514087,0.5569922193341793
2019-05-24,ADANIPORTS,EQ,407.55,408.45,414.85,399.5,409.3,410.25,405.76,9272570,376239250310000.0,148183.0,3328325,0.3589,381.99,384.40145973613755,61.21546961325965,411.7437366074202,352.2362633925798,0.006624953993374927,0.05596579867858531,0.03914527040903421,5.014851773673968,1.4485641302021373
2019-05-27,ADANIPORTS,EQ,410.25,409.25,417.3,405.6,412.8,412.4,412.72,5088602,210016739325000.0,56812.0,1306385,0.2567,383.14750000000004,387.06798738031495,65.57692307692307,415.7547880939303,350.54021190606977,0.0052407068860449435,0.006624953993374927,0.03766755369386442,6.606488598186786,2.480149023799067
2019-05-28,ADANIPORTS,EQ,412.4,420.0,426.8,408.7,412.0,412.65,414.83,18296760,759012065640000.0,166871.0,7993630,0.4369,384.1925,389.5043695345707,66.71868903628557,419.2110556075711,349.1739443924289,0.0006062075654704735,0.0052407068860449435,0.03784555658165763,7.798152906871394,3.543749800413533
2019-05-29,ADANIPORTS,EQ,412.65,412.3,412.95,404.3,406.0,406.55,407.02,2511011,102203637610000.0,29357.0,602631,0.24,384.88,391.1277629122306,66.61472536034282,421.12837419219494,348.63162580780505,-0.01478250333212161,0.0006062075654704735,0.03651437591209752,8.156315508753949,4.466262942081617
2019-05-30,ADANIPORTS,EQ,406.55,406.55,411.8,401.6,409.0,409.3,407.31,5598272,228025665290000.0,47254.0,3139799,0.5609000000000001,385.58000000000004,392.8584521586848,65.00612494895876,423.19074034730124,347.96925965269884,0.006764235641372629,-0.01478250333212161,0.0359370555506785,8.563350988761613,5.285680551417617
2019-05-31,ADANIPORTS,EQ,409.3,408.8,417.7,407.35,416.0,416.4,413.44,4217665,174374930765000.0,60968.0,1170858,0.2776,387.0375,395.10050433404814,71.21149897330595,427.1000678421101,346.97493215788995,0.017346689469826426,0.006764235641372629,0.03511491881214405,9.351047151288867,6.0987538713918665
2019-06-03,ADANIPORTS,EQ,416.4,416.4,426.35,412.1,423.5,424.75,419.99,3852273,161790742575000.0,46827.0,1317070,0.3419,389.28499999999997,397.92426582604355,71.80209171359613,432.5531248909324,346.01687510906754,0.020052833813640758,0.017346689469826426,0.023038651152869735,10.527720245561852,6.984547146225864
2019-06-04,ADANIPORTS,EQ,424.75,423.4,429.85,417.4,425.1,425.55,424.69,7683485,326309210685000.0,70896.0,2243034,0.2919,391.96750000000003,400.5552881283251,78.50915431560594,437.3004585575141,346.63454144248595,0.0018834608593290003,0.020052833813640758,0.01909590011465348,11.393458763917465,7.866329469764185
2019-06-06,ADANIPORTS,EQ,425.55,428.15,429.5,420.8,427.0,426.3,425.63,4848580,206370990125000.0,77034.0,1887537,0.3893,394.7925,403.007165449437,76.32084534101827,441.33467414004764,348.2503258599524,0.0017624250969334732,0.0018834608593290003,0.018703347973194454,12.001733001786818,8.693410176168712
2019-06-07,ADANIPORTS,EQ,426.3,426.3,427.4,419.45,425.0,425.2,423.48,2648848,112174126055000.0,30672.0,650342,0.2455,397.8575,405.1207687399668,78.81944444444443,443.9048700603189,351.81012993968113,-0.0025803424818203746,0.0017624250969334732,0.00982137188902029,12.253779963060083,9.405484133546986
2019-06-10,ADANIPORTS,EQ,425.2,424.1,429.5,420.6,425.6,425.75,424.69,2374282,100833650935000.0,29176.0,665361,0.2802,400.51750000000004,407.08545743139854,68.76371616678857,446.5557481147135,354.4792518852866,0.0012935089369707775,-0.0025803424818203746,0.009825355718217592,12.35548308128773,9.995483923095135
2019-06-11,ADANIPORTS,EQ,425.75,424.7,427.8,423.15,425.75,426.3,425.79,1707108,72687260415000.0,24334.0,586294,0.3434,403.595,408.91541386650346,84.30851063829785,447.75672312616297,359.4332768738371,0.0012918379330593144,0.0012935089369707775,0.009838520767549246,12.338236429400126,10.464034424356134
2019-06-12,ADANIPORTS,EQ,426.3,425.25,429.4,423.0,425.8,424.95,425.6,2329686,99152366805000.0,31282.0,611047,0.2623,406.315,410.4425173077889,84.75935828877004,448.5669273929511,364.0630726070489,-0.003166783954961394,0.0012918379330593144,0.010026572190659114,12.076425104651719,10.786512560415252
2019-06-13,ADANIPORTS,EQ,424.95,424.0,426.3,422.5,424.6,424.95,424.7,2925612,124250246290000.02,36596.0,1512951,0.5171,409.555,411.82418232609473,75.21739130434779,446.50710128628407,372.60289871371594,0.0,-0.003166783954961394,0.008000817605486881,11.733679193755961,10.975945887083395
2019-06-14,ADANIPORTS,EQ,424.95,424.95,428.15,423.75,426.15,426.4,425.75,2745328,116881860080000.0,35881.0,1204654,0.4388,412.3,413.2123554378952,74.28571428571425,445.2937633659865,379.30623663401354,0.0034121661371926404,0.0,0.007963909199880817,11.447098446544032,11.070176398975523
2019-06-17,ADANIPORTS,EQ,426.4,426.0,426.35,422.1,423.7,422.85,424.02,2736051,116015311990000.02,23654.0,1376709,0.4933,415.0875,414.1302263485719,65.07936507936515,440.5667149552313,389.60828504476865,-0.00832551594746711,0.0034121661371926404,0.007343522053918975,10.808927223554235,11.017926563891267
2019-06-18,ADANIPORTS,EQ,422.85,424.9,425.7,418.6,422.35,421.4,421.74,3509487,148009977150000.0,46405.0,1786201,0.5021,416.1525,414.82258574394604,62.203626220362615,440.759697813009,391.54530218699097,-0.003429111978243027,-0.00832551594746711,0.0035468733199211337,10.070087351142774,10.82835872134157
2019-06-19,ADANIPORTS,EQ,421.4,423.5,424.85,400.7,407.4,407.7,414.49,5938743,246157332700000.0,58333.0,2615869,0.4405,417.15749999999997,414.1442442445226,51.32336018411964,438.2447442111118,396.0702557888881,-0.03251067869008062,-0.003429111978243027,0.010510669918549266,8.28358788015214,10.319404553103684
2019-06-20,ADANIPORTS,EQ,407.7,397.95,412.6,389.7,402.25,401.2,399.42,8383317,334845743060000.0,79687.0,2670501,0.3185,417.91999999999996,412.9114590783776,41.41949152542371,434.9728404794937,400.8671595205062,-0.015943095413294084,-0.03251067869008062,0.010874918950032904,6.270990427038043,9.509721727890556
2019-06-21,ADANIPORTS,EQ,401.2,402.15,407.65,397.65,402.55,402.0,402.59,4710025,189621057680000.0,46501.0,2014166,0.4276,417.64250000000004,411.8722724994845,32.39608801955997,435.5643559599904,399.7206440400097,0.001994017946161497,-0.015943095413294084,0.011127813687096305,4.686522446085007,8.545081871529447
2019-06-24,ADANIPORTS,EQ,402.0,400.0,407.4,399.8,406.0,406.0,404.52,2582740,104477884930000.0,30902.0,931971,0.3608,417.43,411.3130084519146,24.350205198358452,435.8157038282784,399.0442961717216,0.00995024875621886,0.001994017946161497,0.012019349612517095,3.7108108092005523,7.578227659063669
2019-06-25,ADANIPORTS,EQ,406.0,404.0,407.2,402.65,405.0,405.65,405.1,2099347,85045120960000.0,47304.0,905615,0.4314,417.09250000000003,410.773674313637,22.43767313019393,436.1041384021699,398.08086159783016,-0.0008620689655173264,0.00995024875621886,0.011919471404805867,2.876155699855758,6.637813267222087
2019-06-26,ADANIPORTS,EQ,405.65,405.4,417.6,404.0,412.25,414.95,413.28,3327963,137537533240000.02,42115.0,738771,0.222,417.2075,411.1714196171001,37.29003359462486,436.1336243842616,398.28137561573834,0.022926167878713155,-0.0008620689655173264,0.014837076733482517,2.9313272728779225,5.896516068353254
2019-06-27,ADANIPORTS,EQ,414.95,415.25,418.3,404.7,409.6,406.5,407.71,8841636,360481494630000.0,60976.0,4441882,0.5024000000000001,417.20500000000004,410.72652251070963,32.0192307692308,436.1370641407533,398.2729358592468,-0.02036389926497162,0.022926167878713155,0.015852301581753308,2.2670733511957906,5.170627524921761
2019-06-28,ADANIPORTS,EQ,406.5,408.7,413.35,407.0,410.2,410.2,410.39,2148799,88184674835000.0,42971.0,540507,0.2515,417.25,410.67637750968964,35.902085222121485,436.10708020034457,398.39291979965543,0.009102091020910086,-0.02036389926497162,0.01625741852233928,2.015967590889886,4.539695538115386
2019-07-01,ADANIPORTS,EQ,410.2,412.0,414.0,408.5,411.9,413.25,411.88,1457022,60012323600000.0,23640.0,313765,0.2153,417.09250000000003,410.92148441352873,38.681699913269725,436.03191240121464,398.1530875987854,0.007435397367137941,0.009102091020910086,0.016525904815402857,2.0395631622640167,4.039669062945112
2019-07-02,ADANIPORTS,EQ,413.25,413.0,416.45,409.4,414.1,414.05,414.22,1671598,69241361700000.0,34615.0,414283,0.2478,416.5575,411.219438278907,40.45534150612962,435.1881277261854,397.9268722738146,0.0019358741681791969,0.007435397367137941,0.016567522785103306,2.098624499810512,3.6514601503181927
2019-07-03,ADANIPORTS,EQ,414.05,414.0,419.5,414.0,414.3,414.9,416.51,2542307,105888821565000.0,40115.0,807188,0.3175,416.025,411.56996796663014,41.32873166522864,434.17604752662555,397.8739524733744,0.0020528921627822605,0.0019358741681791969,0.012521435466592469,2.188787946608386,3.3589257095762317
2019-07-04,ADANIPORTS,EQ,414.9,416.0,417.25,413.35,415.4,414.9,415.45,1101623,45766398135000.0,16456.0,221164,0.2007999999999999,415.45500000000004,411.88711387457016,39.823008849557525,432.95164328703737,397.9583567129627,0.0,0.0020528921627822605,0.010920702255623978,2.2344853713462385,3.1340376419302336
2019-07-05,ADANIPORTS,EQ,414.9,416.4,416.5,400.55,403.0,402.45,409.42,1670037,68373878829999.99,32403.0,376232,0.2253,414.3175,410.9883411246111,34.40366972477062,432.10227394313966,396.5327260568603,-0.030007230657989825,0.0,0.015224638586332509,1.2516615830770093,2.757562430159589
2019-07-08,ADANIPORTS,EQ,402.45,401.0,404.45,395.95,397.55,397.8,400.35,1648021,65978461660000.0,32490.0,253874,0.154,412.91999999999996,409.73230863655294,32.798833819242006,431.30467325041116,394.53532674958876,-0.011554230339172467,-0.030007230657989825,0.015215802392833879,0.09643882493935507,2.2253377091155424
2019-07-09,ADANIPORTS,EQ,397.8,397.7,406.0,392.65,405.35,405.0,399.88,1952280,78068437460000.0,25954.0,365554,0.1872,411.855,409.2816125759288,47.82608695652175,429.4259059766476,394.28409402335245,0.018099547511312153,-0.011554230339172467,0.016492107693109707,-0.23539027417069747,1.7331921124582945
2019-07-10,ADANIPORTS,EQ,405.0,406.95,408.8,402.35,404.4,405.0,405.36,2023029,82004890220000.0,33873.0,490305,0.2423999999999999,410.85749999999996,408.8738399496499,53.41726618705037,427.5410019357508,394.17399806424913,0.0,0.018099547511312153,0.014406882511957344,-0.4926878273290072,1.2880161245008344
2019-07-11,ADANIPORTS,EQ,405.0,408.2,413.7,403.9,411.4,412.9,410.3,1732979,71103447145000.0,35159.0,553194,0.3192,410.255,409.257283763969,58.69218500797448,425.61334763584176,394.89665236415823,0.019506172839506064,0.0,0.01437843874145278,-0.05846012308182935,1.0187208749843017
2019-07-12,ADANIPORTS,EQ,412.9,411.95,419.4,409.6,415.9,415.3,414.97,2818537,116962084420000.0,48722.0,1099524,0.3901,409.7,409.83278054835284,57.610474631751245,423.303830729777,396.09616927022296,0.005812545410511127,0.019506172839506064,0.01422600478898252,0.47386597139194464,0.9097498942658304
2019-07-15,ADANIPORTS,EQ,415.3,413.55,416.2,408.1,411.0,409.1,411.88,2601603,107154436850000.0,42239.0,1329007,0.5108,409.0125,409.7629919247002,52.57654966392835,421.1263404966,396.8986595034,-0.014928967011798688,0.005812545410511127,0.014901116425471794,0.39094349872732437,0.8059886151581293
2019-07-16,ADANIPORTS,EQ,409.1,411.65,421.5,407.65,420.7,417.75,413.75,2111513,87364654940000.0,69950.0,799469,0.3786,408.83000000000004,410.52365936044305,52.11161387631977,420.248055876467,397.4119441235331,0.021143974578342606,-0.014928967011798688,0.016464471286627404,1.0115490429504348,0.8471007007165904
2019-07-17,ADANIPORTS,EQ,417.75,420.2,421.1,414.3,417.0,417.05,417.57,1698318,70916680755000.0,38052.0,462815,0.2725,409.2975,411.1452156118294,59.009393680614885,421.2728024353946,397.3221975646054,-0.0016756433273488192,0.021143974578342606,0.016480502329784125,1.4304103776786405,0.9637626361090004
2019-07-18,ADANIPORTS,EQ,417.05,416.7,419.3,410.75,413.6,412.4,415.04,1300071,53958604895000.01,33677.0,313479,0.2411,409.85749999999996,411.2647188868933,51.848739495798306,421.27283018164616,398.44216981835376,-0.011149742237141935,-0.0016756433273488192,0.016900397159291036,1.3713369461673324,1.045277498120667
2019-07-19,ADANIPORTS,EQ,412.4,414.55,416.65,401.75,405.25,405.5,409.54,1894624,77593334895000.0,42890.0,463190,0.2445,410.03249999999997,410.7156980405225,43.88318863456984,421.04069192564293,399.024308074357,-0.01673132880698347,-0.011149742237141935,0.014701137244385907,0.7589992212377297,0.9880218427440794
2019-07-22,ADANIPORTS,EQ,405.5,403.8,409.5,396.5,406.05,407.2,404.46,1941825,78538386365000.0,34482.0,476512,0.2454,410.09250000000003,410.38086965571085,44.66926070038907,421.0209406841772,399.16405931582284,0.004192355117139224,-0.01673132880698347,0.01405367298244328,0.40621041428448734,0.8716595570521611
2019-07-23,ADANIPORTS,EQ,407.2,409.0,409.0,398.0,400.3,399.75,400.99,2835920,113717962765000.02,43347.0,1274810,0.4495,409.7975,409.3684058789765,39.30839802399436,421.5205081911914,398.0744918088086,-0.018295677799607057,0.004192355117139224,0.014255147223676356,-0.46912224545707204,0.6035031965503146
2019-07-24,ADANIPORTS,EQ,399.75,400.0,400.55,378.0,379.45,380.8,385.8,4748109,183184043760000.0,62904.0,1757153,0.3701,408.09000000000003,406.64760531907393,31.013363028953236,425.3116693364776,390.86833066352244,-0.047404627892432716,-0.018295677799607057,0.020375347898851322,-2.661258976075544,-0.04944923797485712
2019-07-25,ADANIPORTS,EQ,380.8,380.8,385.55,377.0,380.0,380.35,381.4,2998970,114380674409999.98,47163.0,738965,0.2464,406.7825,404.14307147916213,35.79691516709511,428.0158966095181,385.54910339048195,-0.0011817226890755705,-0.047404627892432716,0.01846373633680319,-4.384314716861297,-0.9164223337521451
2019-07-26,ADANIPORTS,EQ,380.35,380.65,384.4,377.2,380.6,381.65,381.18,2701597,102979150780000.0,46337.0,1252491,0.4636,405.355,402.0008741954324,39.15379449294824,429.2881503193518,381.4218496806482,0.003417904561587859,-0.0011817226890755705,0.018278979830921187,-5.580619759165074,-1.849261818834731
2019-07-29,ADANIPORTS,EQ,381.65,381.55,382.8,372.0,374.0,373.85,376.1,1888927,71042416820000.0,30775.0,559921,0.2964,403.38500000000005,399.3198385577722,29.247168554297104,430.812974578373,375.9570254216271,-0.020437573693174227,0.003417904561587859,0.018582724330739445,-7.07652120531003,-2.8947136961297906
2019-07-30,ADANIPORTS,EQ,373.85,376.6,379.9,371.1,373.85,373.45,375.65,2312161,86855413390000.0,34977.0,676447,0.2926,401.355,396.8560444094129,29.09211398277,431.34917311830486,371.3608268816952,-0.0010699478400428841,-0.020437573693174227,0.015709454566678636,-8.199788478440041,-3.955728652591841
2019-07-31,ADANIPORTS,EQ,373.45,373.0,381.8,368.65,377.6,377.55,376.37,2429787,91448764370000.0,46164.0,838299,0.345,399.4875,395.01737351327836,25.331472435450095,430.56228034809646,368.41271965190356,0.010978712009639846,-0.0010699478400428841,0.017003398133333448,-8.659330775297462,-4.896449077132965
2019-08-01,ADANIPORTS,EQ,377.55,376.0,377.85,366.3,371.15,371.1,371.56,1720133,63913615710000.0,50599.0,612696,0.3561999999999999,397.2975,392.73952841677567,20.80581241743721,429.9332323544922,364.66176764550784,-0.017083829956297203,0.010978712009639846,0.017159800542666376,-9.435219118700957,-5.804203085446564
2019-08-02,ADANIPORTS,EQ,371.1,368.5,379.75,363.65,376.0,375.45,373.09,3029294,113020653559999.98,68937.0,1054765,0.3482,395.94750000000005,391.092906662797,27.21733243060251,429.8932690565464,362.0017309434537,0.011721907841552026,-0.017083829956297203,0.018306879402778902,-9.588576434829633,-6.561077755323178
2019-08-05,ADANIPORTS,EQ,375.45,372.0,372.0,359.15,369.0,367.85,365.38,2432675,88886042815000.0,68145.0,756571,0.311,394.45,388.8792965044354,15.728021978021928,430.6211865556052,358.27881344439476,-0.020242375815687774,0.011721907841552026,0.018200835562192163,-10.205724458180157,-7.290007095894575
2019-08-06,ADANIPORTS,EQ,367.85,365.6,378.6,365.25,377.3,376.95,373.92,3719169,139068368590000.02,109751.0,1848265,0.497,393.0475,387.7431730278225,25.307881773398947,429.6687258698263,356.42627413017374,0.02473834443387246,-0.020242375815687774,0.020898454971291877,-9.847014511139434,-7.801408578943547
2019-08-07,ADANIPORTS,EQ,376.95,379.55,379.55,365.65,373.25,372.25,371.45,3419644,127022487840000.02,77732.0,683772,0.2,391.40999999999997,386.26763273945846,25.29230769230763,428.7035383142753,354.11646168572463,-0.012468497148162894,0.02473834443387246,0.015319341686347146,-9.828686039684271,-8.206864071091692
2019-08-08,ADANIPORTS,EQ,372.25,378.0,379.5,367.45,374.95,373.95,373.21,3397923,126815421295000.0,74845.0,1080055,0.3179,389.4625,385.09452485951005,29.257067718606123,426.0929859372401,352.83201406275987,0.0045668233713902495,-0.012468497148162894,0.015467384133809797,-9.566705772422438,-8.478832411357843
2019-08-09,ADANIPORTS,EQ,373.95,377.7,380.5,374.25,376.0,376.6,377.43,2223023,83903515495000.0,44752.0,614627,0.2764999999999999,387.52750000000003,384.2855224919377,30.129870129870113,422.4605107039241,352.59448929607595,0.007086508891563037,0.0045668233713902495,0.015641827219254143,-9.041032277873455,-8.591272384660964
2019-08-13,ADANIPORTS,EQ,376.6,376.4,379.55,359.1,360.5,360.55,368.63,2576776,94988667740000.0,48081.0,1045652,0.4058,385.1,382.02499654032454,27.102803738317732,420.4659217475104,349.73407825248967,-0.04261816250663841,0.007086508891563037,0.019712521840241557,-9.806489998350742,-8.83431590739892
2019-08-14,ADANIPORTS,EQ,360.55,361.55,363.0,356.6,358.0,358.85,359.82,4506969,162171175840000.0,40518.0,2254085,0.5001,382.15500000000003,379.81785401267456,33.94294074615945,415.842837880325,348.46716211967504,-0.00471501872139779,-0.04261816250663841,0.019697541980015946,-10.430065249455765,-9.15346577581029
2019-08-16,ADANIPORTS,EQ,358.85,356.05,358.55,350.0,356.55,357.35,355.76,4433448,157724638100000.0,38955.0,2593908,0.5851,379.16999999999996,377.67805839241987,33.42939481268009,410.32346394524905,348.0165360547509,-0.004180019506757726,-0.00471501872139779,0.019004636627115174,-10.919418335085481,-9.50665628766533
2019-08-19,ADANIPORTS,EQ,357.35,357.6,363.4,356.5,357.9,357.4,360.06,2152462,77502494345000.0,27992.0,729231,0.3388,376.42,375.74681473599895,32.208363903154776,404.8101650872745,348.0298349127255,0.00013991884706854307,-0.004180019506757726,0.01859606773555482,-11.174388207472532,-9.84020267162677
2019-08-20,ADANIPORTS,EQ,357.4,357.4,359.75,352.0,354.35,354.95,355.37,1767899,62825789204999.99,25175.0,516740,0.2923,373.89250000000004,373.76616571352287,34.95222929936301,400.3144062820507,347.4705937179494,-0.006855064353665341,0.00013991884706854307,0.017806856215046536,-11.442249068089438,-10.160611950919304
2019-08-21,ADANIPORTS,EQ,354.95,355.0,355.0,348.4,349.05,350.7,352.14,1459740,51403668440000.0,15763.0,472606,0.3238,371.0675,371.56938802652064,32.93323330832705,394.3955782929211,347.7394217070789,-0.011973517396816402,-0.006855064353665341,0.017226401809829112,-11.860746903979134,-10.500638941531271
2019-08-22,ADANIPORTS,EQ,350.7,348.8,348.8,340.8,345.2,345.05,344.45,2171160,74785587080000.0,35447.0,658426,0.3033,368.33250000000004,369.0437320239949,26.173020527859165,390.28731663969876,346.3776833603013,-0.01611063587111483,-0.011973517396816402,0.014037077277645279,-12.504176867665024,-10.901346526758022
2019-08-23,ADANIPORTS,EQ,345.05,346.4,354.15,339.65,348.35,349.35,348.04,2246560,78189824195000.0,50445.0,540860,0.2408,366.76,367.16813849790015,33.53520060560177,389.4478497507892,344.0721502492108,0.012461962034487684,-0.01611063587111483,0.015439727544265164,-12.522770977474124,-11.225631416901242
2019-08-26,ADANIPORTS,EQ,349.35,366.0,375.0,349.35,369.65,368.2,362.62,4974219,180372883060000.0,54003.0,1374922,0.2764,366.15250000000003,367.2664110219097,45.49968963376784,387.9410164104174,344.3639835895827,0.0539573493631027,0.012461962034487684,0.02450953212461715,-10.890925667752128,-11.158690267071421
2019-08-27,ADANIPORTS,EQ,368.2,370.3,374.25,367.3,372.8,372.05,371.48,3040184,112937885670000.0,54621.0,1277053,0.4201,365.6725,367.72199092458493,52.734375,386.42169085292824,344.9233091470718,0.010456273764258617,0.0539573493631027,0.024660055657989722,-9.181178765061077,-10.763187966669353
2019-08-28,ADANIPORTS,EQ,372.05,373.1,374.25,364.05,367.4,365.95,368.65,2186454,80602695125000.0,30580.0,853895,0.3904999999999999,365.27750000000003,367.55322988414827,42.54742547425474,385.6689191189045,344.88608088109555,-0.01639564574653951,0.010456273764258617,0.020833478452574078,-8.22361433970417,-10.255273241276317
2019-08-29,ADANIPORTS,EQ,365.95,367.0,370.3,361.3,366.65,366.2,364.95,1725632,62977415635000.0,24569.0,529226,0.3067,364.915,367.4243508475627,45.63806777217014,384.949341569013,344.88065843098707,0.0006831534362616853,-0.01639564574653951,0.020719028764227855,-7.359726378644439,-9.676163868749942
2019-08-30,ADANIPORTS,EQ,366.2,368.45,368.85,359.4,364.2,365.7,364.29,2313806,84289337620000.0,43386.0,831576,0.3594,364.3225,367.2601269573187,43.94717534849596,383.4645307727233,345.18046922727666,-0.001365374112506812,0.0006831534362616853,0.0206414226069074,-6.638905595721383,-9.068712214144231
2019-09-03,ADANIPORTS,EQ,365.7,362.7,367.15,359.55,361.0,361.3,363.3,1638833,59539439079999.99,22776.0,504383,0.3078,363.83250000000004,366.6924958185264,39.05579399141629,382.744380838265,344.9206191617351,-0.01203171998906205,-0.001365374112506812,0.021148672462683198,-6.34950007524634,-8.524869786364652
2019-09-04,ADANIPORTS,EQ,361.3,361.3,365.75,356.65,365.0,364.35,362.41,1846644,66923571510000.0,32475.0,349536,0.1893,363.27750000000003,366.4694009786668,53.33919156414764,381.3884003234227,345.1665996765774,0.008441738167727753,-0.01203171998906205,0.021047636959169943,-5.807094039828598,-7.981314637057442
2019-09-05,ADANIPORTS,EQ,364.35,365.7,367.75,361.25,367.0,366.55,365.28,1642165,59984685085000.0,26158.0,484578,0.2951,363.2125,366.4770770759366,56.707317073170735,381.2635351065995,345.1614648934005,0.006038150130369013,0.008441738167727753,0.020402529221873283,-5.140455760913483,-7.41314286182865
2019-09-06,ADANIPORTS,EQ,366.55,368.0,368.7,363.8,364.5,365.75,366.47,2366109,86711016460000.0,43680.0,853449,0.3607,362.65250000000003,366.4078316401331,57.4074074074074,379.5683124405823,345.73668755941776,-0.0021825126176511223,0.006038150130369013,0.01927481029253298,-4.623397784431177,-6.855193846349155
2019-09-09,ADANIPORTS,EQ,365.75,365.8,371.8,363.65,369.8,369.55,368.05,2954338,108732984459999.98,37348.0,1465828,0.4962,362.51750000000004,366.70708576964427,60.0496277915633,379.1515574851627,345.8834425148374,0.010389610389610393,-0.0021825126176511223,0.019208717161870566,-3.86247318423068,-6.25664971392546
2019-09-11,ADANIPORTS,EQ,369.55,371.2,374.95,366.5,373.15,373.35,371.17,3341392,124023680970000.0,43795.0,1676499,0.5017,362.4875,367.3397442677734,64.88673139158578,379.03668904035425,345.9383109596458,0.010282776349614497,0.010389610389610393,0.009608520947407627,-2.9191564953644615,-5.589151070213261
2019-09-12,ADANIPORTS,EQ,373.35,375.0,376.2,370.5,372.35,372.45,374.11,2625251,98212934190000.0,46687.0,1249032,0.4758,362.28000000000003,367.82643528989024,68.60564585115482,378.17529556350803,346.38470443649203,-0.0024106066693452277,0.010282776349614497,0.009114557250983231,-2.2186188445961648,-4.915044625089842
2019-09-13,ADANIPORTS,EQ,372.45,376.5,377.0,370.4,373.8,374.2,373.39,2925109,109220596140000.02,39311.0,1205368,0.4121,362.9625,368.43344145275785,76.71860678276805,379.69516188276236,346.2298381172376,0.004698617264062399,-0.0024106066693452277,0.007073611973066172,-1.5048800145685846,-4.233011702985591
2019-09-16,ADANIPORTS,EQ,374.2,373.0,373.8,368.1,368.65,370.6,371.44,2561643,95150474750000.0,34220.0,1380563,0.5389,363.55,368.63978036201905,69.73073351903435,380.49840467569925,346.6015953243008,-0.009620523784072632,0.004698617264062399,0.00801562331611588,-1.2157127828995158,-3.6295519189683763
2019-09-17,ADANIPORTS,EQ,370.6,370.6,373.25,362.8,363.5,365.3,369.16,2609989,96351225390000.0,39769.0,904046,0.3464,363.9475,368.32170604182676,46.40198511166256,380.6548408069846,347.24015919301536,-0.014301133297355717,-0.009620523784072632,0.00940356832207663,-1.3980950055758967,-3.1832605362898807
2019-09-18,ADANIPORTS,EQ,365.3,365.0,368.3,364.2,366.6,366.35,366.22,1469778,53826374220000.01,21819.0,534722,0.3638,364.395,368.13392451403377,42.400000000000034,380.84133697814264,347.9486630218573,0.0028743498494387953,-0.014301133297355717,0.00842745597950504,-1.4412936700023806,-2.834867163032381
2019-09-19,ADANIPORTS,EQ,366.35,366.3,366.5,357.85,362.0,361.9,362.08,1317155,47692048990000.0,25357.0,408162,0.3099,364.74249999999995,367.5402174174591,44.35146443514645,380.6328570559959,348.852142944004,-0.012146854101269366,0.0028743498494387953,0.00901607782347658,-1.8136995333564414,-2.6306336370971932
2019-09-20,ADANIPORTS,EQ,361.9,362.45,384.8,361.0,381.5,380.7,374.81,6134710,229932886045000.0,80074.0,2908782,0.4742,366.2425,368.79353004436774,63.32720588235292,382.2151171931404,350.26988280685964,0.051948051948051965,-0.012146854101269366,0.01897817372590794,-0.5850864686525483,-2.2215242034082645
2019-09-23,ADANIPORTS,EQ,380.7,394.0,417.5,386.1,411.0,410.95,403.49,6695717,270163727865000.0,100143.0,3275133,0.4891,369.5375,372.80843194490416,76.88651218062981,392.6816222502693,346.39337774973075,0.07945889151562913,0.051948051948051965,0.030255346571098293,2.79727517997469,-1.2177643267316736
2019-09-24,ADANIPORTS,EQ,410.95,409.95,417.5,403.95,413.85,413.85,412.92,3112368,128516899070000.0,72213.0,1301464,0.4182,372.7625,376.71715271205613,81.79068360556559,401.38854399380705,344.13645600619293,0.007056819564424055,0.07945889151562913,0.030294823331606806,5.6467348741416,0.15513551344298115
2019-09-25,ADANIPORTS,EQ,413.85,409.3,417.95,409.1,416.0,414.8,414.9,2997555,124370021315000.02,84469.0,1577476,0.5263,375.0925,380.34409054900317,81.31595282433265,409.21348096631704,340.9715190336829,0.0022955176996495297,0.007056819564424055,0.03044372860233411,7.89065076131925,1.702238563018235
2019-09-26,ADANIPORTS,EQ,414.8,412.2,420.6,412.0,418.3,419.15,417.4,8639414,360611344480000.0,104858.0,5006831,0.5795,377.44750000000005,384.0398914490981,81.80169286577987,416.7868665830601,338.10813341694,0.010486981677916951,0.0022955176996495297,0.030084230628801906,9.9057911200901,3.3429490744326085
2019-09-27,ADANIPORTS,EQ,419.15,418.0,420.5,406.1,406.85,408.6,413.31,3789544,156623955240000.0,57138.0,2242140,0.5917,379.58,386.37894940632685,73.17468902109249,420.8706692658222,338.2893307341778,-0.02516998687820582,0.010486981677916951,0.032319696092305505,10.53012284140533,4.780383827827153
2019-09-30,ADANIPORTS,EQ,408.6,403.0,415.55,401.45,415.0,413.95,409.91,3152658,129230356715000.02,58876.0,1649016,0.5231,381.9675,389.00476374858147,73.61702127659574,425.4637463595062,338.4712536404937,0.013093489965736671,-0.02516998687820582,0.03163403939367891,11.326050852790047,6.089517232819732
2019-10-01,ADANIPORTS,EQ,413.95,415.2,417.9,401.6,405.0,404.05,409.86,2532760,103807681925000.0,33166.0,1094425,0.4321,383.885,390.4376433915737,65.33466533466533,427.74147764672125,340.02852235327873,-0.02391593187583041,0.013093489965736671,0.03263757834375768,11.030825780766293,7.0777789424090445
2019-10-03,ADANIPORTS,EQ,404.05,403.5,406.2,398.6,403.55,403.9,401.96,2619077,105276450555000.0,47878.0,1309062,0.4997999999999999,386.015,391.7197725923762,65.82788122798188,429.3882527328764,342.64174726712355,-0.0003712411830220086,-0.02391593187583041,0.03273890081401244,10.661850857889874,7.794593325505211
2019-10-04,ADANIPORTS,EQ,403.9,405.5,407.25,392.95,396.0,394.6,400.51,1610595,64505251990000.0,28417.0,592311,0.3678,387.52750000000003,391.9940799645309,59.54162768942939,429.81588928617913,345.23911071382093,-0.0230255013617231,-0.0003712411830220086,0.0337323434670985,9.509385025346887,8.137551665473547
2019-10-07,ADANIPORTS,EQ,394.6,396.0,400.75,390.65,395.4,395.25,395.64,1399825,55382221825000.0,24960.0,371765,0.2656,388.9625,392.3041675869565,61.85666185666186,430.1880908642147,347.73690913578525,0.00164723770907238,-0.0230255013617231,0.030214110677920056,8.54993874600018,8.220029081578874
2019-10-09,ADANIPORTS,EQ,395.25,396.35,402.85,391.55,399.8,400.45,398.61,3905912,155694475265000.0,47923.0,2358017,0.6037,390.6975,393.0799611501035,66.92344727973038,430.7127533416739,350.6822466583261,0.01315623023402912,0.00164723770907238,0.015587948941051914,8.115615436016299,8.199146352466359
2019-10-10,ADANIPORTS,EQ,400.45,397.8,401.6,395.6,400.8,399.9,398.34,3034826,120889404365000.02,45434.0,2043311,0.6733,392.21500000000003,393.72948865961746,66.23125302370585,431.1405983964877,353.2894016035124,-0.001373454863278889,0.01315623023402912,0.015239256071466747,7.638973350575782,8.087111752088244
2019-10-11,ADANIPORTS,EQ,399.9,401.25,410.25,395.9,409.0,409.05,404.78,2283201,92420200305000.0,34433.0,728513,0.3191,394.0,395.18858497774914,71.81860249884316,432.5555375229359,355.4444624770641,0.022880720180045167,-0.001373454863278889,0.017328803500894545,7.90839652180523,8.051368706031642
2019-10-14,ADANIPORTS,EQ,409.05,410.9,413.0,404.8,405.8,407.45,410.12,3313476,135891649805000.0,30820.0,1949696,0.5884,395.75,396.3563387893921,64.72206934507432,433.3525335092474,358.1474664907526,-0.003911502261337296,0.022880720180045167,0.016835540223884598,7.901723547448796,8.021439674315074
2019-10-15,ADANIPORTS,EQ,407.45,408.85,414.5,407.45,413.55,413.75,412.37,2434978,100410816680000.0,31421.0,1142553,0.4692,397.7275,398.0128779523072,52.09267563527655,434.71299466733865,360.7420053326614,0.015462019879739941,-0.003911502261337296,0.015672692604508286,8.309011404606053,8.07895402037327
2019-10-16,ADANIPORTS,EQ,413.75,413.0,413.75,403.6,409.0,410.0,407.49,2008661,81850165325000.0,43628.0,724085,0.3605,399.6975,399.154508623516,47.15867158671584,434.74557938274637,364.6494206172536,-0.009063444108761365,0.015462019879739941,0.01539396159186772,8.234276689790647,8.110018554256747
2019-10-17,ADANIPORTS,EQ,410.0,409.1,411.2,404.6,407.95,409.15,407.92,2478950,101120158550000.0,41861.0,925341,0.3732999999999999,401.89,400.1064601831811,45.824094604582385,433.16052757366043,370.61947242633954,-0.002073170731707319,-0.009063444108761365,0.013142719756731503,8.0140796717468,8.090830777754759
2019-10-18,ADANIPORTS,EQ,409.15,410.0,423.8,408.0,422.2,421.7,418.44,4047650,169370236430000.0,58671.0,1220085,0.3014,404.65749999999997,402.1629877847829,51.68094924192486,432.26730518046884,377.0476948195311,0.030673347183184596,-0.002073170731707319,0.016042193361747267,8.751371698387743,8.222938961881356
2019-10-22,ADANIPORTS,EQ,421.7,421.5,428.85,417.1,420.6,420.75,423.79,2380735,100893087580000.0,36089.0,560445,0.2354,407.6,403.93317942432736,59.1698113207547,427.4866789584925,387.7133210415075,-0.0022527863410006788,0.030673347183184596,0.013180672259969373,9.15350793922164,8.409052757349414
2019-10-23,ADANIPORTS,EQ,420.75,418.0,419.0,395.0,395.1,396.1,399.7,6752056,269878081840000.0,66672.0,1754932,0.2598999999999999,408.37,403.1871623362962,39.56750438340154,424.75556489231434,391.98443510768567,-0.05858585858585852,-0.0022527863410006788,0.024529205539592088,7.397876698402342,8.20681754556
2019-10-24,ADANIPORTS,EQ,396.1,399.0,401.45,393.35,398.55,399.15,399.21,6433637,256837468190000.0,48660.0,2130282,0.3311,407.78,402.8026706852204,46.88691232528587,424.6179396163682,390.94206038363177,0.007700075738449774,-0.05858585858585852,0.024275560105196544,6.181380692650464,7.801730174978093
2019-10-25,ADANIPORTS,EQ,399.15,402.95,402.95,396.85,397.6,398.95,399.82,3272059,130821950320000.0,27005.0,1473825,0.4504,407.035,402.43574966758035,46.85714285714286,424.05959830264953,390.0104016973505,-0.0005010647626205733,0.007700075738449774,0.024271860415863256,5.141888030677933,7.269761746118062
2019-10-27,ADANIPORTS,EQ,398.95,402.25,402.25,398.55,399.5,399.8,400.41,110114,4409042235000.0,2102.0,38034,0.3454,406.28499999999997,402.18472588971554,53.698435277382636,423.1904678167576,389.37953218324236,0.0021305928061161605,-0.0005010647626205733,0.022952672967367287,4.33667995613331,6.683145388121113
2019-10-29,ADANIPORTS,EQ,399.8,401.0,401.0,398.15,398.8,398.95,399.82,2269051,90722196285000.0,35195.0,1352503,0.5961,405.275,401.8766567573617,52.624113475177296,421.33683773972086,389.2131622602791,-0.002126063031515857,0.0021305928061161605,0.022943458654546504,3.5885918070612206,6.064234671909135
2019-10-30,ADANIPORTS,EQ,398.95,399.2,405.0,395.5,398.15,398.1,400.49,5590453,223891793845000.0,48437.0,2382285,0.4261,404.75,401.51697516142247,48.22373393801968,421.0390340897528,388.4609659102472,-0.0021305928061159385,-0.002126063031515857,0.022127317444903555,2.893780957422848,5.430143929011878
2019-10-31,ADANIPORTS,EQ,398.1,399.25,400.0,393.65,395.9,395.8,396.41,2529130,100256631365000.0,27803.0,1577945,0.6239,403.84250000000003,400.9725013365251,46.98085419734907,419.99520141976524,387.6897985802348,-0.005777442853554415,-0.0021305928061159385,0.022061848232267874,2.1329601383908994,4.7707071708876825
2019-11-01,ADANIPORTS,EQ,395.8,396.0,397.25,387.85,388.3,389.75,391.58,3665336,143526231605000.0,37071.0,2085262,0.5689000000000001,403.1275,399.9036916854275,35.108024691358025,420.46412004933603,385.79087995066396,-0.015285497726124309,-0.005777442853554415,0.022374011539491888,1.0299471304496137,4.022555162800069
2019-11-04,ADANIPORTS,EQ,389.75,390.0,394.95,389.75,391.5,391.0,392.49,3146855,123511785750000.0,43747.0,1723136,0.5476,402.48249999999996,399.0557210487201,37.23816912335144,420.63861467242384,384.3263853275761,0.003207184092366866,-0.015285497726124309,0.01899069531113097,0.25374096034806826,3.268792322309669
2019-11-05,ADANIPORTS,EQ,391.0,391.7,392.9,386.5,389.5,390.0,389.48,1395899,54367430154999.99,41318.0,659023,0.4721,402.2525,398.19327142503244,29.923922231614526,420.937886212036,383.567113787964,-0.002557544757033292,0.003207184092366866,0.018981827347959307,-0.4370614915588362,2.527621559535968
2019-11-06,ADANIPORTS,EQ,390.0,390.0,394.4,388.5,391.0,391.0,391.96,2277683,89277115255000.0,38573.0,1225780,0.5382,402.04,397.50819795598176,33.156028368794324,421.15248145497156,382.9275185450285,0.002564102564102555,-0.002557544757033292,0.0062115031551653885,-0.893535646282885,1.8433901183721975
2019-11-07,ADANIPORTS,EQ,391.0,390.5,392.0,388.05,391.15,390.45,390.19,1615593,63038937854999.99,22175.0,840233,0.5201,401.54,396.8359886268406,33.33333333333333,421.3385273242416,381.7414726757584,-0.0014066496163682718,0.002564102564102555,0.005357956013806262,-1.2848639937586768,1.2177392959460227
2019-11-08,ADANIPORTS,EQ,390.45,391.2,391.2,385.5,385.5,386.15,388.97,1206504,46929717610000.0,16064.0,480880,0.3986,400.8525,395.81827542428437,12.852664576802468,421.81172043041806,379.893279569582,-0.011012933794339874,-0.0014066496163682718,0.005984672495291432,-1.9198378956982651,0.5902238576171651
2019-11-11,ADANIPORTS,EQ,386.15,386.15,389.15,382.5,388.2,387.9,387.65,2300763,89189414790000.0,34468.0,1003975,0.4364,399.79499999999996,395.0641539553049,16.238437821171587,421.1433612090957,378.4466387909042,0.004531917648582073,-0.011012933794339874,0.006265665424653759,-2.2558449368680726,0.021010098720117554
2019-11-13,ADANIPORTS,EQ,387.9,391.0,391.8,369.4,370.8,370.8,378.84,5392849,204301533975000.0,60199.0,1278533,0.2371,397.9625,392.75328215003776,19.221411192214077,422.585015904593,373.339984095407,-0.044083526682134444,0.004531917648582073,0.014393019012563213,-3.857493246196327,-0.7546905702631714
2019-11-14,ADANIPORTS,EQ,370.8,371.9,374.1,365.85,368.2,369.1,370.13,2662084,98532286355000.0,38410.0,1257562,0.4724,395.72999999999996,390.50058861193895,12.20125786163527,422.34179793760575,369.1182020623942,-0.004584681769147725,-0.044083526682134444,0.014317796887907675,-5.203998408818791,-1.6445521379742953
2019-11-15,ADANIPORTS,EQ,369.1,369.1,370.9,365.5,365.8,366.3,368.1,2362065,86947853715000.0,42561.0,1262202,0.5344,393.54499999999996,388.19577064889717,11.45218417945695,422.3123041745656,364.7776958254343,-0.007586020048767295,-0.004584681769147725,0.014305873172344266,-6.423009594248697,-2.600243629229176
2019-11-18,ADANIPORTS,EQ,366.3,366.3,367.45,364.1,366.5,365.65,366.06,1835202,67180108254999.99,32079.0,1040896,0.5672,391.37,386.0485543966212,9.489916963226563,421.7046319367017,361.03536806329834,-0.001774501774501891,-0.007586020048767295,0.01413865561431763,-7.35673049913828,-3.551541003210997
2019-11-19,ADANIPORTS,EQ,365.65,367.5,368.15,361.55,364.0,364.05,364.11,2758083,100425439530000.0,45293.0,1741887,0.6315999999999999,388.4875,383.9534539778954,9.324009324009339,417.6195022077084,359.3554977922916,-0.004375769178175726,-0.001774501774501891,0.013772481387164602,-8.132076159674114,-4.467648034503621
2019-11-20,ADANIPORTS,EQ,364.05,364.5,377.1,364.0,366.7,366.7,370.77,6385953,236774089585000.0,60278.0,3223529,0.5048,385.785,382.31026788476254,14.876957494407108,412.2184536843484,359.35154631565166,0.007279219887378119,-0.004375769178175726,0.014461356939358348,-8.435471464542161,-5.261212720511329
2019-11-21,ADANIPORTS,EQ,366.7,368.0,376.25,368.0,371.8,372.1,372.17,6556285,244003108155000.03,72670.0,2456588,0.3747,384.585,381.33786141954704,25.20920502092052,411.22503911800646,357.9449608819935,0.01472593400599953,0.007279219887378119,0.015722237697833635,-8.146274379016575,-5.838225052212378
2019-11-22,ADANIPORTS,EQ,372.1,372.25,375.55,370.45,371.0,371.45,372.89,3679373,137199597415000.02,40277.0,1780417,0.4839,383.2,380.3961603319711,28.419811320754718,409.5301308289968,356.8698691710032,-0.001746842246707958,0.01472593400599953,0.015714376533590615,-7.878712282049037,-6.24632249817971
2019-11-25,ADANIPORTS,EQ,371.45,372.0,379.2,371.5,374.95,374.7,376.07,3050808,114730551875000.0,39401.0,793469,0.2601,381.9875,379.8536688717834,31.64414414414415,407.48401937026733,356.4909806297327,0.008749495221429537,-0.001746842246707958,0.016093085463545313,-7.320038704287526,-6.461065739401274
2019-11-26,ADANIPORTS,EQ,374.7,377.05,378.0,368.45,371.2,370.4,372.59,4348236,162009267550000.0,41694.0,2756644,0.634,380.51750000000004,378.95331945542307,29.454926624737936,405.06224485502827,355.9727551449718,-0.011475847344542323,0.008749495221429537,0.01606931662647043,-7.1419321837703365,-6.597239028275087
2019-11-27,ADANIPORTS,EQ,370.4,372.0,374.35,367.25,372.2,372.95,371.98,1417796,52739775575000.0,16061.0,262083,0.1848999999999999,379.2175,378.3815747453828,31.675126903553306,402.3660881119647,356.06891188803525,0.006884449244060509,-0.011475847344542323,0.008337890741838543,-6.717581694091393,-6.621307561438349
2019-11-28,ADANIPORTS,EQ,372.95,376.0,377.7,370.5,372.35,372.6,373.03,1649478,61530731520000.01,43386.0,404119,0.245,377.9425,377.83094857915586,31.804281345565798,399.4638547557949,356.4211452442051,-0.0009384636010187908,0.006884449244060509,0.00816340517610724,-6.336479952102593,-6.564342039571199
2019-11-29,ADANIPORTS,EQ,372.6,372.0,384.95,370.8,381.0,382.05,379.84,30111277,1143740998225000.0,136495.0,13250688,0.4401,377.255,378.23276300018864,46.2177121771218,397.19480150876615,357.31519849123384,0.0253623188405796,-0.0009384636010187908,0.010607736198446998,-5.211839214623012,-6.293841474581562
2019-12-02,ADANIPORTS,EQ,382.05,381.1,383.35,375.85,377.7,377.75,378.59,3783084,143221994090000.0,52045.0,1554201,0.4108,376.65500000000003,378.1867855715993,41.05726872246698,395.7144609742787,357.59553902572134,-0.011255071325742771,0.0253623188405796,0.011586396952460514,-4.614336195633257,-5.957940418791901
2019-12-03,ADANIPORTS,EQ,377.75,380.0,380.0,359.55,359.7,361.95,366.85,4189825,153705443530000.0,46977.0,1545497,0.3689,375.2025,376.6404250409708,42.01983769161405,394.0858670893214,356.31913291067855,-0.04182660489741896,-0.011255071325742771,0.018399898833016844,-5.354020882229634,-5.837156511479448
2019-12-04,ADANIPORTS,EQ,361.95,361.5,370.35,357.35,367.05,367.85,366.72,4369308,160231272410000.0,56958.0,1436020,0.3287,374.09499999999997,375.80324170373547,48.95222129086337,391.8910640236919,356.29893597630803,0.016300594004696967,-0.04182660489741896,0.019029926637638767,-5.401876167942078,-5.750100442771974
2019-12-05,ADANIPORTS,EQ,367.85,368.0,373.6,365.15,368.15,368.4,369.05,3179935,117355839625000.0,36556.0,1245100,0.3915,372.96500000000003,375.0981710652845,51.8292682926829,389.026988472251,356.9030115277491,0.001495174663585619,0.016300594004696967,0.01837803214973308,-5.333935139164737,-5.666867382050527
2019-12-06,ADANIPORTS,EQ,368.4,370.65,371.3,363.4,364.6,366.15,366.92,2376977,87215282745000.0,27343.0,1025544,0.4314,371.75,374.2459642971621,50.42372881355932,385.7923045041759,357.7076954958241,-0.006107491856677472,0.001495174663585619,0.01845338532747653,-5.3994065822689095,-5.613375222094204
2019-12-09,ADANIPORTS,EQ,366.15,368.25,377.5,364.95,373.4,373.6,373.14,4988293,186134658030000.0,48072.0,1605688,0.3218999999999999,371.1225,374.1844438879086,57.36314572089437,383.4754018537774,358.7695981462226,0.020346852382903347,-0.006107491856677472,0.019489180821359895,-4.794868179205025,-5.449673813516369
2019-12-10,ADANIPORTS,EQ,373.6,373.9,375.85,366.05,366.7,366.9,371.41,2108098,78296957580000.0,34618.0,645224,0.3061,370.0725,373.4906873271554,50.14513788098693,379.68737197816154,360.45762802183845,-0.017933618843683163,0.020346852382903347,0.020007317522606184,-4.801057542283672,-5.31995055926983
2019-12-11,ADANIPORTS,EQ,366.9,368.95,370.85,365.0,369.15,369.7,368.5,1710192,63020592665000.0,41616.0,663728,0.3881,370.0175,373.129669486474,48.19004524886876,379.6274331833273,360.40756681667267,0.00763150722267647,-0.017933618843683163,0.020040429987178674,-4.527832028544367,-5.161526853124737
2019-12-12,ADANIPORTS,EQ,369.7,371.45,376.5,370.9,372.3,372.5,373.49,2012086,75149210825000.0,36395.0,596306,0.2964,370.1875,373.06970096395264,50.766983199415634,379.84924632785413,360.52575367214587,0.0075737084122262655,0.00763150722267647,0.020208890145293066,-4.038805406343556,-4.936982563768501
2019-12-13,ADANIPORTS,EQ,372.5,372.55,380.9,372.55,376.5,376.95,377.13,2699035,101787368660000.0,29235.0,764948,0.2834,370.71999999999997,373.4392532531,51.615218951902364,380.6498274749738,360.79017252502615,0.011946308724832155,0.0075737084122262655,0.01874187391681274,-3.254652862951559,-4.600516623605113
2019-12-16,ADANIPORTS,EQ,376.95,377.25,380.45,366.95,368.3,368.35,370.06,3579883,132476356140000.02,37561.0,1548211,0.4325,370.85499999999996,372.9545624670905,48.6139283299527,380.56559649089894,361.144403509101,-0.022814696909404297,0.011946308724832155,0.019760917876709534,-3.2892381595765414,-4.3382609307993985
2019-12-17,ADANIPORTS,EQ,368.35,369.2,373.0,367.55,371.1,371.25,370.57,4226416,156619944555000.0,43968.0,2542534,0.6016,371.21500000000003,372.7922231845104,48.855989232839846,380.3819945714075,362.04800542859255,0.007872946925478352,-0.022814696909404297,0.014190904862689523,-3.0475116750567963,-4.080111079650878
2019-12-18,ADANIPORTS,EQ,371.25,372.1,375.8,369.1,374.4,374.5,372.88,3960881,147691412120000.0,40006.0,1803666,0.4554,371.60499999999996,372.9548685955094,51.230569948186506,380.62573051065675,362.58426948934317,0.008754208754208737,0.007872946925478352,0.013570306876760434,-2.564136091173168,-3.7769160819553367
2019-12-19,ADANIPORTS,EQ,374.5,374.0,374.25,367.6,368.7,369.65,370.87,2769484,102711520750000.0,46801.0,1439113,0.5196000000000001,371.48249999999996,372.6401192054609,41.46005509641873,380.54138775551104,362.4236122444889,-0.012950600801068135,0.008754208754208737,0.014361245049752567,-2.543096689655499,-3.5301522034953696
2019-12-20,ADANIPORTS,EQ,369.65,370.2,378.0,370.2,371.65,372.3,374.72,10808900,405031983445000.0,114910.0,5443054,0.5036,371.525,372.60772690017893,46.15926708949966,380.59121838408936,362.4587816159106,0.007168943595292854,-0.012950600801068135,0.014303090737645687,-2.286235657815155,-3.2813688943593267
2019-12-23,ADANIPORTS,EQ,372.3,372.05,374.2,364.25,366.9,366.9,369.92,4275342,158152194350000.0,34154.0,1882351,0.4403,371.135,372.0641338620666,54.08753096614367,380.296710941028,361.973289058972,-0.01450443190975026,0.007168943595292854,0.01349392518597413,-2.489706522808433,-3.123036420049148
2019-12-24,ADANIPORTS,EQ,366.9,368.0,372.0,366.0,368.5,368.6,368.88,2948878,108777905590000.02,45244.0,1063340,0.3606,371.04499999999996,371.7342163513936,50.66548358473823,380.2722422748366,361.81775772516335,0.00463341509948223,-0.01450443190975026,0.012317931854113527,-2.4851357586543372,-2.995456287770186
2019-12-26,ADANIPORTS,EQ,368.6,368.8,370.6,362.1,362.1,363.65,366.52,2503435,91755295530000.0,33520.0,774317,0.3093,370.58000000000004,370.96429098459424,46.090534979423886,380.3257899141716,360.8342100858285,-0.013429191535540008,0.00463341509948223,0.012761500096015886,-2.84810583507317,-2.965986197230783
2019-12-27,ADANIPORTS,EQ,363.65,366.75,367.9,362.8,363.85,363.7,365.19,2146972,78405687615000.0,30299.0,445974,0.2077,370.135,370.2724537479662,47.907771135781395,380.2963353866825,359.9736646133175,0.00013749484394343092,-0.013429191535540008,0.012380127067234977,-3.0960384495315907,-2.9919966476909443
2019-12-30,ADANIPORTS,EQ,363.7,371.0,371.0,363.75,366.0,365.95,366.81,4732203,173583966235000.0,45583.0,529147,0.1118,369.33,369.86079148625515,42.830365510777874,377.9511123960841,360.70888760391585,0.006186417376959019,0.00013749484394343092,0.011761228383119956,-3.0755179799530197,-3.0087009141433594
2019-12-31,ADANIPORTS,EQ,365.95,366.0,368.65,364.9,366.2,366.0,366.52,2043206,74887036480000.0,16901.0,816396,0.3996,368.74249999999995,369.49309705899276,49.03640256959317,376.5064704301766,360.9785295698233,0.00013663068725233707,0.006186417376959019,0.009455379846483387,-3.0204034470357897,-3.0110414207218454
2020-01-01,ADANIPORTS,EQ,366.0,368.0,379.25,366.0,377.45,377.65,375.71,11377167,427445918265000.0,89107.0,1155555,0.1016,369.5275,370.2699449581363,57.15571557155713,377.5695915712674,361.48540842873257,0.03183060109289615,0.00013663068725233707,0.013853062483406559,-2.01345726372989,-2.8115245893234544
2020-01-02,ADANIPORTS,EQ,377.65,377.95,384.7,376.5,382.5,383.15,381.66,5919760,225933741585000.0,54749.0,1072204,0.1811,370.2925,371.49661686688523,59.14163090128751,380.3267715361752,360.2582284638248,0.014563749503508472,0.03183060109289615,0.014292133390464767,-0.7628474931771052,-2.401789170094185
2020-01-03,ADANIPORTS,EQ,383.15,382.7,384.35,379.2,382.0,382.5,382.01,3684824,140763554940000.0,41829.0,1082913,0.2939,370.9975,372.5445581176581,55.09641873278237,382.36469541388635,359.63030458611365,-0.001696463526034142,0.014563749503508472,0.01336401085194588,0.17381654350305098,-1.8866680273747378
2020-01-06,ADANIPORTS,EQ,382.5,388.0,388.0,374.75,380.0,380.2,381.73,12482680,476507128120000.0,97444.0,2245696,0.1798999999999999,371.7,373.2736478207383,62.30529595015569,383.53287125357946,359.8671287464205,-0.006013071895424882,-0.001696463526034142,0.013610059716955947,0.722213534708203,-1.3648917149581499
2020-01-07,ADANIPORTS,EQ,380.2,384.05,389.75,382.4,384.05,384.8,385.49,8091465,311917790545000.0,58470.0,3028819,0.3743,372.26,374.3713956473347,63.59077231695081,385.45336356293507,359.0666364370649,0.0120988953182537,-0.006013071895424882,0.012543718290966866,1.5105905103280861,-0.7897952699009028
2020-01-08,ADANIPORTS,EQ,384.8,379.0,387.6,378.25,385.4,385.65,383.67,4620991,177292164735000.0,37166.0,1442143,0.3121,373.1975,375.44554844282663,61.74920969441511,387.41233565258807,358.9826643474119,0.002208939708939539,0.0120988953182537,0.012571658231259013,2.178856340112077,-0.19606494789830686
2020-01-09,ADANIPORTS,EQ,385.65,389.15,394.0,386.05,391.8,391.8,391.3,4186783,163828356245000.0,45704.0,1082332,0.2585,374.3025,377.00311525779557,72.71794871794867,390.64870429137426,357.95629570862576,0.015947102294826987,0.002208939708939539,0.011253081651179659,3.168194453588228,0.47678693239900016
2020-01-10,ADANIPORTS,EQ,391.8,391.8,394.3,390.0,391.3,392.05,392.41,2405154,94380803465000.0,26327.0,788775,0.3279999999999999,375.28000000000003,378.4361518999103,71.3052858683926,393.4128837663153,357.14711623368476,0.000638080653394546,0.015947102294826987,0.011217550434347977,3.9271551470116037,1.1668605753215209
2020-01-13,ADANIPORTS,EQ,392.05,391.9,393.9,389.3,390.05,390.35,391.24,1516112,59316782950000.0,19174.0,497886,0.3284,375.94999999999993,379.57080409991886,77.49120750293082,395.2925900404306,356.6074099595693,-0.004336181609488565,0.000638080653394546,0.011840110964746619,4.341416030496987,1.8017716663566143
2020-01-14,ADANIPORTS,EQ,390.35,391.0,392.6,386.0,389.25,389.2,389.54,1963128,76472204265000.0,33582.0,661362,0.3369,376.9925,380.4878703761171,74.46555819477426,396.8510067281545,357.1339932718455,-0.002946074036121571,-0.004336181609488565,0.012063318201354697,4.524766682452878,2.346370669575867
2020-01-15,ADANIPORTS,EQ,389.2,389.3,391.4,386.0,390.55,390.8,388.83,1536571,59747100625000.0,24601.0,447618,0.2913,377.96999999999997,381.469977959344,85.03225806451613,398.54986752549405,357.3901324745059,0.004110996916752319,-0.002946074036121571,0.00804121362082497,4.744488513102567,2.825994238281207
2020-01-16,ADANIPORTS,EQ,390.8,392.0,394.6,389.8,391.0,390.95,392.07,1340762,52567446690000.0,16681.0,294794,0.2198999999999999,378.7925,382.37283720131126,85.07078507078505,400.09078940495937,357.49421059504067,0.00038382804503567236,0.004110996916752319,0.007054899580370557,4.874532813319888,3.2357019532889435
2020-01-17,ADANIPORTS,EQ,390.95,390.9,392.4,386.0,386.0,387.6,389.03,1644832,63989050854999.99,25587.0,612360,0.3722999999999999,379.69,382.8706622297578,77.0963704630789,400.8786662852058,358.5013337147942,-0.008568870699577902,0.00038382804503567236,0.007758887563260686,4.653632674591847,3.5192880975495244
2020-01-20,ADANIPORTS,EQ,387.6,387.65,389.2,378.8,379.85,380.05,382.18,1760945,67298925420000.01,27756.0,470153,0.267,380.0775,382.6020277316856,64.80505795574291,400.9786325555269,359.1763674444731,-0.019478844169246723,-0.008568870699577902,0.010018648856509596,3.8252507120602672,3.580480620451673
2020-01-21,ADANIPORTS,EQ,380.05,378.8,382.0,375.3,379.7,379.95,378.66,2005178,75927566840000.0,28978.0,843545,0.4207,380.72999999999996,382.3494536620012,53.20334261838442,400.692738974571,360.7672610254289,-0.00026312327325361817,-0.019478844169246723,0.009079323419193238,3.1246636962641787,3.489317235614174
2020-01-22,ADANIPORTS,EQ,379.95,379.95,385.0,379.0,384.0,383.6,382.9,1817459,69589783525000.0,24026.0,566400,0.3116,381.48,382.4685533132392,50.66079295154192,400.6346448949351,362.32535510506494,0.009606527174628399,-0.00026312327325361817,0.009672669072847952,2.8313301232471986,3.357719813140779
2020-01-23,ADANIPORTS,EQ,383.6,384.45,386.75,380.75,385.0,385.85,384.4,1202104,46208683040000.0,22112.0,360665,0.3,382.59,382.7905958548355,54.69845722300143,399.8759724083918,365.30402759160813,0.005865484880083427,0.009606527174628399,0.00817911618228007,2.748731681444781,3.2359221868015795
2020-01-24,ADANIPORTS,EQ,385.85,383.0,387.4,380.3,384.75,384.75,384.18,1572385,60408393225000.0,23068.0,345643,0.2198,383.64250000000004,382.9772057734226,56.60377358490565,398.4749067322905,368.8100932677096,-0.0028508487754309586,0.005865484880083427,0.008152203961880973,2.5649439372240863,3.101726536886081
2020-01-27,ADANIPORTS,EQ,384.75,383.7,386.25,379.8,380.7,381.25,382.77,1076027,41187574390000.0,21136.0,259566,0.2412,384.40749999999997,382.81270998547757,44.67766116941529,396.7704018480155,372.0445981519844,-0.009096816114359974,-0.0028508487754309586,0.008447330571521186,2.112518280786503,2.903884885666166
2020-01-28,ADANIPORTS,EQ,381.25,380.7,381.5,370.2,373.75,372.95,375.37,2220618,83354623245000.0,42216.0,841792,0.3791,384.755,381.87340427257493,34.43627450980398,395.17784434350466,374.33215565649533,-0.021770491803278724,-0.009096816114359974,0.010459276846817243,1.0718711906342264,2.537482146659778
2020-01-29,ADANIPORTS,EQ,372.95,377.5,387.75,373.75,382.5,383.35,383.81,3588224,137720482734999.98,46533.0,454883,0.1268,385.04,382.0140324370916,40.62153163152057,394.94361975284414,375.1363802471559,0.02788577557313321,-0.021770491803278724,0.01448663798687353,1.073963969681472,2.244778511264117
2020-01-30,ADANIPORTS,EQ,383.35,381.0,383.7,376.85,378.0,378.0,379.78,1526892,57988559470000.01,21621.0,385344,0.2524,384.78249999999997,381.6317436335591,35.99202392821539,395.14997317326646,374.4150268267335,-0.013955914960219196,0.02788577557313321,0.014945732476910032,0.6365840789670187,1.9231396248046975
2020-01-31,ADANIPORTS,EQ,378.0,380.05,381.55,368.25,369.55,369.4,371.94,2912256,108318582800000.0,41584.0,1073862,0.3686999999999999,384.1275,380.4668156684582,31.638913234005273,396.5531303450606,371.7018696549394,-0.022751322751322856,-0.013955914960219196,0.0161310973021593,-0.39938687904532344,1.4586343240346933
2020-02-01,ADANIPORTS,EQ,369.4,369.8,371.4,360.65,362.35,362.3,365.61,1839534,67256043825000.0,20577.0,237798,0.1293,383.23249999999996,378.73664274765264,28.6507936507937,398.98303131930857,367.48196868069135,-0.01922035733622085,-0.022751322751322856,0.016104936157321326,-1.7728753859889252,0.8123323820299695
2020-02-03,ADANIPORTS,EQ,362.3,364.0,370.0,355.5,369.0,367.35,364.92,2857926,104292850085000.0,28177.0,773965,0.2708,382.36,377.6522005812095,32.35515425131682,399.60710807180527,365.11289192819476,0.013938724813690406,-0.01922035733622085,0.01712889883798479,-2.425917659110098,0.16468237380195594
2020-02-04,ADANIPORTS,EQ,367.35,370.1,376.0,366.35,368.35,372.5,372.34,3061868,114006419805000.0,37727.0,767128,0.2505,381.7025,377.1615148115705,37.08887333799863,399.41777663668336,363.9872233633166,0.014019327616714206,0.013938724813690406,0.017548192777501463,-2.4990884695713476,-0.3680717948727048
2020-02-05,ADANIPORTS,EQ,372.5,372.0,372.5,361.1,368.0,366.6,365.67,3441871,125860130634999.98,36629.0,769088,0.2235,380.4425,376.1556562580876,35.810810810810835,398.7099365153009,362.1750634846991,-0.01583892617449656,0.014019327616714206,0.017699787697708653,-2.9985916576014233,-0.8941757674184485
2020-02-06,ADANIPORTS,EQ,366.6,370.0,373.2,367.65,370.1,370.2,370.77,4172547,154706387480000.0,27386.0,2556457,0.6127,379.35,375.5884509001745,42.96930763740185,397.30535398817193,361.3946460118281,0.009819967266775587,-0.01583892617449656,0.0183108645248918,-3.0685888373104717,-1.3290583813968533
2020-02-07,ADANIPORTS,EQ,370.2,370.2,373.7,367.2,369.55,369.55,369.9,2197903,81300229845000.0,21700.0,1058348,0.4815,378.31000000000006,375.0133603382531,42.6345609065156,395.9900988327359,360.6299011672642,-0.0017558076715288307,0.009819967266775587,0.018217241709921377,-3.1403121110162715,-1.691309127320737
2020-02-10,ADANIPORTS,EQ,369.55,370.05,373.45,366.15,369.0,368.25,368.86,1537598,56716367290000.0,19031.0,509301,0.3312,377.2625,374.369230782229,38.75457875457874,394.7068438276544,359.8181561723456,-0.003517791909078638,-0.0017558076715288307,0.016996984839572456,-3.26442223017591,-2.0059317478917715
2020-02-11,ADANIPORTS,EQ,368.25,370.5,378.4,369.05,374.05,374.2,374.67,2836917,106292103295000.0,38209.0,1268390,0.4471,376.4325,374.35311356487387,41.90410006949268,392.70508834904365,360.15991165095636,0.016157501697216636,-0.003517791909078638,0.015066834996810358,-2.849814235441386,-2.1747082454016944
2020-02-12,ADANIPORTS,EQ,374.2,376.95,378.9,371.6,374.7,374.1,375.02,1873710,70267086975000.0,26698.0,493372,0.2633,375.59000000000003,374.3290075110764,42.49471458773785,390.37457944860716,360.8054205513929,-0.00026723677177975524,0.016157501697216636,0.014502512420825231,-2.5004796044050295,-2.2398625172023614
2020-02-13,ADANIPORTS,EQ,374.1,374.0,374.7,367.0,369.6,369.1,369.0,1602247,59123422600000.0,24356.0,519533,0.3243,374.665,373.8310067957358,41.614906832298146,388.57478829906546,360.7552117009346,-0.013365410318096793,-0.00026723677177975524,0.013177350820721778,-2.597149285451735,-2.3113198708522362
2020-02-14,ADANIPORTS,EQ,369.1,370.3,372.0,366.0,366.1,366.85,368.82,1012713,37350876335000.0,18539.0,224958,0.2221,374.005,373.1661490056657,45.40662650602412,388.0904871185532,359.9195128814468,-0.006095908967759467,-0.013365410318096793,0.0116111765943161,-2.8227776761812606,-2.4136114319180413
2020-02-17,ADANIPORTS,EQ,366.85,366.85,366.85,359.4,362.45,362.8,361.85,1979626,71633420665000.0,26024.0,700597,0.3539,373.14750000000004,372.1788967194118,32.88925895087422,387.7863623011558,358.50863769884427,-0.011039934578165544,-0.006095908967759467,0.011274306433183895,-3.290460572893153,-2.5889812601130635
2020-02-18,ADANIPORTS,EQ,362.8,362.5,368.45,358.35,368.0,366.6,362.66,1693616,61420311525000.0,19816.0,475921,0.281,372.2975,371.647573222325,40.256410256410255,386.34308274815845,358.2519172518416,0.010474090407938341,-0.011039934578165544,0.010788221698029751,-3.316246767492032,-2.7344343615888573
2020-02-19,ADANIPORTS,EQ,366.6,371.0,374.45,367.35,371.3,371.3,370.42,2057811,76225337350000.0,21684.0,609775,0.2963,371.57000000000005,371.614471010675,51.73992673992677,384.0836725224265,359.0563274775736,0.012820512820512775,0.010474090407938341,0.01036698330359823,-2.923728865625094,-2.7722932623961047
2020-02-20,ADANIPORTS,EQ,371.3,371.0,374.5,370.0,370.5,370.85,372.28,1799254,66982202685000.0,20182.0,808140,0.4492,370.875,371.5416642477536,58.915537017726834,381.74221288040366,360.00778711959634,-0.00121195798545648,0.012820512820512775,0.009940524619311497,-2.6187791833575034,-2.7415904465883845
2020-02-24,ADANIPORTS,EQ,370.85,367.65,371.4,361.5,362.3,362.25,367.03,2070656,75998777665000.0,24653.0,745818,0.3602,369.925,370.6567438432056,45.048543689320354,380.2833934945541,359.5666065054459,-0.023189968990157794,-0.00121195798545648,0.012416380049878183,-3.036054740744987,-2.800483305419705
2020-02-25,ADANIPORTS,EQ,362.25,362.3,364.7,355.6,358.75,358.4,358.01,2530137,90581872530000.0,48185.0,1108130,0.438,369.1975,369.48943490575743,35.95617529880474,380.64759652906343,357.74740347093655,-0.010628019323671523,-0.023189968990157794,0.012717740136776253,-3.635503627692515,-2.967487369874267
2020-02-26,ADANIPORTS,EQ,358.4,356.9,362.5,352.9,357.6,358.4,357.72,4164401,148970078610000.0,40532.0,2054053,0.4932,367.95,368.43329824806625,40.74492099322793,378.2906708526467,357.60932914735326,0.0,-0.010628019323671523,0.010971471589953883,-4.06372707327597,-3.186735310554608
2020-02-27,ADANIPORTS,EQ,358.4,358.7,360.75,351.5,354.0,353.7,353.93,1977795,69999770045000.01,37054.0,749911,0.3792,366.735,367.03012698634564,31.828193832599112,377.7894156454214,355.6805843545786,-0.013113839285714302,0.0,0.01120292905130534,-4.727848267698619,-3.49495790198341
2020-02-28,ADANIPORTS,EQ,353.7,347.0,348.65,339.2,344.85,342.2,343.99,4299292,147889766970000.0,39508.0,2037570,0.4739,365.375,364.66535298764603,25.68888888888887,380.8555310665964,349.8944689334036,-0.03251342945999436,-0.013113839285714302,0.013981752274850363,-6.111671445463401,-4.018300610679408
2020-03-02,ADANIPORTS,EQ,342.2,346.1,351.05,338.3,340.5,340.65,346.05,2510491,86875979530000.0,38730.0,1206740,0.4807,364.2925,362.3781765126321,25.575221238938042,383.3036124013154,345.28138759868466,-0.004529514903565235,-0.03251342945999436,0.01400735678854273,-7.249861440060158,-4.6646127765555585
2020-03-03,ADANIPORTS,EQ,340.65,344.0,349.05,342.0,347.9,347.3,346.13,3671071,127066610684999.98,63872.0,2201941,0.5998,363.29,360.9421597019052,26.48601398601403,383.68635158290215,342.8936484170979,0.0195215030089535,-0.004529514903565235,0.016253016483124685,-7.528501903746417,-5.237390601993731
2020-03-04,ADANIPORTS,EQ,347.3,347.8,349.8,339.9,347.0,345.95,345.31,3490806,120541053105000.0,64937.0,1823815,0.5225,361.9625,359.5143349683905,25.919589392643303,383.2705630895961,340.65443691040383,-0.003887129283040691,0.0195215030089535,0.015421935593976066,-7.76870737354335,-5.743653956303655
2020-03-05,ADANIPORTS,EQ,345.95,347.3,351.9,346.5,349.2,349.15,349.41,2709900,94687585975000.0,34540.0,1088360,0.4015999999999999,361.09000000000003,358.5272554475914,32.39187996469548,383.0185346427341,339.16146535726597,0.009249891602832738,-0.003887129283040691,0.014981215291616844,-7.613099609155881,-6.1175430868741
2020-03-06,ADANIPORTS,EQ,349.15,339.8,343.2,331.25,341.2,341.4,337.52,3966036,133861083180000.0,37831.0,1813690,0.4573,359.65,356.89608826210656,29.525341914722446,382.80767464007334,336.4923253599266,-0.022196763568666733,0.009249891602832738,0.015684512777135683,-8.022659342366182,-6.498566337972518
2020-03-09,ADANIPORTS,EQ,341.4,334.7,334.7,316.85,322.2,321.9,326.34,3230319,105417661290000.0,34510.0,1024534,0.3172,357.2675,353.56312747523924,23.646907216494853,385.40567925128823,329.12932074871173,-0.05711775043936729,-0.022196763568666733,0.021786870256030124,-9.807668713486862,-7.1603868130753865
2020-03-11,ADANIPORTS,EQ,321.9,322.8,326.35,316.2,320.9,320.2,321.61,5634636,181217264210000.0,46713.0,3343698,0.5934,354.86499999999995,350.3856867633117,19.27152317880794,386.97923852107004,322.75076147892986,-0.0052811432121776525,-0.05711775043936729,0.021876660145051116,-11.230024560222603,-7.974314362504829
2020-03-12,ADANIPORTS,EQ,320.2,288.2,301.9,284.0,289.4,287.65,289.85,9895077,286805469010000.0,111634.0,6082465,0.6147,350.5375,344.41085945252007,9.530720851475579,393.2563097976181,307.81869020238196,-0.10165521549031864,-0.0052811432121776525,0.03554959645440438,-14.813009630340673,-9.342053416071998
2020-03-13,ADANIPORTS,EQ,287.65,260.0,300.7,232.0,295.0,292.75,278.89,21079070,587871090315000.0,154916.0,13302073,0.6311,346.46999999999997,339.49077759989916,13.842592592592624,394.8578453637498,298.08215463625015,0.01772988006257603,-0.10165521549031864,0.03760325083205988,-17.04454483193922,-10.882551699245443
2020-03-16,ADANIPORTS,EQ,292.75,273.0,276.85,252.0,261.4,261.4,259.47,7727956,200521051410000.0,80189.0,1720741,0.2227,341.085,332.05356068562304,11.434034416826037,401.3762152106574,280.79378478934257,-0.10708795900939372,0.01772988006257603,0.047005663700202684,-21.099513496075588,-12.925944058611474
2020-03-17,ADANIPORTS,EQ,261.4,265.0,283.35,265.0,265.95,267.15,273.83,9691227,265375705670000.0,73505.0,4179471,0.4313,336.1,325.8722691917542,15.60497549943463,403.49036320298694,268.7096367970131,0.021996939556235606,-0.10708795900939372,0.04902717288964336,-23.577343492238526,-15.056223945336885
2020-03-18,ADANIPORTS,EQ,267.15,270.0,273.0,256.0,259.3,260.4,262.5,5581367,146511351810000.0,47683.0,2323024,0.4161999999999999,330.97999999999996,319.6368149830157,14.849354375896723,405.05713192128303,256.9028680787169,-0.025266704098820925,0.021996939556235606,0.04671524959428566,-25.788437153138375,-17.202666586897184
2020-03-19,ADANIPORTS,EQ,260.4,248.0,264.15,241.0,257.0,258.35,255.92,8727962,223369624620000.0,64991.0,3098794,0.355,325.5675,313.79997546082376,15.137111517367487,404.3552647126765,246.7797352873235,-0.007872503840245626,-0.025266704098820925,0.04650937351020573,-27.39042293130052,-19.24021785577785
2020-03-20,ADANIPORTS,EQ,258.35,257.6,264.5,247.2,255.2,256.4,255.43,7028925,179538121870000.0,68662.0,2620901,0.3729,319.8225,308.3333111312215,16.2735849056604,401.28060983501774,238.36439016498224,-0.0075479001354753494,-0.007872503840245626,0.04531250530780678,-28.48895397765199,-21.08996508015268
2020-03-23,ADANIPORTS,EQ,256.4,235.0,235.8,203.0,215.0,207.8,211.6,5716818,120965834375000.0,56925.0,2160081,0.3778,311.66999999999996,298.75871007110516,11.87948350071737,403.590139251413,219.7498607485869,-0.18954758190327603,-0.0075479001354753494,0.06771158473739877,-32.901889082598075,-23.45234988064176
2020-03-24,ADANIPORTS,EQ,207.8,216.0,238.75,212.6,236.5,231.75,227.57,9694177,220614025205000.03,93631.0,4380397,0.4518999999999999,305.145,292.3769281595713,19.838162359697208,400.4136942561007,209.87630574389928,0.11525505293551497,-0.18954758190327603,0.08447810936844564,-34.0738252578966,-25.57664495609273
2020-03-25,ADANIPORTS,EQ,231.75,222.3,266.5,222.3,255.6,255.6,242.79,11745146,285164299520000.0,92389.0,5445585,0.4636,300.005,288.87436357294547,28.89511796309273,394.2631109172229,205.74688908277707,0.1029126213592233,0.11525505293551497,0.09421080570562965,-32.701139067513395,-27.001543778376863
2020-03-26,ADANIPORTS,EQ,255.6,257.65,260.1,241.5,252.9,248.2,253.74,8701776,220801200075000.0,82755.0,3331147,0.3828,294.495,285.00061466123634,26.87285223367698,387.25205619349697,201.73794380650304,-0.028951486697965545,0.1029126213592233,0.08974655238528417,-31.843323515873976,-27.96989972587629
2020-03-27,ADANIPORTS,EQ,248.2,259.0,259.6,244.0,251.35,251.3,251.99,4871655,122761855900000.0,52370.0,2051327,0.4211,289.37499999999994,281.79103231254715,28.909176029962552,379.64322895068966,199.10677104931023,0.012489927477840501,-0.028951486697965545,0.08957635853756502,-30.561065479508386,-28.48813287660271
2020-03-30,ADANIPORTS,EQ,251.3,248.0,254.85,237.0,251.7,251.65,248.8,8946439,222589095565000.0,75897.0,4473909,0.5001,284.84749999999997,278.92045780659026,31.936230393417333,373.0188730544967,196.67612694550326,0.0013927576601671099,0.012489927477840501,0.08302457822472303,-29.180252881449746,-28.626556877572117
2020-03-31,ADANIPORTS,EQ,251.65,255.0,259.6,247.05,250.45,251.3,253.13,6401288,162036375150000.0,55793.0,2944373,0.46,280.38,276.2899380154864,32.15950284826515,365.65324748619344,195.10675251380655,-0.0013908205841446364,0.0013927576601671099,0.08264855865948342,-27.793801382897243,-28.460005778637143
2020-04-01,ADANIPORTS,EQ,251.3,246.05,247.8,235.05,246.1,244.8,240.63,4034211,97074682025000.0,46902.0,697312,0.1728,275.255,273.29089629972583,37.174498653097885,355.7823271694284,194.72767283057155,-0.025865499403103898,-0.0013908205841446364,0.08266681705687128,-26.909330250038238,-28.149870672917363
2020-04-03,ADANIPORTS,EQ,244.8,246.0,252.8,238.9,244.2,244.8,248.45,7210453,179141560495000.0,43535.0,3270022,0.4535,270.1975,270.57747760451383,35.19604816301327,344.4945529627317,195.9004470372683,0.0,-0.025865499403103898,0.08265181845769713,-25.90970950207131,-27.701838438748155
2020-04-07,ADANIPORTS,EQ,244.8,254.2,255.85,245.6,248.8,248.1,249.44,7360798,183608538015000.0,64968.0,3957416,0.5376,265.145,268.43676545170297,45.0336071695295,329.9759453400446,200.3140546599554,0.013480392156862697,0.0,0.08276594957381156,-24.568015645378466,-27.075073880074218
2020-04-08,ADANIPORTS,EQ,248.1,248.0,255.85,242.75,249.7,250.85,250.05,6897883,172483052480000.0,81499.0,2301927,0.3337,260.61749999999995,266.7618354086836,43.773873185637896,314.7985830747926,206.4364169252073,0.011084240225715414,0.013480392156862697,0.049250039274316426,-23.01748039417609,-26.263555182894592
2020-04-09,ADANIPORTS,EQ,250.85,254.0,254.6,247.45,251.2,251.9,251.22,5290672,132913573400000.0,46427.0,1870738,0.3536,257.1175,265.3464225126185,46.60543130990416,303.04536420601374,211.18963579398627,0.004185768387482636,0.011084240225715414,0.03618174598645747,-21.456605420793295,-25.302165230474337
2020-04-13,ADANIPORTS,EQ,251.9,252.0,265.5,247.5,263.0,262.85,253.66,6979354,177036930840000.0,37483.0,2512798,0.36,254.25,265.10866798760725,51.67785234899329,289.5189217598867,218.98107824011328,0.043469630805875514,0.004185768387482636,0.020519436137227377,-19.115673684715063,-24.064866921322484
2020-04-15,ADANIPORTS,EQ,262.85,265.0,279.4,265.0,267.1,268.9,273.0,7606729,207664395195000.0,101002.0,2736763,0.3597999999999999,253.3125,265.46974722688276,54.52243125904486,285.72430543534574,220.9006945646543,0.023016929807875064,0.043469630805875514,0.017951248646443516,-16.581146840953352,-22.568122905248657
2020-04-16,ADANIPORTS,EQ,268.9,267.0,271.3,260.3,268.35,267.6,266.64,3267294,87118436215000.0,63906.0,1104275,0.3379999999999999,252.055,265.6726284433701,82.89328932893292,279.61234499471357,224.49765500528642,-0.004834510970620931,0.023016929807875064,0.01832191697640573,-14.510151201642032,-20.956528564527336
2020-04-17,ADANIPORTS,EQ,267.6,275.0,275.9,263.6,268.55,268.15,267.15,3470271,92709543845000.0,49815.0,1371313,0.3952,252.3925,265.90856859162056,76.96296296296299,280.5896494453229,224.19535055467713,0.0020553064275035116,-0.004834510970620931,0.018302769543273045,-12.678343778231238,-19.300891607268117
2020-04-20,ADANIPORTS,EQ,268.15,273.5,273.5,266.55,272.0,270.5,269.99,2234365,60326695010000.0,44339.0,592009,0.265,252.56,266.345847773371,66.19565217391309,281.1631393197868,223.9568606802132,0.008763751631549521,0.0020553064275035116,0.01809561409059676,-10.911220084354,-17.622957302685293
2020-04-21,ADANIPORTS,EQ,270.5,266.05,269.6,260.9,265.1,265.2,263.92,2562045,67618030900000.0,28728.0,846502,0.3303999999999999,252.8,266.2367194140023,69.36218678815493,281.7584639022637,223.84153609773628,-0.019593345656192307,0.008763751631549521,0.016876918795548177,-9.825169098161268,-16.063399661780487
2020-04-22,ADANIPORTS,EQ,265.2,260.0,273.85,258.5,273.0,271.9,268.24,3229099,86617450385000.0,38557.0,565516,0.1751,253.47749999999996,266.77607946981163,71.68421052631581,283.5935645188746,223.3614354811253,0.02526395173453988,-0.019593345656192307,0.01740199232109682,-8.327833777375986,-14.516286484899588
2020-04-23,ADANIPORTS,EQ,271.9,273.5,279.7,268.5,278.0,277.6,275.11,3594118,98879195165000.0,41781.0,1067330,0.297,254.5375,267.8069290441153,74.55061494796598,286.5211286246534,222.5538713753466,0.020963589554983564,0.02526395173453988,0.017693804194914536,-6.605102870465885,-12.93404976201285
2020-04-24,ADANIPORTS,EQ,277.6,273.95,276.95,269.55,270.55,270.65,272.1,2515755,68454939175000.0,18327.0,1070681,0.4256,257.67999999999995,268.0776977065805,66.27417998317912,281.68323223848097,233.67676776151896,-0.025036023054755163,0.020963589554983564,0.021127560634126633,-5.734529050288813,-11.494145619668043
2020-04-27,ADANIPORTS,EQ,270.65,273.3,277.1,269.5,271.0,271.15,272.69,1845577,50327122870000.0,27930.0,641894,0.3478,259.65,268.3702979250014,74.64920486435919,281.0149737950425,238.28502620495743,0.0018474043968224052,-0.025036023054755163,0.021185182384847775,-4.947218746158171,-10.18476024496607
2020-04-28,ADANIPORTS,EQ,271.15,271.15,274.7,270.0,273.95,272.95,272.55,1808291,49284436915000.0,23592.0,659309,0.3646,260.51750000000004,268.80646002738223,75.47511312217193,282.58739554740515,238.44760445259493,0.006638392033929685,0.0018474043968224052,0.017053295913399436,-4.130411883991314,-8.973890572771118
2020-04-29,ADANIPORTS,EQ,272.95,274.0,293.2,272.7,290.9,287.65,283.1,4058322,114891689925000.0,52514.0,1094797,0.2698,262.48999999999995,270.60108288191725,79.66991747936983,286.8567936253134,238.1232063746865,0.053856017585638405,0.006638392033929685,0.022734821195381713,-2.2707436941569767,-7.633261197048291
2020-04-30,ADANIPORTS,EQ,287.65,295.05,296.0,285.1,290.65,290.1,290.1,4675412,135632333309999.98,65200.0,1277137,0.2732,264.43,272.45812260744896,79.57799547852298,291.1136910569116,237.74630894308842,0.008517295324178775,0.053856017585638405,0.022351907294843865,-0.5924196856639128,-6.225092894771415
2020-05-04,ADANIPORTS,EQ,290.1,275.0,280.0,262.0,266.9,266.35,265.94,6359013,169109555365000.0,58530.0,3313318,0.521,265.165,271.87639664483476,58.11341942728804,291.1676132289908,239.16238677100927,-0.08186832126852805,0.008517295324178775,0.036344219412215134,-1.1653291412814042,-5.213140144073414
2020-05-05,ADANIPORTS,EQ,266.35,271.7,271.7,261.1,262.55,263.1,265.42,4866839,129174834045000.0,51052.0,1214476,0.2495,265.755,271.04054934532667,50.15365703749232,290.9561257058438,240.55387429415615,-0.012201989862962281,-0.08186832126852805,0.03638304759556612,-1.8601689809671598,-4.542545911452163
2020-05-06,ADANIPORTS,EQ,263.1,261.1,273.5,261.1,271.5,270.15,268.77,10547916,283493387760000.0,101064.0,2370786,0.2248,267.02250000000004,270.9557351219622,50.75895567698846,290.25941425749454,243.7855857425055,0.026795895096921152,-0.012201989862962281,0.03686760458188389,-1.8209674994564011,-3.9982302290530107
2020-05-07,ADANIPORTS,EQ,270.15,271.2,284.5,268.45,282.0,282.4,281.09,6505707,182870152610000.0,85225.0,815787,0.1253999999999999,268.90250000000003,272.04566511034676,57.93140407288314,290.60247513943835,247.20252486056174,0.04534517860447895,0.026795895096921152,0.038745705800251086,-0.7922943444327757,-3.357043052128964
2020-05-08,ADANIPORTS,EQ,282.4,285.1,286.85,280.55,284.05,285.05,284.12,2594067,73702367310000.0,45866.0,572793,0.2208,270.75,273.28417319507565,58.85744234800839,291.25137350981794,250.24862649018206,0.00938385269121822,0.04534517860447895,0.03836973706507871,0.2340711684140615,-2.638820208020359
2020-05-11,ADANIPORTS,EQ,285.05,285.2,293.25,285.2,290.95,289.7,289.6,3204070,92789002980000.0,35653.0,486519,0.1518,272.6925,274.8475852717351,59.82599795291708,292.60854153756185,252.77645846243817,0.01631292755656899,0.00938385269121822,0.03718313010230843,1.4064763859616392,-1.8297608892239596
2020-05-12,ADANIPORTS,EQ,289.7,289.0,292.8,285.25,292.0,291.5,289.56,4602741,133275757475000.0,40291.0,2356484,0.512,274.6725,276.4335295315699,63.9596602972399,293.74061819709806,255.60438180290197,0.006213324128408804,0.01631292755656899,0.03713547278609879,2.4525890049979466,-0.9732909103795784
2020-05-13,ADANIPORTS,EQ,291.5,297.0,311.9,262.35,308.95,309.35,299.91,9560014,286713446860000.0,85431.0,3430638,0.3589,276.99750000000006,279.5684314809442,67.77408637873754,300.75820340531453,253.2367965946856,0.061234991423670726,0.006213324128408804,0.040765483698215324,4.668174800482234,0.15500223179278416
2020-05-14,ADANIPORTS,EQ,309.35,301.1,311.45,301.1,306.7,308.4,307.6,5684067,174839400740000.0,52222.0,1894581,0.3333,278.97249999999997,282.3142951494257,65.3081510934393,306.211200699354,251.73379930064596,-0.0030709552287054853,0.061234991423670726,0.038387323554558976,6.275050568448819,1.379011899123991
2020-05-15,ADANIPORTS,EQ,308.4,309.0,312.0,305.35,309.0,309.25,308.63,3712050,114563979070000.0,39563.0,1411727,0.3803,281.055,284.8796003732899,70.4232804232804,310.8787083366047,251.23129166339533,0.0027561608300907814,-0.0030709552287054853,0.038416351799363146,7.53029453972232,2.6092684272436566
2020-05-18,ADANIPORTS,EQ,309.25,306.0,307.35,291.35,294.05,293.3,296.39,3625909,107469335425000.0,60376.0,1065009,0.2937,282.3125,285.6815431948814,60.072760345611655,311.96550863406804,252.65949136593196,-0.05157639450282936,0.0027561608300907814,0.031124733220692823,7.155567798814445,3.5185283015578146
2020-05-19,ADANIPORTS,EQ,293.3,299.8,320.9,297.35,319.7,319.2,311.11,10540356,327915878545000.0,123877.0,3223583,0.3058,284.7475,288.87377717632125,67.25102573666541,318.0854738436435,251.4095261563565,0.08830548926014314,-0.05157639450282936,0.03847568672789068,8.846530405808949,4.584128722408042
2020-05-20,ADANIPORTS,EQ,319.2,318.0,324.8,311.55,323.1,323.75,319.24,6985480,223005674340000.0,73140.0,2141452,0.3066,287.675,292.1953222071478,64.56820016142049,323.9399098194102,251.41009018058978,0.014254385964912242,0.08830548926014314,0.038440098363328824,10.433506460795456,5.754004270085525
2020-05-21,ADANIPORTS,EQ,323.75,319.4,322.15,315.4,317.15,317.15,318.18,4602568,146444825630000.0,57071.0,1772660,0.3851,289.9375,294.5719581874194,60.562280359234656,327.6747617058,252.2002382942,-0.020386100386100448,0.014254385964912242,0.03903396000974787,11.031467683809979,6.809496952830417
2020-05-22,ADANIPORTS,EQ,317.15,315.0,315.0,306.55,311.9,310.6,310.11,3428549,106323238640000.0,42340.0,891323,0.26,291.5875,296.09843836004615,69.95940460081191,329.93426785939783,253.24073214060212,-0.02065268800252229,-0.020386100386100448,0.04041805959956445,10.851733967552832,7.617944355774901
2020-05-26,ADANIPORTS,EQ,310.6,312.4,320.55,309.6,315.0,315.6,315.77,4031218,127292928150000.0,41459.0,1286783,0.3192,293.83500000000004,297.9557299448037,73.3126110124334,332.28373688979167,255.38626311020843,0.016097875080489432,-0.02065268800252229,0.04041399376351242,10.98611086829095,8.291577658278111
2020-05-27,ADANIPORTS,EQ,315.6,313.0,328.5,313.0,326.9,326.65,322.09,6352246,204600419170000.0,60255.0,2265820,0.3567,296.61,300.6885175691081,74.22813036020582,336.1605086799329,257.05949132006714,0.03501267427122934,0.016097875080489432,0.04118694179978453,11.847675552706448,9.00279723716378
2020-05-28,ADANIPORTS,EQ,326.65,329.5,334.15,327.45,331.5,331.8,330.51,5655407,186914188850000.0,54908.0,2207155,0.3903,299.5525,303.65151589585975,72.55707762557078,340.4259307601476,258.6790692398524,0.015766110515842646,0.03501267427122934,0.03751829045159131,12.798500584055205,9.761937906542066
2020-05-29,ADANIPORTS,EQ,331.8,330.0,330.0,322.05,327.0,323.8,324.02,12299544,398535803635000.0,73080.0,8624540,0.7012,301.36,305.57041914387315,66.86983021332172,343.2029595410888,259.51704045891125,-0.024110910186859513,0.015766110515842646,0.038755895931789804,12.759420473755199,10.361434419984693
2020-06-01,ADANIPORTS,EQ,323.8,326.0,336.35,326.0,329.55,329.35,332.52,2865760,95293508590000.0,65567.0,692811,0.2418,303.3225,307.83514113017094,67.12742980561555,346.5990461580253,260.04595384197467,0.017140210006176604,-0.024110910186859513,0.03890745236549185,13.026130695329243,10.894373675053604
2020-06-02,ADANIPORTS,EQ,329.35,330.2,341.65,325.8,340.0,339.95,336.42,4668325,157052838740000.0,91274.0,1163334,0.2492,307.00249999999994,310.8936991177737,69.45002007226013,349.55238991264474,264.45261008735514,0.03218460604220419,0.017140210006176604,0.03354613807995612,13.932229806872101,11.501944901417303
2020-06-03,ADANIPORTS,EQ,339.95,344.0,344.95,336.85,341.85,339.55,340.18,5177337,176121841690000.0,68953.0,2517942,0.4863,310.825,313.6228706303666,64.09897292250233,350.40043762432833,271.24956237567164,-0.0011766436240623346,0.03218460604220419,0.021807261605038916,14.451455836635034,12.09184708846085
2020-06-04,ADANIPORTS,EQ,339.55,341.0,342.9,337.6,340.1,339.2,339.88,4625619,157215406960000.0,71641.0,2547236,0.5507,314.2775,316.05878771318885,64.46009389671363,350.84556882915626,277.7094311708437,-0.0010307760270947819,-0.0011766436240623346,0.021732124992033443,14.665647673781109,12.606607205524904
2020-06-05,ADANIPORTS,EQ,339.2,340.1,347.15,337.2,342.0,341.15,343.16,2348630,80596538580000.0,42841.0,545477,0.2323,317.21500000000003,318.4484269785994,64.82342007434944,352.4142538796401,282.01574612035995,0.005748820754716943,-0.0010307760270947819,0.019844985550683536,14.821887458738502,13.049663256167625
2020-06-08,ADANIPORTS,EQ,341.15,343.1,347.65,340.95,342.25,343.3,343.89,2771175,95297310570000.0,42835.0,1225796,0.4422999999999999,320.1275,320.81524345682806,76.65245202558637,353.7237948301581,286.5312051698419,0.006302213102740817,0.005748820754716943,0.017258579036728228,14.946897119787877,13.429110028891676
2020-06-09,ADANIPORTS,EQ,343.3,344.5,351.35,341.3,346.05,346.05,346.59,3388265,117433253050000.0,37841.0,1349365,0.3982,322.945,323.2185536037968,69.00212314225055,355.2225936623329,290.6674063376671,0.008010486454995691,0.006302213102740817,0.017140235135283607,15.093877371381666,13.762063497389676
2020-06-10,ADANIPORTS,EQ,346.05,346.05,349.75,340.4,348.45,346.55,344.84,2324983,80174834495000.0,34849.0,437016,0.188,325.6975,325.44059611772093,67.11711711711713,356.01385783913764,295.38114216086234,0.0014448779078168883,0.008010486454995691,0.014672936378550983,15.076908880506323,14.025032574013006
2020-06-11,ADANIPORTS,EQ,346.55,348.0,348.0,336.8,339.9,338.65,341.36,4260956,145452514200000.0,42835.0,1752011,0.4112,327.1625,326.6986345826999,65.83210603829161,356.98033067754665,297.3446693224534,-0.022796133314096134,0.0014448779078168883,0.016749603664522595,14.2615984232051,14.072345743851425
2020-06-12,ADANIPORTS,EQ,338.65,330.65,347.8,327.7,346.85,345.3,336.73,3022904,101791200690000.0,36684.0,528390,0.1748,329.0075,328.47019319387135,75.51470588235291,358.5018219334641,299.5131780665359,0.01963679314926936,-0.022796133314096134,0.014711344487401235,13.990781416223172,14.056032878325777
2020-06-15,ADANIPORTS,EQ,345.3,346.5,346.85,336.85,340.0,339.75,341.23,2474153,84426737245000.0,29718.0,504531,0.2039,330.53249999999997,329.5444605087407,67.61487964989055,358.85629091113975,302.2087090888602,-0.016072980017376226,0.01963679314926936,0.015765334232552847,13.176428702305998,13.880112043121821
2020-06-16,ADANIPORTS,EQ,339.75,347.0,347.0,335.9,340.7,340.8,341.24,2686021,91657388610000.0,38327.0,699207,0.2603,332.90749999999997,330.6164166507654,62.083689154568745,355.464918548627,310.35008145137294,0.003090507726269287,-0.016072980017376226,0.012081353304586616,12.472005023854535,13.598490639268364
2020-06-17,ADANIPORTS,EQ,340.8,341.0,346.45,337.55,341.95,341.3,342.98,2458021,84306025995000.0,30813.0,844852,0.3437,334.0125,331.6339007792639,58.81261595547308,355.89782012196963,312.12717987803035,0.001467136150234749,0.003090507726269287,0.012073992020340296,11.817861058983965,13.242364723211486
2020-06-18,ADANIPORTS,EQ,341.3,340.35,345.5,335.15,344.4,343.8,340.18,2502231,85121320540000.0,39030.0,497626,0.1989,335.015,332.79257689552446,70.66115702479335,356.7573695023776,313.27263049762234,0.007324934075593426,0.001467136150234749,0.012238135824796388,11.370108823726639,12.867913543314517
2020-06-19,ADANIPORTS,EQ,343.8,344.4,354.9,341.5,350.0,348.9,350.32,6917610,242339917785000.0,66707.0,3258272,0.471,336.6025,334.3266171911888,70.38581856100097,357.47152703703847,315.73347296296157,0.014834205933682343,0.007324934075593426,0.012914136461517008,11.29656950751388,12.55364473615439
2020-06-22,ADANIPORTS,EQ,348.9,350.0,353.9,346.7,349.5,349.6,350.5,2515842,88180663185000.0,44862.0,502324,0.1997,338.5525,335.78122507774225,62.680683311432325,356.23661344738525,320.86838655261477,0.0020063055316710265,0.014834205933682343,0.012838333687106327,11.16605785512479,12.27612735994847
2020-06-23,ADANIPORTS,EQ,349.6,350.0,357.2,346.75,355.3,355.65,352.28,2715738,95670426070000.0,44860.0,353421,0.2801,340.55499999999995,337.6734893560525,68.42105263157887,356.2545776007198,324.8554223992801,0.017305491990846633,0.0020063055316710265,0.0136416717386529,11.419177696072097,12.104737427173195
2020-06-24,ADANIPORTS,EQ,355.65,355.35,360.0,349.6,352.2,351.85,355.39,2841354,100978674590000.0,43565.0,1130322,0.3978,341.815,339.0236332269046,63.41463414634149,356.8464792492276,326.78352075077237,-0.010684661886686264,0.017305491990846633,0.014301239373337512,11.18422397948018,11.920634737634593
2020-06-25,ADANIPORTS,EQ,351.85,349.8,351.5,342.2,345.5,344.0,346.14,5056963,175040165100000.0,53008.0,2467305,0.4879,342.425,339.49757291958036,52.68614514608861,356.71723197180006,328.13276802819996,-0.022310643740230285,-0.010684661886686264,0.014209707893779186,10.246477062156202,11.585803202538916
2020-06-26,ADANIPORTS,EQ,344.0,348.0,349.0,339.6,343.8,343.2,343.63,3979519,136748914934999.98,34835.0,1805050,0.4536,343.395,339.8501850224775,49.903288201160514,354.6822960725973,332.10770392740267,-0.0023255813953488857,-0.022310643740230285,0.012744125341709834,9.33118842821682,11.134880247674497
2020-06-29,ADANIPORTS,EQ,343.2,341.35,344.05,339.1,343.0,342.65,341.58,3263757,111481781434999.98,32309.0,1550398,0.475,344.06,340.11683406795584,46.56565656565653,353.23218908606145,334.88781091393855,-0.0016025641025640969,-0.0023255813953488857,0.011549556945968134,8.46386897509376,10.60067799315835
2020-06-30,ADANIPORTS,EQ,342.65,344.0,349.8,342.4,346.1,343.9,346.62,2828820,98051229470000.0,37742.0,1229174,0.4345,344.25750000000005,340.47713558529335,47.36318407960196,353.2248838817737,335.2901161182264,0.003648037355902467,-0.0016025641025640969,0.01156258799109171,7.78760593945492,10.038063582417664
2020-07-01,ADANIPORTS,EQ,343.9,345.9,347.05,341.3,344.45,343.8,344.36,1202080,41394716380000.0,16762.0,320499,0.2666,344.47,340.79359886288444,56.06595995288579,353.16497132339555,335.7750286766045,-0.00029078220412903644,0.003648037355902467,0.01156748912071692,7.161045373761283,9.462659940686388
2020-07-02,ADANIPORTS,EQ,343.8,346.0,349.6,344.9,347.05,346.8,347.1,1204040,41792812410000.0,17692.0,271518,0.2255,344.85,341.36563706641925,51.93298969072165,353.23394455579637,336.4660554442037,0.008726003490401313,-0.00029078220412903644,0.011663515769018801,6.827859228288901,8.93569979820689
2020-07-03,ADANIPORTS,EQ,346.8,350.2,366.8,348.65,361.1,360.4,361.91,9300948,336607307775000.0,118487.0,804122,0.0865,345.8125,343.1784335362841,72.03842049092852,356.50892709648633,335.11607290351367,0.039215686274509665,0.008726003490401313,0.016456444996558565,7.573905875245998,8.663341013614712
2020-07-06,ADANIPORTS,EQ,360.4,365.1,366.0,356.1,361.75,359.45,361.88,3360577,121612191450000.0,40192.0,604419,0.1798999999999999,346.62,344.7281065328285,69.94652406417114,358.84673515826853,334.3932648417315,-0.002635960044395036,0.039215686274509665,0.01656427302757387,7.996319563030113,8.529936723497793
2020-07-07,ADANIPORTS,EQ,359.45,361.0,361.0,344.25,346.75,345.95,348.58,4348443,151578490255000.0,80880.0,1362284,0.3132999999999999,346.615,344.8444773392258,53.891213389121326,358.84279835581367,334.38720164418635,-0.03755737932953118,-0.002635960044395036,0.019994883218822264,7.1592212322281625,8.255793625243868
2020-07-08,ADANIPORTS,EQ,345.95,349.0,349.65,339.3,340.3,340.6,342.09,3988479,136441991915000.02,52182.0,1412020,0.354,346.3175,344.4402414021567,47.44408945686901,358.8379790138279,333.7970209861721,-0.015464662523485995,-0.03755737932953118,0.02026542013016307,5.9950077681270955,7.803636453820514
2020-07-09,ADANIPORTS,EQ,340.6,341.0,346.5,340.0,344.55,343.15,342.95,3635224,124669229355000.0,36509.0,1033502,0.2843,346.54249999999996,344.31736126861796,45.21232306411323,358.6373129377374,334.4476870622625,0.0074867880211391125,-0.015464662523485995,0.01928739139446964,5.2179743387815165,7.286504030812715
2020-07-10,ADANIPORTS,EQ,343.15,341.0,342.7,332.25,335.5,334.95,334.65,3368457,112725525320000.0,39357.0,710945,0.2111,346.025,343.42523162398766,39.15618060695775,359.18264736605266,332.8673526339473,-0.02389625528194661,0.0074867880211391125,0.020719479283099623,3.8955923147782414,6.60832168760582
2020-07-13,ADANIPORTS,EQ,334.95,336.25,339.65,331.5,332.7,332.2,334.26,2187706,73126805635000.0,31252.0,780068,0.3566,345.64750000000004,342.3561619455126,31.750972762645873,359.94687337599936,331.3481266240007,-0.008210180623973717,-0.02389625528194661,0.020802190792324197,2.5957705886813756,5.805811467820932
2020-07-14,ADANIPORTS,EQ,332.2,332.7,333.5,319.7,319.9,320.4,324.19,3146962,102022243760000.0,42784.0,1419401,0.451,344.6275,340.26509890308284,28.235294117646987,362.77526990791046,326.47973009208954,-0.03552077062010839,-0.008210180623973717,0.023003780915459987,0.606499770928167,4.7659491284423785
2020-07-15,ADANIPORTS,EQ,320.4,320.55,324.5,312.9,314.8,315.15,319.49,3905269,124770678459999.98,38445.0,1925337,0.493,343.32,337.8731847218369,29.289303661162904,365.74194413841633,320.89805586158366,-0.01638576779026213,-0.03552077062010839,0.023059591294344033,-1.3777608386611178,3.5372071350216796
2020-07-16,ADANIPORTS,EQ,315.15,317.0,317.45,309.6,311.0,311.2,312.24,3122868,97507601800000.0,29815.0,1543513,0.4943,341.68999999999994,335.33288141499526,28.021978021977972,368.3115504313203,315.06844956867957,-0.012533714104394744,-0.01638576779026213,0.022269215682103636,-3.2317797112605717,2.1834097657652296
2020-07-17,ADANIPORTS,EQ,311.2,312.0,318.9,310.6,314.1,313.0,314.19,3264266,102559300475000.0,40107.0,1290345,0.3953,339.895,333.20594032785283,29.979743416610376,369.1778295296422,310.61217047035774,0.005784061696658238,-0.012533714104394744,0.015426015456451836,-4.503939458040691,0.8459399210040455
2020-07-20,ADANIPORTS,EQ,313.0,316.0,318.7,310.35,317.95,317.3,314.8,4328922,136273436540000.02,52748.0,1436285,0.3318,338.28,331.6910888680573,32.749675745784685,368.8439347149889,307.71606528501104,0.013738019169329041,0.005784061696658238,0.01748526905455215,-5.106298923944848,-0.3445078479857333
2020-07-21,ADANIPORTS,EQ,317.3,320.9,325.35,313.6,315.05,314.7,319.26,4264604,136150080450000.0,58381.0,973350,0.2282,336.23249999999996,330.0728899282423,31.72110552763816,367.3779529079458,305.0870470920541,-0.008194138039710142,0.013738019169329041,0.015061834858955516,-5.727448945106914,-1.4210960674099695
2020-07-22,ADANIPORTS,EQ,314.7,316.2,318.65,309.1,312.4,312.0,314.27,3068805,96444183980000.0,51867.0,846742,0.2759,334.23999999999995,328.35166231602875,28.058007566204253,366.26496723362527,302.21503276637463,-0.008579599618684375,-0.008194138039710142,0.01490628531031848,-6.364219486528896,-2.409720751233755
2020-07-23,ADANIPORTS,EQ,312.0,313.4,315.95,311.6,314.0,313.9,314.08,2831417,88930525970000.0,33682.0,773268,0.2731,332.735,326.975313524026,15.606508875739593,365.64556621238927,299.82443378761076,0.006089743589743568,-0.008579599618684375,0.014744104918036264,-6.639020116001632,-3.2555806241873304
2020-07-24,ADANIPORTS,EQ,313.9,313.9,313.95,305.35,309.0,309.4,308.72,2457671,75872223305000.0,34453.0,391520,0.1593,331.04499999999996,325.3014741407854,14.82782853127192,365.14279897201374,296.9472010279862,-0.014335775724753086,0.006089743589743568,0.01394253324369025,-7.137635764551476,-4.03199165226016
2020-07-27,ADANIPORTS,EQ,309.4,309.0,310.7,298.0,309.7,309.05,305.75,5465737,167117318550000.0,39366.0,2380661,0.4356,329.365,323.7537146988058,18.18965517241375,364.3545939417645,294.3754060582355,-0.0011312217194568985,-0.014335775724753086,0.014099058278087148,-7.474868699859201,-4.720567061779969
2020-07-28,ADANIPORTS,EQ,309.05,309.9,320.0,308.05,318.5,318.6,316.69,4973848,157515078855000.0,55198.0,1071079,0.2153,328.1,323.262884727491,32.315112540192914,362.7042437312186,293.49575626878146,0.030901148681443225,-0.0011312217194568985,0.014851598309222246,-6.892075487352599,-5.154868746894495
2020-07-29,ADANIPORTS,EQ,318.6,317.05,323.0,312.05,315.2,315.15,317.46,4000041,126983741845000.0,46866.0,715473,0.1789,326.66749999999996,322.4902290391585,27.812995245641844,360.9052949824784,292.42970501752154,-0.010828625235405065,0.030901148681443225,0.014282749445261016,-6.632142622997264,-5.450323522115049
2020-07-30,ADANIPORTS,EQ,315.15,317.85,321.75,310.1,312.25,312.5,315.96,2498355,78937674120000.0,33810.0,693193,0.2775,324.9525,321.53877865447674,30.495221546481332,358.37059272013767,291.5344072798623,-0.008408694272568518,-0.010828625235405065,0.013932903847727931,-6.564307556929691,-5.673120329077978
2020-07-31,ADANIPORTS,EQ,312.5,315.0,318.15,312.75,315.15,315.2,315.45,1945026,61355847865000.0,26265.0,249180,0.1281,322.6925,320.93508544928847,35.21739130434783,351.8602051945281,293.5247948054719,0.008639999999999981,-0.008408694272568518,0.01408164682314231,-6.220968886284993,-5.782690040519381
2020-08-03,ADANIPORTS,EQ,315.2,311.0,319.55,308.65,313.0,311.35,313.84,2408531,75590454610000.0,35461.0,392150,0.1628,320.2875,320.02222016840386,40.86781029263374,344.14207861819756,296.4329213818025,-0.012214467005076002,0.008639999999999981,0.013819066319481406,-6.188199627104268,-5.863791957836359
2020-08-04,ADANIPORTS,EQ,311.35,313.0,317.75,311.35,315.0,314.95,314.91,3182644,100224496925000.0,44577.0,361822,0.1137,318.7375,319.53915158093685,49.79123173277663,339.3839951785296,298.09100482147045,0.011562550184679443,-0.012214467005076002,0.014211040062948266,-5.804825425442971,-5.851998651357681
2020-08-05,ADANIPORTS,EQ,314.95,316.4,328.8,313.4,327.0,327.1,322.29,8387056,270305455340000.0,84896.0,1217221,0.1451,318.0625,320.2592323827524,64.17112299465245,336.4596930066919,299.6653069933081,0.03857755199237989,0.011562550184679443,0.018238647612569565,-4.469078396501061,-5.575414600386357
2020-08-06,ADANIPORTS,EQ,327.1,330.1,330.9,321.4,324.05,323.8,325.66,3282020,106880845470000.0,39724.0,740080,0.2255,317.09499999999997,320.5964483462998,59.375000000000014,331.5498990056079,302.640100994392,-0.010088657902782017,0.03857755199237989,0.018827953536781194,-3.6348711413869523,-5.187305908586476
2020-08-07,ADANIPORTS,EQ,323.8,323.9,328.35,321.55,326.45,326.65,325.34,2634956,85725505310000.0,32454.0,695890,0.2641,316.68,321.1729770752236,58.32591273374887,329.341894761312,304.018105238688,0.008801729462631247,-0.010088657902782017,0.017818997308376407,-2.712516498304524,-4.692348026530086
2020-08-10,ADANIPORTS,EQ,326.65,329.0,333.95,325.7,331.25,331.3,331.19,3187734,105576071695000.0,39656.0,1105860,0.3469,316.635,322.13745544901184,64.26116838487977,329.068998383008,304.20100161699196,0.014235420174498747,0.008801729462631247,0.01783840316282259,-1.5880219318062814,-4.071482807585325
2020-08-11,ADANIPORTS,EQ,331.3,333.5,336.75,330.7,334.95,335.0,333.9,3504783,117024337740000.02,48058.0,807009,0.2303,317.365,323.3624596919631,69.4256756756757,332.2102402437247,302.51975975627533,0.01116812556595237,0.014235420174498747,0.01590141753226346,-0.3937538591162024,-3.3359370178915007
2020-08-12,ADANIPORTS,EQ,335.0,336.0,347.75,331.75,341.3,341.2,342.48,10674205,365574328635000.0,110910.0,1940518,0.1818,318.6675,325.0612730546333,71.49606299212601,336.8830594276517,300.45194057234835,0.01850746268656711,0.01116812556595237,0.015322690312269445,1.0410003728674724,-2.460549539739706
2020-08-13,ADANIPORTS,EQ,341.2,343.55,348.95,341.75,348.3,347.65,346.15,2707033,93703160740000.0,52899.0,830938,0.307,320.48999999999995,327.21258038276346,79.22077922077925,342.4654552075282,298.5145447924717,0.018903868698710413,0.01850746268656711,0.014467775320367963,2.6677622312835183,-1.4348871855350613
2020-08-14,ADANIPORTS,EQ,347.65,353.75,353.75,343.65,348.8,348.1,349.12,3377000,117897173355000.0,43149.0,893344,0.2645,322.245,329.20185844154787,79.7864225781846,347.11723986271824,297.3727601372818,0.0012944052926795457,0.018903868698710413,0.01477340382385037,3.947786339942411,-0.3583524804395669
2020-08-17,ADANIPORTS,EQ,348.1,350.85,358.0,346.8,357.25,357.45,355.13,4508358,160106931455000.0,62052.0,1791128,0.3973,324.2525,331.8921576375909,79.72456006120886,353.53451307070225,294.97048692929775,0.026860097673082395,0.0012944052926795457,0.013318883267937842,5.651534159091796,0.8436248474667056
2020-08-18,ADANIPORTS,EQ,357.45,356.9,359.5,354.5,358.25,357.45,357.21,2151419,76851706450000.0,26121.0,640332,0.2976,326.39,334.3262378625823,84.16801292407114,358.8091885998517,293.97081140014825,0.0,0.026860097673082395,0.014034929043133854,6.9219743688630615,2.059294751745977
2020-08-19,ADANIPORTS,EQ,357.45,360.0,366.2,355.5,356.3,356.65,359.87,3269190,117648381220000.0,47238.0,570141,0.1744,328.6225,336.4523104470982,86.76103247293922,362.9619276229633,294.2830723770367,-0.002238075255280525,0.0,0.011401781144846895,7.774632944964537,3.2023623903896894
2020-08-20,ADANIPORTS,EQ,356.65,354.95,357.1,347.95,353.35,353.6,353.79,3533916,125026618830000.0,64231.0,1332906,0.3772,330.60749999999996,338.08542373785076,81.78807947019874,365.93901679374085,295.27598320625907,-0.008551801486050614,-0.002238075255280525,0.011126763165616546,8.110765641967589,4.184043040705269
2020-08-21,ADANIPORTS,EQ,353.6,357.9,359.35,353.0,353.15,354.35,355.7,1342269,47745026525000.0,24559.0,428889,0.3195,332.855,339.63443100091257,87.52181500872604,368.2249976935412,297.48500230645885,0.002121040723982004,-0.008551801486050614,0.011331863252260392,8.341516152246754,5.015537663013567
2020-08-24,ADANIPORTS,EQ,354.35,358.4,363.3,347.6,350.5,349.0,354.12,3489262,123562599200000.0,42490.0,530139,0.1519,334.8525,340.5263899532066,78.83149872988993,369.0550156815453,300.64998431845476,-0.015098066883025285,0.002121040723982004,0.013240474989637537,8.00046294916342,5.612522720243538
2020-08-25,ADANIPORTS,EQ,349.0,351.9,352.0,341.0,345.4,346.1,345.32,3532971,121998877665000.02,45969.0,819767,0.2319999999999999,336.22749999999996,341.05720995766313,69.07630522088355,369.88571202680066,302.56928797319927,-0.008309455587392489,-0.015098066883025285,0.013705262730480226,7.4107436253897845,5.972166901272788
2020-08-26,ADANIPORTS,EQ,346.1,346.35,366.9,346.35,352.8,354.25,359.39,11568961,415771550395000.0,119740.0,1906572,0.1648,338.1825,342.31366615217144,77.85910338517844,371.22240051914105,305.14259948085896,0.023548107483386316,-0.008309455587392489,0.014399817549420555,7.514402347499981,6.280613990518226
2020-08-27,ADANIPORTS,EQ,354.25,356.0,357.45,349.55,350.85,350.55,353.96,2996658,106069112315000.0,38053.0,1114640,0.372,340.085,343.0980788995837,71.53153153153158,371.22556586037234,308.9444341396276,-0.010444601270289344,0.023548107483386316,0.01397598297832332,7.214825536076376,6.467456299629856
2020-08-28,ADANIPORTS,EQ,350.55,355.0,363.0,348.5,359.55,360.05,356.19,5406554,192576337150000.0,61052.0,1416576,0.262,342.3275,344.7125475758138,73.81938690969349,372.3625755477125,312.2924244522875,0.027100271002709952,-0.010444601270289344,0.016250537583591556,7.6557288828403784,6.7051108162719615
2020-08-31,ADANIPORTS,EQ,360.05,365.0,378.35,352.0,353.55,355.75,367.22,19379274,711648024940000.0,200483.0,2963192,0.1529,344.5475,345.76373352097437,67.02214930270716,371.32923916366263,317.7657608363374,-0.01194278572420504,0.027100271002709952,0.014601529438569035,7.57090126126991,6.878268905271551
2020-09-01,ADANIPORTS,EQ,355.75,357.0,365.35,341.4,351.0,348.8,353.73,6726316,237931230820000.0,65666.0,1277383,0.1898999999999999,346.24,346.05290175707205,56.1588330632091,369.14379421564354,323.3362057843565,-0.01953619114546734,-0.01194278572420504,0.015802358817412036,6.863746842532123,6.875364492723666
2020-09-02,ADANIPORTS,EQ,348.8,352.95,363.5,344.1,360.1,359.9,355.8,5694675,202615298105000.0,66344.0,698568,0.1227,347.88,347.3716730183033,59.23134890730974,369.684089428094,326.075910571906,0.031823394495412716,-0.01953619114546734,0.019143347147848454,7.11695922850646,6.923683439880224
2020-09-03,ADANIPORTS,EQ,359.9,363.5,368.0,359.55,366.2,366.0,364.67,4286269,156306641505000.0,56888.0,849055,0.1981,349.98999999999995,349.14579939751246,62.430555555555564,370.082852879592,329.8971471204079,0.016949152542372836,0.031823394495412716,0.01941562276192648,7.720849739130131,7.083116699730207
2020-09-04,ADANIPORTS,EQ,366.0,363.4,363.4,351.1,354.2,353.0,357.2,7628188,272481690465000.0,81007.0,2395338,0.314,351.3075,349.5128661215589,47.05882352941177,368.14899871437154,334.46600128562847,-0.03551912568306015,0.016949152542372836,0.02304759695738312,7.0689594014235695,7.08028524006888
2020-09-07,ADANIPORTS,EQ,353.0,355.0,357.95,347.2,351.05,352.05,351.73,3344349,117631633090000.02,43113.0,476616,0.1425,352.34499999999997,349.75449791950564,46.47519582245432,366.3073139387823,338.38268606121767,-0.00269121813031159,-0.03551912568306015,0.022480041011990887,6.401877690668584,6.944603730188822
2020-09-08,ADANIPORTS,EQ,352.05,352.7,355.95,343.55,345.1,345.6,351.07,2339457,82131919045000.0,39983.0,235382,0.1006,352.875,349.3588314509813,43.28267477203649,364.7073597325681,341.0426402674319,-0.018321261184490845,-0.00269121813031159,0.023158269807937917,5.291749539043735,6.6140328919598055
2020-09-09,ADANIPORTS,EQ,345.6,344.4,346.3,335.35,344.75,343.85,341.33,3413215,116502153965000.02,46303.0,291451,0.0853999999999999,353.0075,348.8341808366021,43.977764051883874,364.3380955154896,341.6769044845104,-0.00506365740740744,-0.018321261184490845,0.0216577915529726,4.222085038038074,6.1356433211754595
2020-09-10,ADANIPORTS,EQ,343.85,346.0,348.95,336.6,340.85,341.6,343.55,3893126,133747572605000.0,68676.0,567642,0.1458,352.70500000000004,348.14521123311624,42.26804123711339,364.925900991802,340.4840990081981,-0.0065435509669914405,-0.00506365740740744,0.02153889418310492,3.1564266963608247,5.539799996212533
2020-09-11,ADANIPORTS,EQ,341.6,341.0,343.9,333.45,340.55,342.5,339.18,4656343,157934129425000.0,59984.0,483217,0.1038,352.425,347.6075720680576,45.83333333333332,365.32773328851636,339.52226671148367,0.002634660421545698,-0.0065435509669914405,0.01906651734223679,2.3573333893901918,4.903306674848065
2020-09-14,ADANIPORTS,EQ,342.5,345.0,353.6,343.45,351.5,351.65,349.42,4221864,147521215185000.0,61761.0,1094295,0.2592,352.135,347.99256520443305,53.29376854599404,364.82109267533633,339.44890732466365,0.0267153284671533,0.002634660421545698,0.02125550506447972,2.4343134663860155,4.409508033155655
2020-09-15,ADANIPORTS,EQ,351.65,355.1,356.8,351.0,351.7,352.65,353.6,2042343,72218064575000.0,34558.0,313441,0.1535,351.89500000000004,348.4361304230585,48.962386511024626,364.3369874871495,339.4530125128506,0.002843736669984276,0.0267153284671533,0.02023545603443752,2.5466561082899943,4.036937648182523
2020-09-16,ADANIPORTS,EQ,352.65,352.25,356.1,348.95,352.9,353.55,353.29,1998100,70590172220000.0,33098.0,315125,0.1577,351.74,348.92316562086245,52.01884253028263,364.0085991993624,339.47140080063764,0.002552105487027001,0.002843736669984276,0.017219053886510276,2.6774469974365616,3.7650395180333307
2020-09-17,ADANIPORTS,EQ,353.55,352.0,355.5,345.0,346.45,346.1,349.86,2433213,85127326685000.0,42562.0,673612,0.2768,351.365,348.6542927045898,40.346020761245676,363.85078560219875,338.87921439780126,-0.021071984160656143,0.002552105487027001,0.01685102631768253,2.1551042809851424,3.443052470623693
2020-09-18,ADANIPORTS,EQ,346.1,348.7,359.8,347.1,359.1,357.85,355.48,4963128,176429455315000.0,56741.0,1867503,0.3763,351.54,349.53007435177176,51.317440401505664,364.2971074100869,338.78289258991316,0.033949725512857576,-0.021071984160656143,0.01738684357831917,2.658623756346742,3.286166727768303
2020-09-21,ADANIPORTS,EQ,357.85,358.0,359.0,343.95,345.95,347.85,352.77,3086223,108874150945000.0,40089.0,656021,0.2126,351.48249999999996,349.3700672706506,49.425981873111795,364.2980446317874,338.66695536821254,-0.027944669554282542,0.033949725512857576,0.019738257161258477,2.225100567455172,3.073953495705677
2020-09-22,ADANIPORTS,EQ,347.85,347.85,348.35,327.15,331.65,332.3,333.76,4670215,155872359985000.0,58839.0,547361,0.1172,350.79249999999996,347.74434657820774,34.174311926605526,366.07652244515754,335.5084775548424,-0.04470317665660484,-0.027944669554282542,0.023677024415941238,0.6196325355036265,2.583089303665267
2020-09-23,ADANIPORTS,EQ,332.3,332.55,335.35,320.15,324.75,324.6,326.08,4281300,139606556145000.0,46563.0,1236961,0.2889,349.31000000000006,345.5401230945689,26.68918918918918,368.44796447403337,330.17203552596675,-0.023171832681312066,-0.04470317665660484,0.02447504422657542,-1.2595191423559413,1.8145676144610252
2020-09-24,ADANIPORTS,EQ,324.6,321.55,322.95,312.1,314.0,313.75,315.19,6857200,216129759860000.0,46293.0,3004974,0.4382,347.47,342.5124923236576,27.35141373341027,372.3275181891751,322.61248181082493,-0.033425754775107896,-0.023171832681312066,0.02603233740786684,-3.5829625464641026,0.7350615822759997
2020-09-25,ADANIPORTS,EQ,313.75,319.0,329.7,315.6,326.3,326.15,325.96,6282538,204786490375000.0,60879.0,871666,0.1387,345.775,340.95415972140455,36.7991845056065,371.62408631183644,319.9259136881635,0.03952191235059743,-0.033425754775107896,0.03003752788871759,-4.373318916674634,-0.28661451751412714
2020-09-28,ADANIPORTS,EQ,326.15,327.8,343.2,327.8,340.8,339.55,338.94,4249775,144040683950000.0,52122.0,476252,0.1121,344.96500000000003,340.8204302241279,47.12041884816754,370.51149218888537,319.4185078111147,0.04108539015790291,0.03952191235059743,0.03197654730196886,-3.873759731891653,-1.0040435603896323
2020-09-29,ADANIPORTS,EQ,339.55,343.4,346.4,336.9,340.0,341.0,341.29,3490719,119134015355000.0,36554.0,596592,0.1709,344.575,340.8375321075443,48.63961813842481,370.11313454010224,319.03686545989774,0.004270357826535065,0.04108539015790291,0.03200886254068928,-3.322552282481695,-1.4677453048080449
2020-09-30,ADANIPORTS,EQ,341.0,340.55,346.55,330.0,344.4,341.75,338.41,2757175,93305729825000.0,34225.0,434674,0.1577,343.6675,340.9244338115877,50.0726392251816,368.1820987654394,319.15290123456066,0.0021994134897360684,0.004270357826535065,0.032002388857774074,-2.7930016906935293,-1.7327965819851419
2020-10-01,ADANIPORTS,EQ,341.75,345.5,354.9,344.5,353.95,353.3,350.87,3004005,105402836410000.0,38850.0,373035,0.1242,343.0325,342.10305916286507,54.74100087796313,365.6997329005402,320.36526709945986,0.033796634967081296,0.0021994134897360684,0.03322637953588278,-1.4249150254385086,-1.6712202706758155
2020-10-05,ADANIPORTS,EQ,353.3,355.9,358.0,348.45,349.5,350.35,355.17,11896462,422521020470000.0,39836.0,9020635,0.7583,342.9,342.8884820997351,49.39647168059426,365.3518666437422,320.44813335625776,-0.00834984432493624,0.033796634967081296,0.03142986731584292,-0.572141540974485,-1.4514045247355494
2020-10-06,ADANIPORTS,EQ,350.35,356.0,364.5,354.85,362.45,362.9,361.25,7483578,270347090840000.0,87891.0,1330308,0.1778,343.4425,344.7943409473794,54.29769392033543,367.30527159971064,319.57972840028935,0.03582132153560713,-0.00834984432493624,0.031971228176532855,1.103645565554075,-0.9403945066776246
2020-10-07,ADANIPORTS,EQ,362.9,362.55,368.75,359.0,359.25,360.65,363.05,4024902,146125313635000.0,45291.0,825573,0.2051,344.195,346.30440371429563,52.94361525704808,369.2629896533817,319.1270103466183,-0.006200055111601044,0.03582132153560713,0.0273434556553047,2.224519844850761,-0.30741163637194757
2020-10-08,ADANIPORTS,EQ,360.65,359.8,362.8,356.35,359.85,359.75,359.87,3036028,109258846859999.98,30626.0,595121,0.196,344.99,347.5849366938865,55.9842174484875,371.0026204187797,318.9773795812203,-0.002495494246499308,-0.006200055111601044,0.025389765385803488,3.0055521737031654,0.355181125643075
2020-10-09,ADANIPORTS,EQ,359.75,361.0,362.45,355.15,357.0,357.2,357.98,1988867,71197501415000.0,29409.0,362335,0.1822,345.77,348.50065700875444,49.69003338102049,372.28530640371866,319.2546935962813,-0.0070882557331480855,-0.002495494246499308,0.021358899527405873,3.3798019792290006,0.9601052963602601
2020-10-12,ADANIPORTS,EQ,357.2,359.1,362.85,355.05,358.95,357.65,358.06,3626399,129845182680000.0,36938.0,1484883,0.4095,346.52750000000003,349.3720230079207,55.141657922350454,373.5109544821144,319.54404551788565,0.0012597984322508804,-0.0070882557331480855,0.019474900178914116,3.6703988128549554,1.5021639996591993
2020-10-13,ADANIPORTS,EQ,357.65,357.65,358.65,348.4,348.6,349.9,353.75,2413111,85363573440000.0,31110.0,872948,0.3618,346.44,349.42230653097585,60.05714285714284,373.3647997597778,319.5152002402222,-0.02166922969383478,0.0012597984322508804,0.018210865386476247,3.238012869822853,1.8493337736919302
2020-10-14,ADANIPORTS,EQ,349.9,349.1,351.2,344.7,350.9,348.95,347.8,2363439,82199849100000.0,23097.0,829185,0.3508,346.255,349.3773249565972,65.07739938080495,373.0506771847315,319.4593228152685,-0.0027150614461274314,-0.02166922969383478,0.01829707649624576,2.7865650469934167,2.0367800283522275
2020-10-15,ADANIPORTS,EQ,348.95,350.6,353.85,341.25,342.55,342.8,348.32,2855273,99453501775000.0,36155.0,1109178,0.3885,345.7175,348.7509130559689,69.09927679158451,372.32767365791017,319.1073263420898,-0.01762430147585603,-0.0027150614461274314,0.01937036314895829,1.910512592674138,2.0115265412166097
2020-10-16,ADANIPORTS,EQ,342.8,344.35,354.75,341.95,352.0,349.95,346.89,2635081,91408356120000.0,32443.0,950108,0.3606,345.90999999999997,348.8651118125433,66.8079096045198,372.5874416827347,319.2325583172652,0.020857642940490084,-0.01762430147585603,0.017208654966839893,1.7727448567525244,1.9637702043237928
2020-10-19,ADANIPORTS,EQ,349.95,352.6,352.6,344.8,346.7,347.55,347.45,2181975,75812483165000.0,29201.0,821454,0.3765,345.395,348.7398630684916,56.68896321070236,371.4933141217757,319.29668587822425,-0.006858122588941251,0.020857642940490084,0.017142472061306643,1.4531519598708087,1.861646555433196
2020-10-20,ADANIPORTS,EQ,347.55,346.7,352.3,345.65,349.0,348.95,348.31,1999765,69654485920000.01,27914.0,700933,0.3505,345.45,348.75987610958765,56.65271966527198,371.57472110148655,319.32527889851343,0.004028197381671594,-0.006858122588941251,0.011709827835399709,1.2978794399792264,1.7488931323424022
2020-10-21,ADANIPORTS,EQ,348.95,350.25,360.15,349.55,353.6,355.35,355.67,4398526,156444504125000.0,63592.0,1414671,0.3216,346.6025,349.3875069562936,60.39755351681961,372.31509111999657,320.8899088800035,0.01834073649519996,0.004028197381671594,0.013584245583658512,1.6719778424576361,1.733510074365449
2020-10-22,ADANIPORTS,EQ,355.35,350.55,364.05,350.15,357.9,358.35,359.81,4506437,162147934065000.0,59737.0,882299,0.1957999999999999,348.29,350.24107772236084,54.44151275285843,372.29588962819224,324.2841103718078,0.008442380751371825,0.01834073649519996,0.013922067363232258,2.185337242206174,1.823875507933594
2020-10-23,ADANIPORTS,EQ,358.35,360.0,369.0,357.65,363.05,364.35,365.85,6357073,232573783460000.0,65224.0,1082234,0.1702,350.82,351.5847846059455,61.68614357262106,369.59420963362317,332.0457903663768,0.016743407283382084,0.008442380751371825,0.014652049859703819,3.0412702506449705,2.0673544564758695
2020-10-26,ADANIPORTS,EQ,364.35,366.0,373.9,360.35,360.9,363.7,368.41,7541567,277840313805000.03,107856.0,1125597,0.1493,352.6975,352.7386146434745,50.83333333333335,368.33162175840647,337.0633782415935,-0.0017839989021546376,0.016743407283382084,0.014702523173758223,3.625362832747726,2.3789561317302406
2020-10-27,ADANIPORTS,EQ,363.7,360.2,366.2,351.0,363.05,364.4,358.14,5869581,210210387930000.0,60870.0,1342010,0.2286,353.94,353.84922277266736,54.03659849300324,369.11780928644214,338.76219071355786,0.0019246631839426875,-0.0017839989021546376,0.012202668318426516,4.097511005816898,2.722667106547572
2020-10-28,ADANIPORTS,EQ,364.4,363.0,370.0,352.0,353.0,353.65,361.96,3863941,139859452470000.0,47124.0,918691,0.2378,354.5725,353.83024917527047,44.58259325044403,368.48105378606317,340.6639462139368,-0.02950054884742037,0.0019246631839426875,0.01616875002195924,3.5631825259614516,2.890770190430348
2020-10-29,ADANIPORTS,EQ,353.65,350.55,350.55,341.15,342.5,342.7,345.39,3346474,115583435390000.02,41704.0,591791,0.1768,354.62,352.7702254442923,38.79443585780525,368.34950721693286,340.89049278306715,-0.03096281634384279,-0.02950054884742037,0.018324280411228102,2.230438759397032,2.758703904223685
2020-10-30,ADANIPORTS,EQ,342.7,345.2,362.7,343.2,358.0,359.85,357.09,12044260,430085838820000.0,100369.0,2503788,0.2079,354.9475,353.444489687693,51.35135135135139,368.8557510534997,341.03924894650027,0.05004377006127814,-0.03096281634384279,0.023567819726825173,2.528939355286525,2.712750994436253
2020-11-02,ADANIPORTS,EQ,359.85,360.0,362.7,351.2,357.65,356.9,357.8,9364431,335060201535000.0,143754.0,3592391,0.3836,355.275,353.7735859079128,54.5691906005222,369.0351063336931,341.5148936663069,-0.008197860219536057,0.05004377006127814,0.023634064530638436,2.4986598864787197,2.6699327728447466
2020-11-03,ADANIPORTS,EQ,356.9,362.0,362.65,347.2,352.55,353.65,352.36,7971473,280881275165000.0,146787.0,2659198,0.3336,354.8125,353.7618158214449,52.97845373891,368.1074485855905,341.5175514144095,-0.009106192210703301,-0.008197860219536057,0.02392801791956297,2.1872026401309768,2.573386746301993
2020-11-04,ADANIPORTS,EQ,353.65,367.65,369.5,349.6,361.55,361.1,358.45,17940352,643063449955000.0,135409.0,4389550,0.2447,354.835,354.4606905051168,61.40897755610972,368.17299874512935,341.4970012548706,0.021066025731655724,-0.009106192210703301,0.024154393036270684,2.5125600381192044,2.561221404665435
2020-11-05,ADANIPORTS,EQ,361.1,366.05,374.65,364.3,368.5,368.65,367.43,16920686,621719931830000.0,81951.0,9077164,0.5365,355.28000000000003,355.81205331415333,61.60049627791562,369.84579988584704,340.714200114153,0.02090833564109662,0.021066025731655724,0.024843313587837607,3.341115719869265,2.7172002677062013
2020-11-06,ADANIPORTS,EQ,368.65,368.65,375.9,365.8,371.05,371.1,370.47,7290106,270074255055000.03,56970.0,2404474,0.3298,355.975,357.26804823661496,64.60012399256043,372.16269838322023,339.7873016167798,0.006645870066458892,0.02090833564109662,0.024429533303245664,4.1476352344043335,3.003287261045828
2020-11-09,ADANIPORTS,EQ,371.1,375.0,376.0,366.0,366.95,367.05,368.53,7038841,259404996125000.0,49135.0,3523993,0.5006,356.445,358.19966269027066,60.864345738295306,373.36667404928704,339.52332595071294,-0.010913500404203802,0.006645870066458892,0.02475932563632031,4.409180321468455,3.2844658731303538
2020-11-10,ADANIPORTS,EQ,367.05,370.7,374.5,364.15,366.4,366.75,370.24,6850175,253622820025000.0,88296.0,2734127,0.3990999999999999,357.2875,359.0139805292925,57.383419689119144,374.5122641492917,340.06273585070835,-0.000817327339599494,-0.010913500404203802,0.024765477503511574,4.539915870348068,3.5355558725738967
2020-11-11,ADANIPORTS,EQ,366.75,366.75,372.45,365.25,371.75,371.6,370.12,4370366,161756958280000.0,56788.0,1498824,0.3429999999999999,358.42,360.2126490503123,58.3807716635041,376.30249364451385,340.5375063554862,0.01322426721199732,-0.000817327339599494,0.02251837941937002,4.977501660833866,3.8239450302258904
2020-11-12,ADANIPORTS,EQ,371.6,373.0,375.6,366.1,368.0,368.05,369.57,4759659,175904696230000.0,43387.0,1820911,0.3826,359.6825,360.959063426473,52.415143603133146,376.45243785880456,342.91256214119545,-0.009553283100107723,0.01322426721199732,0.019517053880764045,4.980424982031252,4.055241020586963
2020-11-13,ADANIPORTS,EQ,368.05,367.5,370.4,362.7,365.2,365.5,366.25,4156320,152226538210000.0,47689.0,1488345,0.3581,360.46000000000004,361.3915335763327,51.14649681528663,376.76549148692743,344.15450851307264,-0.006928406466512715,-0.009553283100107723,0.012834384560223363,4.722539550125646,4.1887007264947
2020-11-14,ADANIPORTS,EQ,365.5,369.0,369.0,363.0,364.5,366.1,367.03,444529,16315422155000.002,8224.0,213517,0.4803,361.3875,361.8399589500153,51.08418367346941,376.6798398436409,346.0951601563591,0.0016415868673052003,-0.006928406466512715,0.012365587141620431,4.514537692648332,4.253868119725427
2020-11-17,ADANIPORTS,EQ,366.1,368.5,386.75,366.25,378.4,379.65,376.87,11192618,421812227190000.0,108529.0,3818822,0.3412,362.9225,363.5361533357281,66.00985221674873,379.09601555048584,346.7489844495142,0.03701174542474717,0.0016415868673052003,0.015666924717662695,5.381037232315407,4.479301942243423
2020-11-18,ADANIPORTS,EQ,379.65,382.0,395.2,382.0,391.9,391.1,390.19,15514329,605360431225000.0,159514.0,4974645,0.3206,364.71,366.1612815894683,79.62056303549566,384.79006605144025,344.6299339485597,0.030159357302778966,0.03701174542474717,0.016783425789042447,6.911986589805963,4.965838871755931
2020-11-19,ADANIPORTS,EQ,391.1,390.0,392.7,379.6,381.4,381.9,387.28,6894431,267004835200000.0,71682.0,1824439,0.2646,365.8875,367.6602071523761,64.9491525423728,387.12579398933815,344.6492060106618,-0.02352339555101013,0.030159357302778966,0.018788539692348113,7.298776125277982,5.4324263224603415
2020-11-20,ADANIPORTS,EQ,381.9,381.0,382.65,373.0,375.95,375.85,377.05,5562369,209729571960000.0,90980.0,1373561,0.2469,366.4625,368.4401874235784,62.329212752114515,388.1436068613999,344.78139313860004,-0.01584184341450634,-0.02352339555101013,0.01971880102639958,7.036018341100487,5.753144726188371
2020-11-23,ADANIPORTS,EQ,375.85,375.85,379.35,370.3,375.4,375.15,374.66,4065424,152315712095000.0,49565.0,1050441,0.2584,367.035,369.07921719276135,64.46837146702555,389.01164070873205,345.058359291268,-0.0018624451243848261,-0.01584184341450634,0.01929155794413763,6.694130979239446,5.9413419767985856
2020-11-24,ADANIPORTS,EQ,375.15,378.0,402.0,376.0,391.9,392.25,395.17,19485370,770002544480000.0,200786.0,2329051,0.1195,368.4275,371.28595841249836,68.55270994639662,393.0688959575227,343.7861040424773,0.04558176729308272,-0.0018624451243848261,0.023553836303893943,7.71408668172171,6.29589091778321
2020-11-25,ADANIPORTS,EQ,392.25,396.3,404.7,384.4,397.9,398.95,395.9,18238080,722051904875000.0,186507.0,3695655,0.2026,370.6925,373.9206290398795,68.2310469314079,397.81730463181873,343.56769536818126,0.017080943275971983,0.04558176729308272,0.02369837144627712,8.959760389572807,6.82866481214113
2020-11-26,ADANIPORTS,EQ,398.95,400.8,413.0,395.65,410.45,410.15,404.31,12856261,519789224895000.0,141046.0,2513675,0.1955,374.065,377.37104532179575,71.25748502994006,403.23122235247973,344.89877764752026,0.028073693445293868,0.017080943275971983,0.0236987690310376,10.727057335728773,7.60834331685866
2020-11-27,ADANIPORTS,EQ,410.15,411.0,416.0,408.2,412.0,411.55,411.67,10593353,436099270860000.06,103550.0,4012544,0.3788,376.65,380.62618386257714,74.94394618834076,409.4495186100512,343.85048138994875,0.003413385346824338,0.028073693445293868,0.02303918726971514,12.101126939289998,8.506900041344927
2020-12-01,ADANIPORTS,EQ,411.55,415.0,426.0,412.0,423.9,423.8,420.33,9170159,385450853260000.0,100625.0,2295655,0.2503,379.995,384.73797587566503,78.20069204152246,417.6062231290286,342.3837768709714,0.029765520592880623,0.003413385346824338,0.0233254770911339,14.016980595193615,9.608916152114666
2020-12-02,ADANIPORTS,EQ,423.8,424.9,442.0,420.35,437.5,438.2,433.96,13049398,566290595715000.0,140237.0,3050076,0.2337,384.22249999999997,389.8295972208398,80.08130081300808,427.88555767192116,340.5594423280788,0.03397829164700328,0.029765520592880623,0.023024995255678908,16.506985817395048,10.988530085170744
2020-12-03,ADANIPORTS,EQ,438.2,442.0,444.5,433.05,435.85,435.8,439.93,10810399,475582565000000.0,97802.0,3437310,0.318,387.95750000000004,394.20773081885505,80.92195344591508,435.865924432215,340.04907556778505,-0.005476951163852051,0.03397829164700328,0.023121013358538445,18.07827781977636,12.406479632091868
2020-12-04,ADANIPORTS,EQ,435.8,439.7,458.3,439.0,457.0,453.7,446.64,10271034,458743446195000.0,104783.0,1627912,0.1585,392.21,399.87366121705935,85.30824659727782,447.4413850517538,336.97861494824616,0.041073887104176254,-0.005476951163852051,0.02132073451421408,20.53124702027702,14.0314331097289
2020-12-07,ADANIPORTS,EQ,453.7,461.0,474.9,459.0,470.0,471.5,469.18,16140936,757305347015000.0,154105.0,1509290,0.0935,397.23,406.69521729162517,87.0865587614356,461.8375879525836,332.62241204741645,0.03923297333039466,0.041073887104176254,0.01867804130118377,23.639057681406882,15.952958024064497
2020-12-08,ADANIPORTS,EQ,471.5,472.7,474.7,457.55,463.5,463.35,463.51,9218366,427277663455000.0,105341.0,2356232,0.2556,402.045,412.090910882899,80.61448427212875,471.36425304057593,332.7257469594241,-0.01728525980911977,0.03923297333039466,0.021404707976866735,25.154418653159325,17.793250149883463
2020-12-09,ADANIPORTS,EQ,463.35,467.65,469.9,458.15,465.05,463.9,464.92,5811412,270185555115000.0,67073.0,1003390,0.1727,406.90250000000003,417.0251098464324,78.93481717011127,479.35270413322127,334.4522958667788,0.0011870076615947411,-0.01728525980911977,0.020447606748847477,26.098881879994906,19.454376495905752
2020-12-10,ADANIPORTS,EQ,463.9,463.9,474.1,457.0,471.8,471.0,465.89,4785102,222930946910000.0,52741.0,862937,0.1803,411.87250000000006,422.16557557534355,86.0145513338723,487.68543789736407,336.05956210263605,0.015305022634188425,0.0011870076615947411,0.020455543216226366,27.107804557658085,20.98506210825622
2020-12-11,ADANIPORTS,EQ,471.0,471.75,475.0,462.7,465.0,466.3,467.96,4922448,230349564295000.0,52997.0,555702,0.1129,416.78499999999997,426.36885409197754,86.96362893338782,493.3705496882444,340.1994503117555,-0.00997876857749469,0.015305022634188425,0.02165568277569031,27.214421418418056,22.230933970288586
2020-12-14,ADANIPORTS,EQ,466.3,468.6,472.45,463.1,466.9,467.0,467.52,5943652,277877560425000.0,69266.0,1048729,0.1764,421.85999999999996,430.2384870355987,87.53575807110752,497.5834275088104,346.1365724911895,0.0015011794981771853,-0.00997876857749469,0.02175912609370022,27.043657746153997,23.19347872546167
2020-12-15,ADANIPORTS,EQ,467.0,469.5,479.65,461.45,475.3,475.75,474.34,10973876,520536129125000.0,128683.0,1723295,0.157,427.34250000000003,434.5729168417322,86.62280701754389,501.93680819966943,352.74819180033063,0.01873661670235549,0.0015011794981771853,0.021079903252589096,27.299684410378404,24.014719862445016
2020-12-16,ADANIPORTS,EQ,475.75,480.0,480.45,473.15,476.0,475.55,476.32,5452263,259701828335000.0,70859.0,1329344,0.2438,432.1375,438.47549619013864,85.62790697674423,506.1503358355413,358.1246641644587,-0.0004203888596951977,0.01873661670235549,0.019833418186624593,27.17321317111964,24.646418524179943
2020-12-17,ADANIPORTS,EQ,475.55,478.0,478.8,465.55,468.75,467.75,470.81,6757703,318158781530000.0,102164.0,2083588,0.3082999999999999,435.96999999999997,441.2635441720302,77.66570605187323,508.9666646678412,362.97333533215874,-0.016402060771738003,-0.0004203888596951977,0.020951384212693092,26.142237548667765,24.945582329077507
2020-12-18,ADANIPORTS,EQ,467.75,467.75,472.95,458.5,462.0,463.3,464.49,5980780,277803792780000.03,70891.0,1889805,0.316,440.03999999999996,443.3622542508845,74.14839010732621,509.3258351134346,370.7541648865653,-0.009513629075360797,-0.016402060771738003,0.01775216335987808,24.681590123115257,24.89278388788506
2020-12-21,ADANIPORTS,EQ,463.3,459.0,467.0,427.2,441.4,444.25,457.25,8223842,376032939910000.0,89880.0,1707971,0.2077,443.4599999999999,443.44680146508597,58.97323387450636,505.81035643335167,381.1096435666482,-0.04111806604791712,-0.009513629075360797,0.017325213042608114,21.73627843502578,24.261482797313203
2020-12-22,ADANIPORTS,EQ,444.25,444.25,470.5,435.0,468.9,468.65,454.42,9462053,429977617755000.0,113590.0,1289377,0.1363,448.13499999999993,445.8471060874587,62.283178701089156,502.4190686137349,393.85093138626496,0.054924029262802376,-0.04111806604791712,0.025244090971616947,21.127429922305794,23.63467222231172
2020-12-23,ADANIPORTS,EQ,468.65,467.15,476.7,462.5,470.0,470.75,471.51,7943560,374550347235000.0,94713.0,1311136,0.1651,452.05999999999995,448.2188102696055,64.13263243024667,500.35144633857175,403.76855366142814,0.004480955937266717,0.054924029262802376,0.02526216653084894,20.57716479214281,23.02317073627794
2020-12-24,ADANIPORTS,EQ,470.75,474.9,482.9,466.0,477.45,478.55,475.4,7679078,365063731960000.0,95603.0,951519,0.1239,456.0400000000001,451.1074950058336,60.94231616028183,498.69292733827007,413.3870726617301,0.01656930430164638,0.004480955937266717,0.025340575841568593,20.533770005922236,22.5252905902068
2020-12-28,ADANIPORTS,EQ,478.55,480.0,492.95,480.0,484.0,483.55,487.06,8372924,407808552590000.0,85170.0,592608,0.0708,459.7099999999999,454.1972573862304,55.980148883374696,498.1618098950869,421.25819010491296,0.010448229025180167,0.01656930430164638,0.025100788120379025,20.664628563659107,22.153158184897265
2020-12-29,ADANIPORTS,EQ,483.55,485.0,489.85,478.2,482.25,483.4,484.5,5866837,284246301735000.0,71303.0,834236,0.1422,463.30249999999995,456.97847096849415,60.8086253369272,495.76878169910674,430.83621830089317,-0.00031020576982743187,0.010448229025180167,0.02512671033469521,20.519692920134958,21.826465131944804
2020-12-30,ADANIPORTS,EQ,483.4,484.0,487.6,478.15,484.75,485.4,483.05,3736356,180483448980000.0,53291.0,330789,0.0885,466.38250000000005,459.685283257209,61.41188959660297,494.46098539545113,438.30401460454897,0.004137360364087739,-0.00031020576982743187,0.02457662502027551,20.33184085845494,21.527540277246832
2020-12-31,ADANIPORTS,EQ,485.4,485.4,490.8,480.25,480.75,483.75,486.21,4386328,213265913305000.0,62456.0,833821,0.1901,468.66,461.9771610422367,57.18309859154929,494.4058959426936,442.9141040573065,-0.0033992583436340817,0.004137360364087739,0.024630979412571027,19.821337495503883,21.186299720898244
2021-01-01,ADANIPORTS,EQ,483.75,485.0,508.0,482.55,505.0,503.85,495.57,7815730,387323442590000.0,79171.0,834159,0.1067,472.0625,465.96505046678556,68.02688430148824,497.50824982600733,446.61675017399267,0.04155038759689922,-0.0033992583436340817,0.02656656216198147,20.79890508868465,21.108820794455525
2021-01-04,ADANIPORTS,EQ,503.85,507.0,510.9,495.2,498.1,498.9,501.35,9998803,501294873845000.0,88263.0,1356432,0.1357,474.32250000000005,469.1017123270917,64.71402214022137,500.9049531559198,447.74004684408027,-0.009824352485859,0.04155038759689922,0.026589204306936707,20.932909270365485,21.073638489637517
2021-01-05,ADANIPORTS,EQ,498.9,498.9,504.5,492.0,498.75,499.45,499.14,5135408,256329499360000.0,57609.0,673387,0.1311,475.71999999999997,471.99202543879727,61.826347305389206,504.52366204782993,446.91633795217,0.001102425335738566,-0.009824352485859,0.020658785761912248,20.843221272874814,21.027555046284977
2021-01-06,ADANIPORTS,EQ,499.45,501.8,504.95,489.5,495.0,496.8,499.09,5203982,259723289980000.03,55841.0,811974,0.156,477.39250000000004,474.3546896827213,60.350706283487575,507.0439715175327,447.74102848246736,-0.005305836420061993,0.001102425335738566,0.014649446770040209,20.32402730022119,20.88684949707222
2021-01-07,ADANIPORTS,EQ,496.8,500.1,520.9,499.5,513.45,513.85,512.28,10295126,527398685440000.0,116095.0,1591603,0.1546,479.89,478.11614780817644,70.59874888293118,512.9723470178228,446.80765298217716,0.03431964573268931,-0.005305836420061993,0.01714449986755906,21.04575250910824,20.918630099479422
2021-01-08,ADANIPORTS,EQ,513.85,520.0,527.35,514.5,516.25,517.0,521.14,7272250,378984902445000.0,105599.0,1519864,0.209,482.18999999999994,481.8193718264454,74.2766726943942,518.8704637518356,445.5095362481643,0.006130193636275205,0.03431964573268931,0.01694422760475165,21.62265114844587,21.059434309272714
2021-01-11,ADANIPORTS,EQ,517.0,520.45,522.5,504.0,506.95,508.35,509.17,7156036,364362109435000.0,112381.0,2185106,0.3054,484.2925,484.34609831916487,81.98602794411178,521.9456577622748,446.63934223772526,-0.01673114119922625,0.006130193636275205,0.018587529924404832,21.138196792958865,21.075186806009945
2021-01-12,ADANIPORTS,EQ,508.35,507.0,520.65,502.55,510.7,511.25,514.38,6751375,347277554495000.0,94103.0,1853257,0.2745,486.505,486.9083746697206,77.06480304955528,525.0690533466511,447.9409466533489,0.005704730992426521,-0.01673114119922625,0.01848764988238808,20.74908643703077,21.00996673221411
2021-01-13,ADANIPORTS,EQ,511.25,515.9,540.0,514.6,533.9,536.65,527.18,11045555,582294849745000.0,118708.0,1830448,0.1657,489.55,491.6456723202234,82.30392156862744,533.7446531654911,445.35534683450896,0.04968215158924205,0.005704730992426521,0.02308068422185764,22.233981896779085,21.254769765127104
2021-01-14,ADANIPORTS,EQ,536.65,537.95,542.45,530.1,534.55,536.95,536.54,6066782,325506678405000.0,73956.0,921742,0.1519,492.62,495.96037019448784,80.8994708994709,541.047497625964,444.19250237403605,0.000559023572160644,0.04968215158924205,0.022852013656630185,23.167914443342283,21.63739870077014
2021-01-15,ADANIPORTS,EQ,536.95,536.8,541.0,524.0,528.0,527.95,531.23,5427713,288333825460000.0,72798.0,968451,0.1784,495.63,499.00700160453664,72.53807106598985,545.022726931008,446.23727306899195,-0.016761337182232938,0.000559023572160644,0.02151089433379563,22.917657442007453,21.893450449017603
2021-01-18,ADANIPORTS,EQ,527.95,531.0,532.3,503.8,511.1,515.5,517.81,6258367,324066890945000.0,83239.0,1429229,0.2284,498.24000000000007,500.5777633564855,64.485559566787,545.9267917274799,450.55320827252024,-0.023581778577516865,-0.016761337182232938,0.022948258473787682,21.467254863275002,21.808211331869085
2021-01-19,ADANIPORTS,EQ,515.5,516.0,535.0,516.0,533.0,532.8,527.84,6694907,353386046595000.0,82187.0,1584395,0.2367,502.6675,503.64654779872495,68.79460745440126,545.4375371632314,459.8974628367687,0.03355965082444223,-0.023581778577516865,0.024790956469641016,21.4663154655413,21.739832158603527
2021-01-20,ADANIPORTS,EQ,532.8,529.0,562.5,529.0,556.25,558.6,550.15,14440729,794458514415000.0,159124.0,3532669,0.2446,507.1650000000001,508.8802099131321,74.90848585690514,553.6312084348676,460.6987915651326,0.04842342342342354,0.03355965082444223,0.027554314445947654,23.27906875260993,22.04767947740481
2021-01-21,ADANIPORTS,EQ,558.6,561.85,561.85,542.65,549.75,547.65,551.88,8870257,489530650745000.0,117414.0,2225834,0.2509,511.01000000000005,512.5725708737862,65.52090715804391,557.5153884823194,464.50461151768064,-0.0196025778732547,0.04842342342342354,0.02800203744480983,23.56052424814675,22.350248431553197
2021-01-22,ADANIPORTS,EQ,547.65,549.5,557.5,531.7,535.0,535.8,545.45,6843849,373300881295000.0,86849.0,879819,0.1286,513.8725,514.7847069810447,62.466216216216196,558.9924159549986,468.7525840450013,-0.021637907422623948,-0.0196025778732547,0.029410421150871897,22.567242664899027,22.393647278222364
2021-01-25,ADANIPORTS,EQ,535.8,543.0,547.45,522.0,523.4,523.65,532.01,5816153,309424249010000.0,75883.0,740651,0.1273,515.8775,515.6290206018975,57.58145363408521,558.8360537710699,472.91894622893017,-0.02267637178051507,-0.021637907422623948,0.029930681361912657,20.56262327443534,22.02744247746496
2021-01-27,ADANIPORTS,EQ,523.65,528.25,536.0,512.5,516.65,518.85,523.59,8920054,467041192670000.0,105470.0,2047910,0.2296,517.65,515.935780544574,56.816074188562595,557.799824670218,477.50017532978194,-0.009166427957605139,-0.02267637178051507,0.030170100951270803,18.374814654847683,21.296916912941505
2021-01-28,ADANIPORTS,EQ,518.85,515.7,527.95,507.05,520.3,519.1,519.12,5707393,296280775010000.0,72088.0,936612,0.1641,519.3349999999999,516.2371347784241,51.81096929975853,556.5040179414715,482.16598205852836,0.0004818348270212436,-0.009166427957605139,0.02509301763277548,16.47126300525798,20.3317861314048
2021-01-29,ADANIPORTS,EQ,519.1,527.55,533.1,507.1,510.0,509.7,520.22,6781488,352787664840000.0,81398.0,1734454,0.2557999999999999,520.6324999999999,515.6145505138122,47.585978835978835,554.2093290248647,487.05567097513523,-0.01810826430360246,0.0004818348270212436,0.02548677095918723,14.042312134436997,19.07389133201124
2021-02-01,ADANIPORTS,EQ,509.7,514.3,545.45,500.1,543.8,542.75,521.81,10259084,535325491715000.0,144291.0,2226831,0.2171,522.5775000000001,518.1988790363063,59.79498861047835,556.5652295969362,488.589770403064,0.06484206395919179,-0.01810826430360246,0.03317407047818422,14.615728835253037,18.1822588326596
2021-02-02,ADANIPORTS,EQ,542.75,548.7,554.85,540.0,553.3,550.8,547.68,7160471,392165969050000.0,72629.0,1459412,0.2037999999999999,525.1724999999999,521.3037476995152,60.940525587828475,559.4722387591199,490.8727612408798,0.014831874712114113,0.06484206395919179,0.03192186065091078,15.540591163980707,17.65392529892382
2021-02-03,ADANIPORTS,EQ,550.8,549.55,562.3,542.0,560.0,560.1,555.66,7462289,414651332530000.0,73872.0,2114489,0.2834,528.205,524.9986288709899,57.12116610993016,563.6350036394468,492.77499636055325,0.01688453159041403,0.014831874712114113,0.030801675463496173,16.82997798946269,17.489135837031593
2021-02-04,ADANIPORTS,EQ,560.1,557.9,573.4,554.05,568.7,568.4,565.59,6850462,387455003600000.0,76877.0,1712730,0.25,531.785,529.1320927880386,59.108022009846486,568.306487546758,495.2635124532419,0.01481878236029277,0.01688453159041403,0.027213741436800474,18.310494983906324,17.65340766640654
2021-02-05,ADANIPORTS,EQ,568.4,571.0,573.95,561.65,567.6,566.95,568.7,5586868,317723723250000.0,65457.0,1627931,0.2914,534.44,532.7337982367968,61.811023622047244,573.1278819596357,495.7521180403644,-0.0025510204081631294,0.01481878236029277,0.02622123365348266,19.146108070904575,17.95194774730615
2021-02-08,ADANIPORTS,EQ,566.95,572.15,594.0,571.1,583.3,582.05,583.52,8887710,518613338780000.0,118318.0,1676333,0.1886,537.6925,537.4305793571018,69.8360655737705,580.8825485004361,494.50245149956385,0.02663374195255308,-0.0025510204081631294,0.02545577257592769,20.78715982771621,18.518990163388164
2021-02-09,ADANIPORTS,EQ,582.05,589.65,589.8,573.2,582.2,581.95,581.89,10917915,635307836325000.0,110355.0,2560778,0.2345,541.3725000000001,541.670524180235,66.32348057123883,586.5329213652955,496.21207863470465,-0.00017180654582926724,0.02663374195255308,0.023285895792632447,21.82801622034401,19.180795374779336
2021-02-10,ADANIPORTS,EQ,581.95,584.75,587.0,550.5,578.4,576.85,567.22,19987392,1133729338570000.0,202060.0,3957004,0.198,544.6525,545.0209504487841,57.027339237581835,590.1290928802528,499.1759071197473,-0.008763639487928576,-0.00017180654582926724,0.023247743272828084,21.987912069606864,19.742218713744844
2021-02-11,ADANIPORTS,EQ,576.85,576.85,593.7,576.3,590.25,591.85,585.92,10595917,620831090815000.0,98093.0,3353440,0.3165,547.4125,549.4808599298523,66.50485436893209,597.3277637239131,497.4972362760869,0.026003293750541667,-0.008763639487928576,0.023378706051285704,23.05919329544406,20.405613630084687
2021-02-12,ADANIPORTS,EQ,591.85,592.3,621.65,586.1,611.75,616.6,606.51,24953701,1513467738895000.0,253089.0,2468385,0.0989,551.395,555.873158984152,77.52043596730253,609.7857427774424,493.00425722255767,0.04181802821660896,0.026003293750541667,0.02203468003553509,25.610092337960964,21.446509371659943
2021-02-15,ADANIPORTS,EQ,616.6,617.95,639.9,610.8,625.8,627.75,627.65,15146033,950646237865000.0,184606.0,2272380,0.15,556.385,562.7185724142328,85.69958847736633,622.8402726512652,489.92972734873473,0.018083036003892383,0.04181802821660896,0.015242816118770814,28.20626574918697,22.79846064716535
2021-02-16,ADANIPORTS,EQ,627.75,629.8,643.5,628.05,637.4,636.55,637.44,15120148,963812511115000.0,241095.0,3202959,0.2118,562.4375,569.7501369462105,89.28571428571433,634.9845872497103,489.89041275028967,0.01401831939466347,0.018083036003892383,0.015244553059348721,30.620860122663885,24.362940542265058
2021-02-17,ADANIPORTS,EQ,636.55,658.0,670.0,646.9,654.0,655.75,658.2,34868085,2295018949075000.0,469652.0,6455210,0.1851,568.585,577.9406000941905,90.48888888888894,650.7563684288491,486.41363157115103,0.03016259523996556,0.01401831939466347,0.016016861508254397,33.695304601910266,26.2294133541941
2021-02-18,ADANIPORTS,EQ,655.75,660.8,670.0,649.05,664.2,664.05,659.78,13189027,870189151510000.0,161477.0,1913820,0.1451,573.8575,586.1414953233152,96.03340292275581,666.2303330704952,481.4846669295047,0.012657262676324832,0.03016259523996556,0.016049203041850327,36.382173585913506,28.259965400537986
2021-02-19,ADANIPORTS,EQ,664.05,664.95,676.65,628.65,655.0,653.5,658.84,17553743,1156502239650000.0,219949.0,2021274,0.1151,579.15,592.556591006809,88.15018945918025,677.1579481202043,481.1420518797956,-0.015887357879677655,0.012657262676324832,0.018158075246978298,37.23106326185996,30.054184972802382
2021-02-22,ADANIPORTS,EQ,653.5,658.8,678.5,649.0,672.0,673.8,665.66,16739107,1114249564105000.0,200480.0,2307008,0.1378,586.05,600.29405852997,89.07242693773834,690.4314865617358,481.6685134382641,0.031063504208110215,-0.015887357879677655,0.01853823846958509,39.09123536396214,31.861595051034335
2021-02-23,ADANIPORTS,EQ,673.8,680.0,682.7,659.25,662.0,662.0,668.7,11247164,752094082150000.0,160718.0,1350422,0.1201,592.9675,606.170814860449,81.86366479049414,698.2702778660727,487.6647221339273,-0.017512615019293465,0.031063504208110215,0.02078002867137555,39.16184045405396,33.321644131638266
2021-02-24,ADANIPORTS,EQ,662.0,666.7,671.0,653.4,666.4,665.2,665.04,3919187,260639918580000.03,57372.0,707214,0.1804,600.2850000000001,611.7926420165967,81.26614987080114,704.2327809185474,496.33721908145276,0.004833836858006091,-0.017512615019293465,0.019596940894817862,39.02613970749849,34.46254324681031
2021-02-25,ADANIPORTS,EQ,665.2,669.4,711.35,667.15,705.0,704.3,695.14,18596690,1292722154930000.0,226639.0,2949431,0.1586,609.545,620.6028665864446,85.6845934008834,716.0073328496277,503.08266715037223,0.058779314491882007,0.004833836858006091,0.023980764020416042,41.59416744501209,35.88886808645067
2021-02-26,ADANIPORTS,EQ,704.3,697.1,703.45,668.0,668.25,675.9,686.34,19909990,1366511384735000.0,220978.0,3346842,0.1681,617.8549999999999,625.8692602448784,72.80680437424063,717.21126963501,518.4987303649898,-0.04032372568507736,0.058779314491882007,0.028485337417128293,40.866620316909916,36.884418532542526
2021-03-01,ADANIPORTS,EQ,675.9,684.6,704.65,673.3,697.6,692.9,688.54,11600468,798742158295000.0,179958.0,2350242,0.2026,625.3625,632.2531402215567,74.91578710981362,723.5075745472741,527.2174254527258,0.025151649652315422,-0.04032372568507736,0.028805484229773564,41.187013645982006,37.74493755523042
2021-03-02,ADANIPORTS,EQ,692.9,697.6,724.7,696.0,721.25,720.5,708.76,11486477,814115836805000.0,170602.0,1582541,0.1378,633.8475000000001,640.6576030575989,79.2983887415868,734.1689175327714,533.5260824672288,0.039832587674989206,0.025151649652315422,0.030294496904993317,43.17037578532927,38.830025201250194
2021-03-03,ADANIPORTS,EQ,720.5,732.0,754.95,723.4,733.25,729.85,739.56,19961472,1476265388370000.0,285506.0,4189813,0.2098999999999999,642.335,649.1521170521132,78.81002087682675,745.079312686731,539.5906873132691,0.012977099236641143,0.039832587674989206,0.029686226644497667,44.9781908428198,40.059658329564115
2021-03-04,ADANIPORTS,EQ,729.85,733.25,765.7,715.85,751.55,752.45,749.5,30607959,2294053636340000.0,388068.0,2462900,0.0805,651.5375,658.9900106661977,78.61807457341482,759.248692180978,543.8263078190221,0.03096526683565126,0.012977099236641143,0.030346226414801673,47.68484718879881,41.58469610141106
2021-03-05,ADANIPORTS,EQ,752.45,752.45,761.0,730.5,749.65,748.95,748.31,17665200,1321899080530000.0,245042.0,2561470,0.145,660.6375,667.5576286979884,76.38223770134961,769.009208655151,552.265791344849,-0.004651471858595269,0.03096526683565126,0.02934996170314942,48.98282754888157,43.06432239090517
2021-03-08,ADANIPORTS,EQ,748.95,762.7,767.8,744.2,747.8,748.4,754.53,15286852,1153441829550000.0,184855.0,1985582,0.1299,668.955,675.2569021553228,75.25400767667647,777.465173668041,560.4448263319591,-0.0007343614393484632,-0.004651471858595269,0.029030068388746125,49.39768022360295,44.330993957444726
2021-03-09,ADANIPORTS,EQ,748.4,755.55,759.4,738.65,748.0,750.75,750.81,8548163,641803055595000.0,119726.0,1101595,0.1289,677.395,682.446720997673,73.21603128054741,783.6464936117674,571.1435063882326,0.0031400320684127347,-0.0007343614393484632,0.027474592881769084,49.34723510865706,45.334242187687195
2021-03-10,ADANIPORTS,EQ,750.75,757.5,759.1,743.0,744.3,745.35,747.93,5235249,391558753860000.0,80675.0,889954,0.17,685.8199999999999,688.437509474085,70.15369360436294,784.988678204545,586.6513217954549,-0.007192807192807127,0.0031400320684127347,0.028127106142327513,48.31458169827317,45.930310089804394
2021-03-12,ADANIPORTS,EQ,745.35,749.0,752.1,723.0,723.25,728.15,737.27,10961076,808128636825000.0,145204.0,3300543,0.3011,692.635,692.219651428934,67.91456683465321,782.9515316801485,602.3184683198515,-0.023076407057087356,-0.007192807192807127,0.024627345157404862,45.58284946280685,45.86081796440489
2021-03-15,ADANIPORTS,EQ,728.15,727.8,727.8,706.05,714.9,719.05,714.38,13403595,957531765865000.0,184280.0,4924583,0.3674,697.7574999999999,694.7749227214165,61.47603347704792,781.2821466934013,614.2328533065986,-0.012497424981116612,-0.023076407057087356,0.020304540546392167,42.197214811512026,45.12809733382632
2021-03-16,ADANIPORTS,EQ,719.05,731.4,735.7,714.25,715.5,717.35,724.18,14979009,1084752219250000.0,214166.0,2382011,0.159,702.2375,696.9249300812816,64.79550922213312,779.3145624286233,625.1604375713766,-0.0023642305820178455,-0.012497424981116612,0.019320317260011845,38.9281595740415,43.88810978186935
2021-03-17,ADANIPORTS,EQ,717.35,715.0,716.95,683.8,686.0,688.25,700.79,8151544,571250894920000.0,126227.0,1600958,0.1964,704.8225,696.0987462640167,55.41206856069499,775.8544533360243,633.7905466639756,-0.04056597198020495,-0.0023642305820178455,0.019314116985235132,33.60194068913961,41.83087596332341
2021-03-18,ADANIPORTS,EQ,688.25,695.0,705.5,675.4,680.9,679.65,691.5,10925357,755491869110000.0,134874.0,1781340,0.163,706.0174999999999,694.5321990007769,43.244724582077296,774.3253039388007,637.7096960611991,-0.012495459498728656,-0.04056597198020495,0.018427040472298355,28.360009190266283,39.136702608711985
2021-03-19,ADANIPORTS,EQ,679.65,677.4,691.5,657.1,688.0,686.25,676.77,10373422,702039012985000.0,114618.0,1900394,0.1832,707.1274999999999,693.7434181435601,53.22128851540617,773.2504037076495,641.0045962923504,0.009710880600309002,-0.012495459498728656,0.014340929952061786,24.456387540832566,36.2006395951361
2021-03-22,ADANIPORTS,EQ,686.25,686.0,726.25,681.0,721.95,721.9,711.91,22864950,1627783234400000.0,314032.0,3097181,0.1355,710.5475,696.4249973679829,58.08700501952035,771.8946954919788,649.2003045080212,0.0519489981785064,0.009710880600309002,0.024117080228304895,23.963163883403467,33.75314445278958
2021-03-23,ADANIPORTS,EQ,721.9,730.25,755.0,727.1,736.75,738.55,743.33,30612174,2275491601970000.0,390324.0,3171865,0.1036,713.7850000000001,700.4369023805559,55.36085536085534,773.786149988931,653.7838500110691,0.023064136306967686,0.0519489981785064,0.025542803643147673,24.631855731475866,31.92888670852684
2021-03-24,ADANIPORTS,EQ,738.55,741.0,750.5,697.65,708.15,706.85,726.81,21213413,1541811482030000.0,273247.0,2649194,0.1249,716.0275,701.0476735824078,43.96958573675931,771.0231694466837,661.0318305533164,-0.04292194164240737,0.023064136306967686,0.02866865911333029,22.346279763652547,30.012365319551982
2021-03-25,ADANIPORTS,EQ,706.85,711.0,712.35,683.15,687.6,688.25,695.13,16860086,1171993257235000.0,202143.0,2498300,0.1482,717.1800000000001,699.8288475269404,32.80664167113015,768.5364980769814,665.8235019230187,-0.026313927990379904,-0.04292194164240737,0.02941183410999047,18.81716719896292,27.773325695434174
2021-03-26,ADANIPORTS,EQ,688.25,698.0,710.7,692.6,702.0,703.05,702.76,12350673,867950816470000.1,156526.0,1209122,0.0978999999999999,717.1175000000001,700.1356239529462,38.409090909090885,768.542993114791,665.6920068852091,0.021503814021067935,-0.026313927990379904,0.03016605936476005,17.018379096155286,25.6223363755784
2021-03-30,ADANIPORTS,EQ,703.05,703.05,718.0,697.3,710.0,710.55,708.62,9109505,645514430835000.0,137556.0,1318011,0.1447,718.85,701.1274692907608,40.766040497682354,766.634560378018,671.065439621982,0.010667804565820393,0.021503814021067935,0.030252969017814144,16.013421134170244,23.70055332729677
2021-03-31,ADANIPORTS,EQ,710.55,705.0,719.9,698.6,702.4,702.4,710.23,7752226,550583412990000.0,105720.0,1464702,0.1889,719.325,701.2486626916407,38.52906287069987,766.2037180980927,672.4462819019074,-0.011469988037435708,0.010667804565820393,0.0304425066317641,14.393429327667263,21.839128527370868
2021-04-01,ADANIPORTS,EQ,702.4,713.5,742.0,705.0,733.55,736.25,725.68,15017049,1089757839780000.0,166679.0,2293326,0.1527,720.1125,704.5821233876749,48.097826086956516,767.5995383976889,672.625461602311,0.04819191343963558,-0.011469988037435708,0.030784701465364238,15.66046219348209,20.603395260593114
2021-04-05,ADANIPORTS,EQ,736.25,731.75,745.0,715.0,744.0,742.25,730.14,15622924,1140689241455000.0,205603.0,1431477,0.0916,720.7325000000001,708.1695402078963,53.092105263157904,769.0710024156065,672.3939975843937,0.008149405772495788,0.04819191343963558,0.030000221392795574,16.953317433724692,19.87337969521943
2021-04-06,ADANIPORTS,EQ,742.25,756.0,852.7,743.0,849.85,835.55,800.35,64555516,5166683380610000.0,747062.0,4484783,0.0695,724.8875,720.301012569049,68.65791159513134,794.3677953891424,655.4072046108577,0.12569888851465127,0.008149405772495788,0.047509306276101754,25.215773050054622,20.94185836618647
2021-04-07,ADANIPORTS,EQ,835.55,857.0,885.0,795.0,812.45,814.75,835.16,97717880,8160988307835002.0,1205984.0,8025095,0.0821,728.1775,729.2961542291396,64.69966797464534,807.9277184454644,648.4272815545356,-0.02489378253844765,0.12569888851465127,0.04813103167560633,29.742588441195608,22.7020043811883
2021-04-08,ADANIPORTS,EQ,814.75,818.0,838.0,806.0,824.0,823.0,823.05,34025873,2800488248410000.0,403689.0,2295493,0.0675,731.9075,738.2203300168406,71.7023675310034,821.9537587258366,641.8612412741635,0.010125805461798087,-0.02489378253844765,0.04800918635283381,33.608411457717125,24.883285796494064
2021-04-09,ADANIPORTS,EQ,823.0,824.75,837.0,817.05,822.2,823.6,827.17,21804785,1803621314585000.0,265700.0,2372060,0.1088,735.55,746.3517271580939,73.79732187138373,834.2805530484718,636.8194469515281,0.0007290400972053135,0.010125805461798087,0.044315822848228215,36.302051582254194,27.16703895364609
2021-04-12,ADANIPORTS,EQ,823.6,809.9,809.9,735.0,750.0,744.65,762.16,28112240,2142609784555000.0,422020.0,2654132,0.0944,735.515,746.1896579049421,57.790821771611526,834.23142053987,636.79857946013,-0.09585964060223418,0.0007290400972053135,0.05572422976094749,31.700749097692096,28.073780982455297
2021-04-13,ADANIPORTS,EQ,744.65,750.0,755.75,701.35,733.1,731.05,723.89,52812517,3823031154430001.0,655274.0,8937704,0.1692,735.66,744.7477857235191,51.296952515946124,834.3393830117157,636.9806169882843,-0.018263613778285115,-0.09585964060223418,0.0561724886346958,26.649577645711133,27.788940315106466
2021-04-15,ADANIPORTS,EQ,731.05,735.9,754.5,725.0,747.0,750.35,740.39,26108614,1933065400775000.0,335056.0,1749254,0.067,737.225,745.2813299403268,51.66010129431628,835.7879561031091,638.662043896891,0.026400383010737993,-0.018263613778285115,0.05655828767271986,23.928009383951576,27.01675412887549
2021-04-16,ADANIPORTS,EQ,750.35,750.9,794.85,743.0,749.15,755.5,770.01,41791181,3217944009940000.0,499686.0,3455564,0.0827,739.1324999999999,746.2545366126767,57.396989508894634,837.5524448924123,640.7125551075876,0.006863463716932028,0.026400383010737993,0.05619331214220663,21.933868900989523,26.0001770832983
2021-04-19,ADANIPORTS,EQ,755.5,715.0,730.9,707.45,719.0,720.95,721.84,22935238,1655552410130000.0,290362.0,3547157,0.1547,740.7675,743.8445807448028,54.741879350348036,836.6829412407874,644.8520587592127,-0.04573130377233614,0.006863463716932028,0.05670866908383464,17.365424147660292,24.2732264961707
2021-04-20,ADANIPORTS,EQ,720.95,744.7,745.9,710.0,721.0,720.45,729.05,21315167,1553977676420000.0,243616.0,2001506,0.0939,742.8075,741.616525435774,52.63237518910742,834.9094302328971,650.7055697671029,-0.0006935293709688928,-0.04573130377233614,0.05662460531798489,13.548375703910551,22.12825633771867
2021-04-22,ADANIPORTS,EQ,720.45,689.5,744.9,689.5,736.45,737.8,727.53,26840536,1952727646850000.0,325317.0,2446278,0.0911,745.385,741.2530468228431,54.0032319670927,833.6270003828834,657.1429996171166,0.024082170865431296,-0.0006935293709688928,0.036948492974667,11.787458824005057,20.060096834975948
2021-04-23,ADANIPORTS,EQ,737.8,736.45,746.9,720.1,725.1,725.35,733.59,18435449,1352400926735000.0,204435.0,1361968,0.0739,745.5575,739.7384709349533,53.32946467430727,833.6195013339533,657.4954986660467,-0.0168744917321767,0.024082170865431296,0.03671720048530374,9.280330683634588,17.904143604707674
2021-04-26,ADANIPORTS,EQ,725.35,733.0,739.65,728.9,729.2,730.75,733.25,9390549,688565772360000.0,116457.0,838079,0.0892,745.1675,738.8824260840054,49.130297280202406,833.4290328679734,656.9059671320266,0.007444681877714077,-0.0168744917321767,0.036555863535077254,7.641066976123398,15.85152827899082
2021-04-27,ADANIPORTS,EQ,730.75,735.0,757.5,727.35,748.6,749.15,747.67,20573107,1538191347480000.0,236896.0,1779639,0.0865,747.2825,739.8602902664811,51.04990870359098,833.6856327099838,660.8793672900163,0.025179609989736562,0.007444681877714077,0.03822142548175246,7.737472140026398,14.228717051197936
2021-04-28,ADANIPORTS,EQ,749.15,755.0,760.0,741.1,743.4,746.25,751.02,11156977,837910561285000.0,130847.0,1342353,0.1202999999999999,750.1825,740.4688340506258,31.25524769101594,832.0156568047167,668.3493431952833,-0.0038710538610424727,0.025179609989736562,0.022940848541931035,7.493487899323327,12.881671220823016
2021-04-29,ADANIPORTS,EQ,746.25,753.2,765.85,743.4,746.4,746.75,753.06,13851910,1043138646980000.0,153293.0,1304895,0.0942,752.3675000000001,741.0670403315186,34.39651216154198,831.1797170264568,673.5552829735433,0.0006700167504187782,-0.0038710538610424727,0.02198586943752672,7.256822321572145,11.756701440972842
2021-04-30,ADANIPORTS,EQ,746.75,739.0,759.45,724.5,726.4,730.05,743.35,12600934,936691138995000.0,132141.0,3514692,0.2789,753.3425,740.0177983951835,29.467638612767814,830.4403071569794,676.2446928430205,-0.02236357549380652,0.0006700167504187782,0.02145967930824773,5.656508010552557,10.536662754888786
2011-06-01,MUNDRAPORT,EQ,161.45,162.1,165.7,161.25,163.5,164.0,164.08,2574106,42237032995000.0,19171.0,1271255,0.4939,144.895,149.38520164640292,85.15981735159818,165.91671558921183,123.87328441078819,0.015794363580055926,0.03759640102827766,0.01909695724349437,4.967029165208345,2.838693886132763
2011-06-02,MUNDRAPORT,EQ,164.0,164.0,165.15,160.15,161.15,161.25,162.17,1699298,27556778660000.004,16176.0,791462,0.4658,146.53,150.5151824419836,77.73766546329723,167.28393177709842,125.7760682229016,-0.01676829268292679,0.015794363580055926,0.01711842605923098,5.270569886484566,3.325069086203124
2011-06-03,MUNDRAPORT,EQ,161.25,161.5,162.8,159.2,161.0,161.05,161.02,1185817,19093606125000.0,14810.0,722154,0.609,147.9875,151.51849839988992,77.09090909090912,168.5083719163797,127.46662808362032,-0.0012403100775193465,-0.01676829268292679,0.01669302322711585,5.432368800458988,3.746529029054297
2011-06-06,MUNDRAPORT,EQ,161.05,160.5,161.1,159.05,160.0,159.85,160.09,546378,8746904709999.999,7071.0,386144,0.7067,149.45499999999998,152.31197474275757,71.02040816326529,168.87874835087038,130.0312516491296,-0.007451102142192023,-0.0012403100775193465,0.01733286413552727,5.401500498866767,4.077523323016791
2011-06-07,MUNDRAPORT,EQ,159.85,159.85,162.75,156.35,157.0,157.25,158.52,2193466,34770271165000.0,17865.0,1425849,0.65,150.5375,152.78226286249495,62.780898876404486,169.10433163170416,131.97066836829583,-0.01626524867062873,-0.007451102142192023,0.01857401394199345,5.10835296344419,4.283689251102271
2011-06-08,MUNDRAPORT,EQ,157.25,157.4,158.7,153.3,155.65,154.9,155.48,1431303,22253824685000.0,15027.0,931903,0.6511,151.5425,152.9839521136859,65.7352941176471,168.6404615589588,134.44453844104117,-0.014944356120826674,-0.01626524867062873,0.018730560984410147,4.632999732404329,4.353551347362683
2011-06-09,MUNDRAPORT,EQ,154.9,155.05,157.4,153.15,154.8,154.95,155.01,867109,13440958440000.0,6077.0,495942,0.5719,152.63,153.17119476952533,61.55115511551157,167.42777365893636,137.83222634106363,0.00032278889606196515,-0.014944356120826674,0.01776896735079976,4.211762873528016,4.3251936525957495
2011-06-10,MUNDRAPORT,EQ,154.95,155.4,155.4,150.3,151.95,152.0,152.42,838559,12780957555000.0,9369.0,513802,0.6127,153.32,153.05965241052292,53.35463258785942,166.481162962454,140.158837037546,-0.019038399483704338,0.00032278889606196515,0.018927916764154885,3.598409062459382,4.179836734568476
2011-06-13,MUNDRAPORT,EQ,152.0,152.45,155.4,150.05,155.05,154.75,152.87,749987,11464905285000.0,8790.0,330159,0.4402,154.1225,153.22063789523503,54.58786936236391,165.34463390900513,142.90036609099488,0.018092105263157965,-0.019038399483704338,0.018789603619995984,3.29622691347447,4.003114770349675
2011-06-14,MUNDRAPORT,EQ,154.75,154.95,157.75,154.35,157.05,156.55,155.96,599387,9348060950000.0,7620.0,290386,0.4845,154.73000000000002,153.53772000045075,53.35463258785946,165.01214599749247,144.44785400250757,0.011631663974151829,0.018092105263157965,0.014187510840696093,3.165500421666053,3.8355919006129504
2011-06-15,MUNDRAPORT,EQ,156.55,156.0,158.6,153.25,153.5,154.25,156.34,956161,14949097815000.0,7987.0,482061,0.5042,155.03500000000003,153.605556190884,53.7842190016103,164.84643800813296,145.2235619918671,-0.01469179175982116,0.011631663974151829,0.012922464194570833,2.8435295187202314,3.637179424234407
2011-06-16,MUNDRAPORT,EQ,154.25,153.3,153.9,150.75,152.5,151.55,151.74,1145520,17381942015000.0,9192.0,772713,0.6746,155.40249999999997,153.40978893460934,48.33333333333335,163.97789165888216,146.8271083411178,-0.017504051863857284,-0.01469179175982116,0.012992270092387346,2.3434836030935173,3.378440260006229
2011-06-17,MUNDRAPORT,EQ,151.55,150.95,152.35,147.25,147.9,148.2,148.69,696910,10362615235000.0,7341.0,262002,0.3759,155.41500000000002,152.91361855988464,38.92215568862275,163.94526191971948,146.88473808028056,-0.02210491586935015,-0.017504051863857284,0.013775296574135945,1.6577669044903303,3.0343055889030492
2011-06-20,MUNDRAPORT,EQ,148.2,149.8,150.0,141.4,147.45,147.15,147.18,1207293,17769380270000.0,17561.0,759767,0.6293,155.2775,152.36470250656228,25.000000000000014,164.2587948895301,146.2962051104699,-0.007085020242914908,-0.02210491586935015,0.013777980310685198,1.017871862513573,2.6310188436251543
2011-06-21,MUNDRAPORT,EQ,147.15,148.0,149.8,144.5,148.0,148.35,147.78,1088170,16081242130000.002,12376.0,607701,0.5585,155.105,151.9823498868897,21.284403669724725,164.4909301195187,145.71906988048127,0.00815494393476035,-0.007085020242914908,0.014334418728526737,0.6006564095401927,2.2249463568081618
2011-06-22,MUNDRAPORT,EQ,148.35,149.9,150.6,146.5,147.5,148.1,148.05,487689,7220338209999.999,9208.0,233062,0.4779,154.7875,151.6126022786145,23.434343434343404,164.68252134239142,144.89247865760856,-0.001685203909673083,0.00815494393476035,0.01399524896488285,0.24699009841242514,1.8293551051290144
2011-06-23,MUNDRAPORT,EQ,148.1,148.2,151.5,144.0,151.25,150.15,148.18,1194788,17704695015000.0,10724.0,624881,0.523,154.7,151.47330682350838,29.5112781954887,164.7325260500698,144.66747394993018,0.01384199864956126,-0.001685203909673083,0.015109756758789982,0.13061916976914745,1.4896079180570412
2011-06-24,MUNDRAPORT,EQ,150.15,151.0,155.9,151.0,153.95,154.3,154.09,851591,13122000525000.0,11038.0,425430,0.4996,154.7825,151.74251569745996,40.609137055837586,164.77108690801725,144.79391309198274,0.027639027639027702,0.01384199864956126,0.016739881572335934,0.3690109587834911,1.2654885262023312
2011-06-27,MUNDRAPORT,EQ,154.3,154.5,157.8,153.45,156.4,156.25,156.59,1615697,25300243280000.0,10662.0,1150747,0.7122,154.815,152.17179991674948,48.26989619377163,164.81900446127045,144.81099553872954,0.01263771872974706,0.027639027639027702,0.016224790285132035,0.7071354549196656,1.153817911945798
2011-06-28,MUNDRAPORT,EQ,156.25,156.55,158.85,156.55,157.15,157.1,157.37,1127185,17738333690000.0,9733.0,824201,0.7312000000000001,154.5975,152.64115230563047,54.014598540145975,164.17414236281843,145.02085763718156,0.005439999999999889,0.01263771872974706,0.01589225966688367,1.0317955535458054,1.1294134402657996
2011-06-29,MUNDRAPORT,EQ,157.1,153.1,159.0,151.6,157.3,157.1,157.14,1022281,16064415450000.0,15243.0,742264,0.7261,154.2525,153.065804466999,53.93053016453383,162.85001953200586,145.65498046799414,0.0,0.005439999999999889,0.014988883674746097,1.2744005247936911,1.1584108571713778
2011-06-30,MUNDRAPORT,EQ,157.1,158.85,163.25,157.05,161.95,161.95,161.61,2743578,44339097860000.0,23067.0,1562172,0.5694,154.2875,153.9119183272848,67.008547008547,163.0097567696585,145.56524323034148,0.030872056015276872,0.0,0.0158029581997125,1.8368471487081877,1.2940981154787399
2011-07-01,MUNDRAPORT,EQ,161.95,163.0,164.95,160.65,162.2,162.35,162.46,641406,10419966445000.0,7272.0,244576,0.3813,154.3525,154.71554515325766,64.1263940520446,163.30332912937246,145.40167087062753,0.002469898116702618,0.030872056015276872,0.012346332020929801,2.288486558912325,1.4929758041654568
2011-07-04,MUNDRAPORT,EQ,162.35,162.35,164.0,160.25,160.25,160.85,161.61,508395,8216273440000.001,3975.0,312231,0.6142000000000001,154.40249999999997,155.2997789481855,58.082706766917255,163.4927188612446,145.31228113875534,-0.009239297813366187,0.002469898116702618,0.012676977960999593,2.4965973611074617,1.693700115553858
2011-07-05,MUNDRAPORT,EQ,160.85,161.25,161.9,159.25,160.2,159.9,160.11,376300,6024833870000.0,11165.0,152419,0.405,154.535,155.73789523883448,61.18811881188121,163.87383233984013,145.19616766015986,-0.005906123717749345,-0.009239297813366187,0.013533611539457186,2.5554124071451554,1.8660425738721176
2011-07-06,MUNDRAPORT,EQ,159.9,159.5,164.0,159.45,161.0,161.0,162.07,681135,11039272745000.0,7708.0,322860,0.474,154.83999999999997,156.2390480732312,69.97885835095136,164.61718073658534,145.0628192634146,0.0068792995622264375,-0.005906123717749345,0.013145667084664279,2.6601203502556814,2.0248581291488303
2011-07-07,MUNDRAPORT,EQ,161.0,162.0,165.75,159.65,162.25,162.05,163.17,1081191,17642042805000.0,10605.0,449792,0.416,155.195,156.7924720662568,82.43559718969566,165.49082950816108,144.8991704918389,0.006521739130434856,0.0068792995622264375,0.013016058528207895,2.795602409954739,2.1790069853100125
2011-07-08,MUNDRAPORT,EQ,162.05,162.55,162.6,157.1,157.8,157.85,159.86,360582,5764143605000.0,5813.0,167788,0.4653,155.4875,156.89318901232758,71.83673469387753,165.73341703008754,145.24158296991249,-0.025917926565874883,0.006521739130434856,0.014809502298054607,2.5348478708590676,2.2501751624198234
2011-07-11,MUNDRAPORT,EQ,157.85,156.5,158.5,155.0,157.7,157.1,156.86,437792,6867089030000.0,5990.0,120107,0.2743,155.605,156.9128852968678,68.1912681912682,165.86918915186837,145.3408108481316,-0.00475134621476081,-0.025917926565874883,0.014488084338727945,2.2418367889937088,2.2485074877346007
2011-07-12,MUNDRAPORT,EQ,157.1,155.3,156.7,153.5,153.65,153.9,154.96,673388,10434631475000.0,13300.0,247680,0.3678,155.4725,156.62594384002324,60.74074074074076,165.75372842333056,145.19127157666944,-0.020369191597708447,-0.00475134621476081,0.015778721067734775,1.731451049196096,2.1450962000269
2011-07-13,MUNDRAPORT,EQ,153.9,154.65,156.6,152.55,154.4,154.5,154.36,721657,11139383155000.0,14568.0,436312,0.6046,155.48499999999999,156.42347299811627,58.512720156555766,165.76057656203164,145.20942343796833,0.0038986354775827348,-0.020369191597708447,0.015879932691671057,1.3597077938082691,1.988018518783174
2011-07-14,MUNDRAPORT,EQ,154.5,152.55,157.9,152.0,157.8,156.8,155.98,712244,11109511075000.0,6394.0,396612,0.5568,155.7475,156.45933271258139,55.27426160337553,165.8668652285874,145.62813477141262,0.014886731391585917,0.0038986354775827348,0.012749024461864818,1.23643649350376,1.8377021137272913
2011-07-15,MUNDRAPORT,EQ,156.8,156.7,158.85,154.45,157.0,156.75,156.91,520139,8161455975000.0,5212.0,148089,0.2847,156.175,156.48701531138315,51.14678899082569,165.65397951414315,146.69602048585688,-0.0003188775510204467,0.014886731391585917,0.012642422020670738,1.1217773665585753,1.6945171642935482
2011-07-18,MUNDRAPORT,EQ,156.75,156.5,158.05,154.05,154.3,154.85,155.78,286868,4468783570000.0,3807.0,119815,0.4177,156.56,156.33110909125142,45.076586433260395,165.07170092458298,148.04829907541702,-0.0121212121212122,-0.0003188775510204467,0.012821105718350065,0.8675939780225121,1.5291325270393412
2011-07-19,MUNDRAPORT,EQ,154.85,154.8,161.2,153.25,160.5,160.4,157.73,1099870,17348509575000.0,8995.0,466194,0.4239,157.1625,156.71862251113222,55.80985915492959,164.89778314033353,149.42721685966646,0.035841136583790734,-0.0121212121212122,0.017843247577677145,1.101295380417099,1.4435650977148928
2011-07-20,MUNDRAPORT,EQ,160.4,161.3,162.65,155.0,155.4,155.95,158.51,1424292,22576184155000.0,13672.0,752481,0.5283,157.555,156.64542036721485,39.2857142857143,164.0515496913907,151.0584503086093,-0.027743142144638466,0.035841136583790734,0.019718627963059444,0.9168586400662093,1.3382238061851561
2011-07-21,MUNDRAPORT,EQ,155.95,156.45,158.85,154.1,157.5,157.35,156.58,1069969,16753210410000.0,13277.0,654370,0.6116,157.915,156.71252318938488,41.37931034482761,163.40356226961552,152.42643773038446,0.008977236293683966,-0.027743142144638466,0.019865219181809123,0.873589300588236,1.2452969050657723
2011-07-22,MUNDRAPORT,EQ,157.35,158.45,161.5,157.9,160.6,160.75,160.39,1679870,26943857590000.0,16708.0,1116509,0.6646,158.2375,157.09704479039584,49.83818770226539,163.5879426770203,152.88705732297973,0.021607880521131273,0.008977236293683966,0.019389134647897103,1.10095845854039,1.216429215760696
2011-07-25,MUNDRAPORT,EQ,160.75,161.0,161.8,158.1,159.0,158.95,159.17,1385495,22053226490000.0,20686.0,1030633,0.7439,158.3725,157.27351671512005,48.50393700787399,163.64751309532687,153.09748690467313,-0.011197511664074677,0.021607880521131273,0.019742133209779883,1.1229604089753877,1.1977354544036343
2011-07-26,MUNDRAPORT,EQ,158.95,159.5,163.0,158.1,158.65,158.9,160.3,1150173,18437531130000.0,17104.0,681866,0.5928,158.4625,157.4284198851086,46.579804560260605,163.7074348998094,153.2175651001906,-0.00031456432840504256,-0.011197511664074677,0.018253610827446413,1.123412530723897,1.1828708696676868
2011-07-27,MUNDRAPORT,EQ,158.9,159.8,160.5,155.6,156.3,156.25,157.14,495383,7784305584999.999,6646.0,261722,0.5283,158.42,157.31618941986017,41.021671826625386,163.72485378518445,153.11514621481552,-0.016677155443675318,-0.00031456432840504256,0.01931397174062787,0.8995683237664878,1.1262103604874472
2011-07-28,MUNDRAPORT,EQ,156.25,155.35,160.0,154.0,155.25,154.95,156.16,1243690,19421738170000.0,12249.0,800735,0.6437999999999999,158.07,157.09083804654017,45.06802721088436,163.31759594060642,152.82240405939356,-0.008320000000000105,-0.016677155443675318,0.018888795536397895,0.6102366137711499,1.0230156111441877
2011-07-29,MUNDRAPORT,EQ,154.95,154.05,156.4,135.25,142.05,143.55,144.2,4895210,70588281150000.0,36931.0,1891131,0.3863,157.13,155.80123442306015,33.08364544319603,165.15157616734373,149.10842383265626,-0.07357212003872204,-0.008320000000000105,0.029696285121144715,-0.5328037472083338,0.7118517394736834
2011-08-01,MUNDRAPORT,EQ,143.55,147.5,150.9,144.0,145.4,145.1,145.95,3708191,54120483765000.0,26062.0,2208084,0.5955,156.34250000000003,154.78206923991155,38.54166666666667,165.79177036994307,146.893229630057,0.01079763148728663,-0.07357212003872204,0.03025226479396752,-1.2986296283494312,0.3097554659090605
2011-08-02,MUNDRAPORT,EQ,145.1,145.25,145.7,138.15,140.55,141.55,141.93,1475136,20937342190000.0,14952.0,460582,0.3122,155.425,153.52187216944378,34.34099153567112,166.78927921617677,144.06072078382326,-0.02446588559614049,0.01079763148728663,0.02678342370746042,-2.1670273457294797,-0.18560109641864753
2011-08-03,MUNDRAPORT,EQ,141.55,139.4,144.3,137.0,143.8,142.7,140.95,1009315,14226287669999.998,10983.0,458529,0.4543,154.51000000000002,152.4912176771158,32.462686567164155,166.886106011099,142.13389398890104,0.008124337689862093,-0.02446588559614049,0.02685593621123947,-2.730962567657116,-0.6946733906663412
2011-08-04,MUNDRAPORT,EQ,142.7,143.2,144.8,136.75,138.0,138.15,140.36,3306069,46403108555000.0,26706.0,1166751,0.3529,153.315,151.1253874221524,29.194630872483202,167.15457331248473,139.47542668751527,-0.03188507358093895,0.008124337689862093,0.027008802466283198,-3.5046330399063095,-1.256665320514335
2011-08-05,MUNDRAPORT,EQ,138.15,134.95,141.0,132.0,140.5,139.75,138.65,9280860,128681325075000.0,14026.0,8597655,0.9264,152.41,150.0420171914712,32.995495495495476,167.326243353721,137.493756646279,0.011581614187477385,-0.03188507358093895,0.025755243392280126,-3.9432109536068936,-1.7939744471328467
2011-08-08,MUNDRAPORT,EQ,139.75,135.45,140.5,134.0,136.9,136.15,138.22,3743566,51742021195000.0,9027.0,3266817,0.8726,151.3625,148.7189679351406,21.436984687868033,167.76079500116757,134.96420499883246,-0.025760286225402496,0.011581614187477385,0.02601515331075066,-4.529068738373951,-2.3409933053810676
2011-08-09,MUNDRAPORT,EQ,136.15,133.95,138.0,130.0,132.75,133.45,133.19,997026,13279157850000.0,10280.0,356502,0.3576,150.34,147.26478051274626,22.358722358722318,168.5250314384935,132.1549685615065,-0.019831068674256436,-0.025760286225402496,0.02551418591452028,-5.151845421728467,-2.9031637286505476
2011-08-10,MUNDRAPORT,EQ,133.45,136.35,139.7,134.9,137.0,137.95,137.88,2270284,31301749410000.004,8157.0,1878208,0.8273,149.5125,146.37765855915137,27.853881278538765,168.39336959967804,130.63163040032194,0.03372049456725357,-0.019831068674256436,0.03014283749911218,-5.222091023539264,-3.366949187628291
2011-08-11,MUNDRAPORT,EQ,137.95,136.0,138.2,134.25,135.6,135.45,136.34,1536864,20953825730000.0,11729.0,1108939,0.7216,148.445,145.33692917256553,20.51282051282044,167.9934257004588,128.8965742995412,-0.018122508155128725,0.03372049456725357,0.03017065085902568,-5.417045942068626,-3.7769685385163583
2011-08-12,MUNDRAPORT,EQ,135.45,137.2,137.85,135.0,136.8,136.45,136.18,1540298,20975622115000.0,4741.0,1286503,0.8351999999999999,147.43,144.49055496565455,23.277909738717284,167.26867567731054,127.59132432268949,0.007382798080472597,-0.018122508155128725,0.02179198147707222,-5.428283602545264,-4.10723155132214
2011-08-16,MUNDRAPORT,EQ,136.45,132.0,142.85,132.0,138.85,139.7,139.77,1041466,14556798055000.002,12467.0,684906,0.6576000000000001,146.67249999999999,144.03431163559222,28.8079470198675,166.4751706066587,126.86982939334126,0.02381824844265301,0.007382798080472597,0.02317558832540539,-5.115967996336991,-4.30897884032511
2011-08-17,MUNDRAPORT,EQ,139.7,139.4,141.3,136.05,138.75,138.6,137.98,666711,9199110495000.0,6603.0,345757,0.5186,145.58249999999998,143.5167581464882,29.82857142857138,164.5874931111753,126.57750688882467,-0.007874015748031482,0.02381824844265301,0.022079293745076126,-4.900723940232638,-4.427327860306615
2011-08-18,MUNDRAPORT,EQ,138.6,139.1,140.75,134.45,135.0,136.45,138.07,5314420,73377091070000.0,6183.0,5012953,0.9433,144.60750000000002,142.84373356110837,29.26008968609861,163.3722843466657,125.84271565333432,-0.015512265512265588,-0.007874015748031482,0.022153818327992087,-4.847746700376177,-4.511411628320528
2011-08-19,MUNDRAPORT,EQ,136.45,133.0,137.95,131.95,135.7,136.3,137.0,3919879,53702777825000.0,11340.0,3501838,0.8934000000000001,143.555,142.2205208410028,39.13043478260866,161.66021588115376,125.44978411884627,-0.0010993037742761391,-0.015512265512265588,0.01991221787967682,-4.762961151196578,-4.561721532895738
2011-08-22,MUNDRAPORT,EQ,136.3,135.05,137.9,134.9,136.25,136.05,136.04,334962,4556968770000.0,4624.0,140881,0.4206,142.32,141.63285218947874,35.8814352574103,158.78173873268486,125.85826126731514,-0.0018341892883345645,-0.0010993037742761391,0.01940308348835954,-4.662197987010899,-4.5818168237187695
2011-08-23,MUNDRAPORT,EQ,136.05,137.4,139.2,134.2,138.75,138.45,135.95,907130,12332147895000.0,7097.0,596021,0.657,141.295,141.32972340952838,44.98381877022649,155.83789119152155,126.75210880847841,0.01764057331863267,-0.0018341892883345645,0.018455737355900892,-4.338669035161587,-4.533187266007333
2011-08-24,MUNDRAPORT,EQ,138.45,139.9,148.0,138.8,147.0,146.8,144.99,2727812,39550104375000.0,23162.0,1524475,0.5589000000000001,140.69,141.85070213243046,55.38057742782156,152.98165741888255,128.39834258111745,0.06031058143734214,0.01764057331863267,0.024436349016389972,-3.3696515482692746,-4.300480122459722
2011-08-25,MUNDRAPORT,EQ,146.8,147.2,149.65,138.75,140.75,140.4,143.68,1793336,25766099030000.0,14070.0,1035991,0.5777,139.8975,141.71254002457994,52.81602002503128,149.77104119793793,130.02395880206208,-0.043596730245231696,0.06031058143734214,0.028012095538176015,-3.082590536621211,-4.05690220529202
2011-08-26,MUNDRAPORT,EQ,140.4,139.25,142.85,139.1,141.15,140.55,141.08,694785,9801762750000.0,11043.0,337969,0.4864,139.17749999999998,141.6018219270009,51.038961038961055,146.08352139997032,132.27147860002964,0.0010683760683760646,-0.043596730245231696,0.027114875864630877,-2.8105901367645174,-3.8076397915865194
2011-08-29,MUNDRAPORT,EQ,140.55,141.15,147.95,141.0,145.45,145.35,145.47,484414,7046845950000.0,7367.0,194925,0.4024,139.2675,141.95879126728653,61.586901763224176,146.4546431260057,132.08035687399433,0.03415154749199556,0.0010683760683760646,0.0287543936885896,-2.182548910246993,-3.4826216153186142
2011-08-30,MUNDRAPORT,EQ,145.35,147.0,152.9,146.4,152.5,152.1,150.65,1185911,17865212820000.0,12668.0,596163,0.5027,139.6175,142.9246206704021,71.31428571428573,148.48573277939195,130.74926722060806,0.04643962848297223,0.03415154749199556,0.031048417205358583,-1.127159927531011,-3.011529277761094
2011-09-02,MUNDRAPORT,EQ,152.1,154.05,158.5,151.6,157.15,157.5,156.57,1596147,24990796230000.0,18708.0,917285,0.5747,140.41500000000002,144.31275203512573,71.89249720044795,152.3525171533858,128.47748284661424,0.035502958579881616,0.04643962848297223,0.031461103023068655,0.14332614072259275,-2.3805581940643568
2011-09-05,MUNDRAPORT,EQ,157.5,155.8,160.6,154.8,157.85,157.25,158.21,912066,14429586500000.0,11334.0,531003,0.5822,141.14249999999998,145.54487088892327,75.70754716981133,155.24368602693866,127.0413139730613,-0.0015873015873015817,0.035502958579881616,0.030331694914030757,1.1171448421665957,-1.6810175868181663
2011-09-06,MUNDRAPORT,EQ,157.25,160.0,161.9,150.9,154.0,154.05,153.45,1330904,20423017435000.0,16637.0,724086,0.5441,141.9375,146.3548831852163,69.73094170403591,157.08251394407856,126.79248605592144,-0.020349761526232024,-0.0015873015873015817,0.03201024203917435,1.6121065616208057,-1.0223927571303721
2011-09-07,MUNDRAPORT,EQ,154.05,155.3,162.0,154.5,160.6,160.05,159.44,1871504,29839916245000.0,29920.0,1073785,0.5738000000000001,142.95250000000001,147.6591800247195,71.48891235480468,160.0724322120529,125.83256778794714,0.038948393378773094,-0.020349761526232024,0.03253584651652764,2.4601579764454016,-0.3258826104152174
2011-09-08,MUNDRAPORT,EQ,160.05,161.8,163.9,158.6,160.5,160.75,161.56,1011497,16341379625000.0,14259.0,372585,0.3684,144.1825,148.90592478427,73.58892438764646,162.7206903107591,125.6443096892409,0.004373633239612484,0.038948393378773094,0.03276980372818932,3.1523901906077185,0.3697719497893699
2011-09-09,MUNDRAPORT,EQ,160.75,162.45,162.45,153.05,153.6,154.15,157.61,541841,8540161505000.0,8022.0,192387,0.3550999999999999,145.2175,149.40536051910146,67.21789883268485,163.5429001176403,126.8920998823597,-0.04105754276827367,0.004373633239612484,0.03305425861568849,3.132316965913162,0.9222809530141284
2011-09-12,MUNDRAPORT,EQ,154.15,153.2,156.8,150.35,152.15,152.35,153.27,458685,7030290975000.0,6592.0,127512,0.278,145.9375,149.68580237442515,65.1272384542884,164.192041612202,127.68295838779801,-0.011676938047356589,-0.04105754276827367,0.029103250750646424,2.9373044170395133,1.3252856458192055
2011-09-13,MUNDRAPORT,EQ,152.35,155.9,157.0,151.65,152.5,152.55,154.42,477998,7381170200000.0,5704.0,239980,0.5021,146.79250000000002,149.95858310067038,65.56603773584905,164.57452152376436,129.01047847623568,0.0013127666557271045,-0.011676938047356589,0.029096342681436807,2.76699766886739,1.6136280504288423
2011-09-14,MUNDRAPORT,EQ,152.55,150.1,153.0,147.55,149.8,149.05,151.3,1511322,22865856935000.0,10017.0,1077084,0.7127,147.42249999999999,149.872051376797,59.79667282809614,164.54215552401956,130.3028444759804,-0.022943297279580444,0.0013127666557271045,0.029128347353611722,2.3228314397426004,1.7554687282915942
2011-09-15,MUNDRAPORT,EQ,149.05,150.0,151.7,148.25,149.9,149.35,149.58,535073,8003442375000.0,10737.0,228757,0.4275,147.905,149.82233219805445,52.76872964169379,164.6480394020617,131.1619605979383,0.002012747400201187,-0.022943297279580444,0.024818286077677845,1.9722985657588765,1.7988346957850507
2011-09-16,MUNDRAPORT,EQ,149.35,150.0,153.5,148.0,148.3,150.8,150.95,1324489,19993454685000.0,10899.0,750600,0.5667,148.51500000000001,149.91544341728735,62.65206812652069,164.71064918827028,132.31935081172975,0.009708737864077888,0.002012747400201187,0.021682079454742993,1.7908577264182384,1.7972393019116883
2011-09-19,MUNDRAPORT,EQ,150.8,149.0,155.75,148.2,153.5,154.1,153.29,2809987,43075583805000.0,19412.0,2013055,0.7164,149.39749999999998,150.31397261564092,65.31073446327682,164.72530325518053,134.06969674481942,0.021883289124668304,0.009708737864077888,0.023204304310105887,1.8915424508503236,1.8160999316994153
2011-09-20,MUNDRAPORT,EQ,154.1,155.1,155.65,152.5,154.0,154.35,154.36,1631967,25191437770000.0,8959.0,1265971,0.7757,150.3,150.69835617605605,61.33501259445844,164.46195793771216,136.13804206228787,0.0016223231667749083,0.021883289124668304,0.022271973668039357,1.9688134748258506,1.8466426403247023
2011-09-21,MUNDRAPORT,EQ,154.35,154.05,158.2,154.05,157.1,157.1,156.67,1204766,18875517920000.0,13789.0,760715,0.6314000000000001,151.35250000000002,151.30803654024118,57.00280112044818,164.11500573475024,138.5899942652498,0.017816650469711703,0.0016223231667749083,0.018967373888060825,2.226290049452558,1.9225721221502736
2011-09-22,MUNDRAPORT,EQ,157.1,156.1,156.1,142.2,147.15,146.45,148.95,2453772,36548320370000.0,20525.0,1331746,0.5427000000000001,151.7525,150.84536639355153,36.507936507936485,163.251217319682,140.25378268031798,-0.06779121578612357,0.017816650469711703,0.027986088889272533,1.5530732341378553,1.84867234454779
2011-09-23,MUNDRAPORT,EQ,146.45,144.6,151.25,143.75,149.5,149.65,148.6,1400138,20805486130000.0,16353.0,813899,0.5813,151.895,150.73152197511806,41.34396355353076,163.20437664055612,140.5856233594439,0.021850460908160008,-0.06779121578612357,0.02701058908972858,1.2631959773056565,1.7315770710993634
2011-09-26,MUNDRAPORT,EQ,149.65,150.3,152.95,147.4,152.6,152.3,150.1,959586,14403310840000.0,13640.0,454189,0.4733,152.48999999999998,150.8809008346306,47.98154555940023,162.4211630737773,142.55883692622265,0.01770798529903117,0.021850460908160008,0.027509644968969113,1.2330847820404927,1.6318786132875895
2011-09-27,MUNDRAPORT,EQ,152.3,154.85,158.9,152.75,156.55,157.45,155.59,1229409,19128545565000.0,9233.0,831260,0.6761,153.335,151.50652932657056,46.94117647058821,161.7485292049278,144.92147079507222,0.03381483913328931,0.01770798529903117,0.029489042005320775,1.6062673523365447,1.6267563610973805
2011-09-28,MUNDRAPORT,EQ,157.45,159.0,161.2,156.0,159.7,160.3,160.11,2377196,38061723230000.0,20060.0,1812601,0.7625000000000001,154.08249999999998,152.34400272404005,49.49608062709968,162.1586686459586,146.00633135404135,0.018100984439504808,0.03381483913328931,0.02821801462389826,2.107692245276894,1.7229435379332834
2011-09-29,MUNDRAPORT,EQ,160.3,159.8,166.75,158.15,163.6,163.95,161.88,3079459,49851498265000.0,21267.0,2379249,0.7726000000000001,154.675,153.449335797941,61.750599520383666,163.8083109231549,145.54168907684513,0.022769806612601196,0.018100984439504808,0.028517265685615467,2.7676953124492343,1.9318938928364737
2011-09-30,MUNDRAPORT,EQ,163.95,163.75,169.8,162.0,164.3,164.35,166.37,2712461,45126373805000.0,21888.0,1730956,0.6381,155.01749999999998,154.4874942933752,64.88833746898263,165.06487593383784,144.97012406616213,0.0024397682220189676,0.022769806612601196,0.028610876935821854,3.2851598771859756,2.202547089706374
2011-10-03,MUNDRAPORT,EQ,164.35,163.6,164.0,151.35,152.5,153.1,157.52,1642213,25867948295000.0,15141.0,1017797,0.6198,154.81,154.3553519797204,50.53554040895812,164.83463281900455,144.78536718099545,-0.06845147550958319,0.0024397682220189676,0.037100221468872124,2.7557072156300535,2.31317911489111
2011-10-04,MUNDRAPORT,EQ,153.1,152.5,159.8,146.7,148.75,147.45,151.51,1108391,16793048394999.998,12293.0,632579,0.5707,154.48000000000002,153.69769941022324,48.504672897196244,165.03069965243358,143.92930034756645,-0.03690398432397135,-0.06845147550958319,0.0388698093838596,1.8587775552585413,2.222298802964596
2011-10-05,MUNDRAPORT,EQ,147.45,153.55,153.9,147.6,150.3,150.65,149.86,643151,9638090865000.0,8048.0,306497,0.4765999999999999,154.01,153.40744232353532,51.15248226950356,164.35136303741672,143.66863696258326,0.021702271956595576,-0.03690398432397135,0.039129184033882894,1.3901428919445493,2.055867620760587
2011-10-07,MUNDRAPORT,EQ,150.65,155.55,157.8,151.2,156.05,156.45,154.26,806599,12442460195000.0,12778.0,464503,0.5759000000000001,153.79500000000002,153.69720972129386,54.650205761316855,163.71663505190688,143.87336494809315,0.0384998340524394,0.021702271956595576,0.03378953521102041,1.4698149603800914,1.938657088684488
2011-10-10,MUNDRAPORT,EQ,156.45,155.25,157.85,153.1,153.6,154.85,155.35,574856,8930422825000.0,10275.0,319984,0.5566,153.82999999999998,153.80699927164684,50.6350550381033,163.761841404401,143.89815859559897,-0.010226909555768549,0.0384998340524394,0.03376182506598238,1.3878507409448844,1.8284958191365674
2011-10-11,MUNDRAPORT,EQ,154.85,155.9,159.5,152.25,153.0,153.45,155.94,624082,9731944730000.0,8572.0,264062,0.4231,153.885,153.7729993410138,49.25249169435216,163.79449040051827,143.9755095994817,-0.009041007426541903,-0.010226909555768549,0.03360957195427761,1.1961368853652345,1.7020240323823008
2011-10-12,MUNDRAPORT,EQ,153.45,155.25,156.85,153.45,155.2,155.0,155.16,606780,9414588120000.0,9766.0,361648,0.596,154.0075,153.8898565466315,48.22033898305085,163.9080728169247,144.1069271830753,0.010101010101010166,-0.009041007426541903,0.03184866146715683,1.155949256231736,1.5928090771521881
2011-10-13,MUNDRAPORT,EQ,155.0,155.0,159.0,154.5,157.1,156.4,156.77,843751,13227185860000.0,11702.0,499545,0.5921000000000001,154.375,154.1289178279047,60.000000000000014,164.04369609660438,144.70630390339562,0.00903225806451613,0.010101010101010166,0.03136661036047647,1.222970922794019,1.5188414462805544
2011-10-14,MUNDRAPORT,EQ,156.4,155.7,157.3,154.5,154.9,155.45,155.95,499700,7792885745000.0,3621.0,329165,0.6587000000000001,154.68,154.25473517762805,56.10526315789472,164.06186380305218,145.29813619694784,-0.006074168797954083,0.00903225806451613,0.03013706432585803,1.185760309157132,1.45222521885587
2011-10-17,MUNDRAPORT,EQ,155.45,156.05,157.6,153.1,156.0,155.9,155.14,331198,5138289705000.0,3742.0,74593,0.2252,154.935,154.411427065473,53.97350993377483,164.14855408869659,145.72144591130342,0.002894821486008503,-0.006074168797954083,0.03014970626463283,1.1789911923856664,1.3975784135618294
2011-10-18,MUNDRAPORT,EQ,155.9,157.5,157.5,150.8,152.5,152.25,153.14,355368,5441975650000.0,5778.0,130618,0.3676,154.8425,154.20557686876128,44.06392694063929,164.12821483505545,145.55678516494456,-0.023412443874278432,0.002894821486008503,0.021800392921586653,0.8690838650874468,1.2918795038669528
2011-10-19,MUNDRAPORT,EQ,152.25,153.05,155.25,149.55,150.25,150.4,151.71,1057725,16046229930000.002,10632.0,547343,0.5175,154.645,153.84314097649832,38.434579439252346,164.14047814810428,145.14952185189574,-0.012151067323481035,-0.023412443874278432,0.018314414625545897,0.4687965418185911,1.1272629114572805
2011-10-20,MUNDRAPORT,EQ,150.4,148.0,152.8,147.6,152.4,151.8,149.91,370257,5550683630000.0,5969.0,116754,0.3153,154.38,153.6485561215937,35.01849568434038,163.8828195260846,144.8771804739154,0.009308510638297962,-0.012151067323481035,0.01723019853889436,0.26151961855302375,0.9541142528764293
2011-10-21,MUNDRAPORT,EQ,151.8,149.0,153.0,149.0,151.2,150.45,151.31,300342,4544468405000.0,4489.0,88665,0.2952,154.57999999999998,153.34393172906098,33.2530120481928,163.53252978055093,145.62747021944904,-0.008893280632411238,0.009308510638297962,0.011199266848438872,-0.011549419544508055,0.7609815183922418
2011-10-24,MUNDRAPORT,EQ,150.45,155.05,157.6,151.65,157.2,156.5,155.64,1167828,18176262395000.0,13423.0,760594,0.6513,154.92249999999999,153.6445096596266,54.6831955922865,163.60081386715854,146.24418613284143,0.040212695247590746,-0.008893280632411238,0.017559019277227386,0.25726030182684667,0.6602372750791629
2011-10-25,MUNDRAPORT,EQ,156.5,156.5,162.5,155.5,161.3,161.25,160.28,1139611,18265982155000.0,21068.0,584330,0.5127,155.37,154.3688420729955,69.49152542372877,164.39501785961625,146.34498214038376,0.030351437699680517,0.040212695247590746,0.01933563969153072,0.8438518464702156,0.6969601893573734
2011-10-26,MUNDRAPORT,EQ,161.25,162.5,163.0,160.6,161.7,161.75,161.77,188437,3048384360000.0,2479.0,72581,0.3852,155.58499999999998,155.07180949461497,66.97247706422013,165.01446669240818,146.15553330759178,0.0031007751937983663,0.030351437699680517,0.019262533664174252,1.3337016111170499,0.8243084737093087
2011-10-28,MUNDRAPORT,EQ,161.75,162.4,170.45,162.4,164.65,163.4,165.13,1051878,17370059790000.0,12814.0,771889,0.7338,155.74,155.86497049512784,62.171628721541154,165.5884089015795,145.89159109842052,0.010200927357032485,0.0031007751937983663,0.01929702573406899,1.8339120921239385,1.0262291973922346
2011-10-31,MUNDRAPORT,EQ,163.4,160.05,166.95,160.05,163.6,163.95,164.37,840954,13823108065000.0,10954.0,538770,0.6406999999999999,155.73999999999998,156.63497330511564,66.54545454545448,165.58840890157947,145.8915910984205,0.0033659730722153114,0.010200927357032485,0.018947066653671393,2.248790251407115,1.2707414081952109
2011-11-01,MUNDRAPORT,EQ,163.95,156.0,163.95,156.0,159.0,160.1,161.07,512462,8254170715000.001,9286.0,246330,0.4807,155.5275,156.9649758474856,61.10183639398996,164.75768360985612,146.2973163901439,-0.023482769136931925,0.0033659730722153114,0.02106720467429515,2.241087495843715,1.4648106257249118
2011-11-02,MUNDRAPORT,EQ,160.1,157.4,159.5,155.1,158.3,158.05,157.28,1042409,16394754965000.0,11269.0,394476,0.3784,155.775,157.0683114810584,55.00821018062398,164.99657082166732,146.5534291783327,-0.01280449718925658,-0.023482769136931925,0.01982793965370463,2.0459803512189296,1.5810445708237155
2011-11-03,MUNDRAPORT,EQ,158.05,163.0,163.6,157.55,163.0,162.2,159.73,496651,7933085234999.999,9731.0,276094,0.5559000000000001,156.5125,157.5570437209576,58.734939759036116,165.2787555769315,147.74624442306848,0.02625751344511218,-0.01280449718925658,0.020087091608937832,2.200856743877864,1.7050070054345454
2011-11-04,MUNDRAPORT,EQ,162.2,164.5,167.5,163.55,165.4,165.0,165.31,1747474,28886964430000.0,17686.0,1247209,0.7137000000000001,157.23000000000002,158.26589669991404,63.623395149786035,166.31899855511176,148.14100144488827,0.017262638717632672,0.02625751344511218,0.020311379370186754,2.5204794817858556,1.8681015007048076
2011-11-08,MUNDRAPORT,EQ,165.0,165.05,166.7,160.2,161.25,161.55,163.69,873158,14292919144999.998,11687.0,435289,0.4985,157.48499999999999,158.57866844277936,57.424441524310126,166.76599926551035,148.20400073448963,-0.020909090909090877,0.017262638717632672,0.021762028179730247,2.4669590686734466,1.9878730142985355
2011-11-09,MUNDRAPORT,EQ,161.55,162.15,163.95,156.1,159.4,158.65,159.54,886539,14143965815000.0,12205.0,501429,0.5656,157.675,158.58546192441943,58.57908847184987,166.88417734471463,148.4658226552854,-0.017951098731043058,-0.020909090909090877,0.01967741463821838,2.165574596079182,2.023413330654665
2011-11-11,MUNDRAPORT,EQ,158.65,159.9,162.9,150.0,150.25,150.45,153.78,2472593,38022378055000.0,26415.0,1041188,0.4211,157.525,157.81065602685567,50.05727376861395,167.1138367110754,147.9361632889246,-0.05168610148124808,-0.017951098731043058,0.023129045206079703,1.250637193379049,1.8688581031995422
2011-11-14,MUNDRAPORT,EQ,150.45,158.65,158.65,151.05,155.6,155.15,155.67,1554235,24195493010000.0,17565.0,872709,0.5615,157.5325,157.55726021477417,53.56762513312033,167.1132523601989,147.95174763980108,0.0312396144898639,-0.05168610148124808,0.025984526514464406,0.8944823941880031,1.6739829613972343
2011-11-15,MUNDRAPORT,EQ,155.15,154.5,156.05,141.0,141.9,144.6,147.91,1354549,20034600995000.0,18575.0,634410,0.4684,156.9425,156.32323543241472,44.79073909171862,168.13470946147626,145.75029053852373,-0.0679987109249115,0.0312396144898639,0.03228822112336085,-0.23634523929999318,1.291917321257789
2011-11-16,MUNDRAPORT,EQ,144.6,144.2,144.2,130.2,132.5,132.55,133.6,3855162,51506085040000.0,25090.0,2226115,0.5774,155.79749999999999,154.05911777218475,30.73209975864843,171.4352234511554,140.15977654884458,-0.08333333333333326,-0.0679987109249115,0.03878792150062869,-2.0808814736361683,0.6173575622789977
2011-11-17,MUNDRAPORT,EQ,132.55,132.0,135.85,129.0,132.35,132.15,132.48,2518688,33368760605000.0,18853.0,1603791,0.6368,154.61,151.97253512721477,24.82698961937716,173.4865964817498,135.7334035182502,-0.003017729158808047,-0.08333333333333326,0.03914198066737549,-3.5342260279037134,-0.21295915575754448
2011-11-18,MUNDRAPORT,EQ,132.15,131.15,139.8,128.35,139.5,137.9,134.85,1456984,19647755780000.0,18143.0,778628,0.5344,153.8925,150.63229368652765,31.086439333862018,174.1846108600327,133.60038913996732,0.04351116155883461,-0.003017729158808047,0.04379429037151801,-4.173920752439216,-1.0051514750938788
2011-11-21,MUNDRAPORT,EQ,137.9,136.7,139.1,132.5,134.8,136.6,136.5,717393,9792145150000.0,14381.0,335400,0.4675,153.20250000000001,149.29588476400122,28.628389154704934,174.88546627110205,131.51953372889798,-0.009427121102248082,0.04351116155883461,0.041673091191524674,-4.731243733172846,-1.7503699267096724
2011-11-22,MUNDRAPORT,EQ,136.6,137.9,139.0,131.25,132.95,132.35,135.27,692110,9362370150000.0,10408.0,281306,0.4064,152.23,147.6819909769535,26.20481927710844,175.83714432445925,128.62285567554073,-0.03111273792093705,-0.009427121102248082,0.04013234434610608,-5.453006823682955,-2.490897306104329
2011-11-23,MUNDRAPORT,EQ,132.35,132.05,132.35,121.25,124.2,123.55,127.3,1295172,16488047450000.0,17065.0,726120,0.5606,150.88500000000002,145.38370612200555,24.386825508058877,177.7584088879901,124.01159111200994,-0.06649036645258777,-0.03111273792093705,0.04262341491666771,-6.658342500593363,-3.324386345002136
2011-11-24,MUNDRAPORT,EQ,123.55,123.7,125.0,116.75,117.5,117.7,118.57,2554572,30290169335000.004,24092.0,1513399,0.5924,148.945,142.74716268181453,23.153692614770463,179.466086757192,118.423913242808,-0.04734925131525691,-0.06649036645258777,0.04304691514035495,-7.993481934063425,-4.258205462814394
2011-11-25,MUNDRAPORT,EQ,117.7,118.0,124.85,115.2,124.0,123.35,119.21,4717307,56235412395000.01,31055.0,3089878,0.655,147.05,140.89981385497506,24.657534246575366,179.025879066934,115.07412093306601,0.04800339847068802,-0.04734925131525691,0.04831833952050215,-8.497725285824146,-5.106109427416345
2011-11-28,MUNDRAPORT,EQ,123.35,124.75,127.45,121.75,126.55,126.4,124.33,2568553,31933944675000.0,18016.0,1565576,0.6095,145.2825,139.5188792021203,24.902470741222388,177.741450188913,112.82354981108699,0.024726388325901905,0.04800339847068802,0.04761061554721721,-8.552642723405086,-5.795416086614093
2011-11-29,MUNDRAPORT,EQ,126.4,128.0,130.9,125.4,128.0,128.3,128.96,1970380,25410535955000.0,19355.0,1172804,0.5952000000000001,143.5275,138.4504145162041,27.936297279362975,175.65580322969078,111.39919677030923,0.015031645569620222,0.024726388325901905,0.045350649328874656,-8.346636240331378,-6.305660117357551
2011-11-30,MUNDRAPORT,EQ,128.3,128.0,130.35,121.7,126.4,125.75,125.69,1884842,23689971265000.0,15323.0,1012992,0.5374,141.6175,137.24085122894655,28.066666666666677,173.17056766299063,110.06443233700938,-0.0198752922837101,0.015031645569620222,0.037928617765535154,-8.293535591309762,-6.703235212147994
2011-12-01,MUNDRAPORT,EQ,125.75,129.7,132.35,125.25,125.6,126.2,127.96,1060484,13570107169999.998,15187.0,523230,0.4934,139.92249999999999,136.1893415880945,31.970260223048356,170.93257433922406,108.91242566077591,0.003578528827037797,-0.0198752922837101,0.03801644961945008,-8.121521856705215,-6.986892541059438
2011-12-02,MUNDRAPORT,EQ,126.2,124.6,132.0,124.6,130.35,130.3,129.01,578277,7460340490000.001,7170.0,262529,0.454,138.53500000000003,135.62845191303788,31.357839459864977,168.59879357646682,108.47120642353323,0.032488114104595844,0.003578528827037797,0.03662192716379557,-7.567134778519858,-7.102940988551523
2011-12-05,MUNDRAPORT,EQ,130.3,129.7,130.6,126.35,129.3,129.15,128.46,559299,7184764030000.0,6372.0,200751,0.3589,136.8825,135.01145649274855,36.50655021834063,165.04231225636386,108.72268774363613,-0.00882578664620115,0.032488114104595844,0.036614420871416004,-7.138288665656461,-7.110010523972511
2011-12-07,MUNDRAPORT,EQ,129.15,129.7,133.95,129.1,132.1,132.1,132.09,1679421,22184180730000.0,15220.0,935371,0.557,135.2375,134.7341749220106,49.53271028037382,160.13640876911276,110.33859123088726,0.022841656987998338,-0.00882578664620115,0.03631013468015586,-6.485622467080788,-6.985132912594167
2011-12-08,MUNDRAPORT,EQ,132.1,130.7,133.9,126.55,127.8,128.85,128.9,956836,12333433975000.0,8410.0,540559,0.5649000000000001,133.60250000000002,134.17377731039053,46.76470588235293,155.3172894059607,111.88771059403933,-0.024602573807721462,0.022841656987998338,0.029514781187306344,-6.159623337517729,-6.82003099757888
2011-12-09,MUNDRAPORT,EQ,128.85,127.35,131.0,124.4,127.25,127.3,128.12,535841,6865426150000.0,7629.0,179657,0.3353,132.035,133.5191318522581,38.67521367521367,150.40534509597504,113.66465490402496,-0.01202949165696543,-0.024602573807721462,0.02425111370020834,-5.957662499968109,-6.647557298056727
2011-12-12,MUNDRAPORT,EQ,127.3,128.95,130.9,126.35,129.55,129.0,128.83,1280093,16491153785000.0,10234.0,871467,0.6808,130.9625,133.08873834251924,41.949152542372886,147.18512471455898,114.73987528544103,0.01335428122545168,-0.01202949165696543,0.02002956499517516,-5.595924949181722,-6.437230828281726
2011-12-13,MUNDRAPORT,EQ,129.0,129.0,129.6,126.2,128.25,128.15,128.12,829707,10630271620000.0,5818.0,479218,0.5776,129.6125,132.61838230989835,45.20547945205481,141.18833121935035,118.03666878064966,-0.006589147286821695,0.01335428122545168,0.018964927278921653,-5.316547381480916,-6.213094138921565
2011-12-14,MUNDRAPORT,EQ,128.15,128.3,132.5,127.65,130.0,130.4,130.3,622509,8111459870000.0,9067.0,209108,0.3359,128.9025,132.40710780419374,59.19463087248323,138.10675959730995,119.69824040269008,0.0175575497463909,-0.006589147286821695,0.01918022638797931,-4.8575872087070024,-5.941992752878653
2011-12-15,MUNDRAPORT,EQ,130.4,128.0,129.5,125.85,127.5,127.05,128.06,2760437,35350377630000.0,10933.0,2245842,0.8136,128.6275,131.8969070609372,63.45323741007193,137.7006225401957,119.55437745980429,-0.025690184049079856,0.0175575497463909,0.019981440206973535,-4.709882375807695,-5.695570677464461
2011-12-16,MUNDRAPORT,EQ,127.05,127.1,129.5,124.4,126.65,126.65,126.97,1062095,13485600290000.0,15134.0,547708,0.5157,128.3525,131.39720162656224,55.593220338983066,137.30873716793795,119.39626283206204,-0.0031483667847304053,-0.025690184049079856,0.020005996190921232,-4.572394174809034,-5.470935376933377
2011-12-19,MUNDRAPORT,EQ,126.65,124.2,125.75,118.5,120.0,119.7,120.85,1292516,15620680740000.0,17776.0,852083,0.6592,127.4425,130.2831824240325,39.970059880239525,136.00393587305004,118.88106412694994,-0.054875641531780484,-0.0031483667847304053,0.02330560211285337,-4.966984397105676,-5.370145180967837
2011-12-20,MUNDRAPORT,EQ,119.7,120.9,123.8,117.7,122.6,121.5,120.64,2207343,26628625340000.0,14925.0,1410175,0.6389,126.6875,129.44668885983893,39.78978978978977,134.47709325996632,118.89790674003368,0.015037593984962294,-0.054875641531780484,0.02442913708420788,-5.07594272628846,-5.311304690031962
2011-12-21,MUNDRAPORT,EQ,121.5,123.15,125.2,122.05,124.0,123.65,123.39,738177,9108213695000.0,20340.0,470913,0.6379,126.25250000000001,128.89462325414,46.80851063829788,133.67362737909565,118.83137262090436,0.017695473251028826,0.015037593984962294,0.023804622643896874,-4.931953465946904,-5.235434445214951
2011-12-22,MUNDRAPORT,EQ,123.65,123.65,124.9,121.9,123.85,123.95,123.86,1208491,14968769519999.998,9222.0,828671,0.6857,126.2725,128.4237067537457,46.56488549618321,133.66506205128007,118.87993794871991,0.0024262029923169948,0.017695473251028826,0.023020806712846707,-4.739005145554557,-5.136148585282873
2011-12-23,MUNDRAPORT,EQ,123.95,124.0,127.6,122.6,125.0,124.9,125.86,1372951,17279949250000.0,24279.0,922913,0.6722,126.63250000000001,128.08811563434136,40.878378378378365,132.87988050351606,120.38511949648397,0.007664380798709125,0.0024262029923169948,0.023064387785365504,-4.458045576636849,-5.000527983553669
2011-12-26,MUNDRAPORT,EQ,124.9,125.5,125.5,120.1,123.25,123.55,122.76,669863,8223278125000.0,7026.0,283158,0.4227,126.6425,127.65591414535648,40.60402684563757,132.8683607519829,120.41663924801712,-0.010808646917534137,0.007664380798709125,0.02257760339590595,-4.294808927751049,-4.859384172393145
2011-12-27,MUNDRAPORT,EQ,123.55,124.5,127.9,123.0,124.5,125.45,125.73,753047,9468018730000.0,8305.0,272811,0.3622999999999999,126.595,127.44582708389395,38.43478260869568,132.84310708159524,120.34689291840476,0.015378389316066388,-0.010808646917534137,0.02336071086971203,-3.9664063233219906,-4.680788602578914
2011-12-28,MUNDRAPORT,EQ,125.45,126.65,126.65,119.25,120.05,120.6,121.88,581843,7091481670000.0,8712.0,211078,0.3628,126.21,126.79384355209451,36.40856672158156,132.94565532293586,119.47434467706412,-0.038660821044240845,0.015378389316066388,0.024879439213593254,-4.050804210754237,-4.554791724213978
2011-12-29,MUNDRAPORT,EQ,120.6,120.45,126.75,118.7,124.0,124.2,123.18,2892730,35633027930000.0,19059.0,1760056,0.6084,126.13249999999998,126.54681083284741,45.216049382716065,132.925861697695,119.33913830230496,0.029850746268656803,-0.038660821044240845,0.026512869513673508,-3.7835854136056355,-4.40055046209231
2011-12-30,MUNDRAPORT,EQ,124.2,123.6,123.6,119.65,120.1,120.05,120.52,1280686,15434396365000.0,26981.0,528658,0.4128,125.825,125.92806694400481,37.15925394548064,133.14206728696846,118.50793271303155,-0.03341384863123997,0.029850746268656803,0.0283307587230332,-3.862162305713113,-4.292872830816471
2012-01-02,MUNDRAPORT,EQ,120.05,122.8,123.75,111.0,115.0,114.7,115.9,1572363,18223987370000.0,20505.0,408586,0.2598999999999999,125.04499999999999,124.85872723505197,32.90978398983482,133.57833401851195,116.51166598148804,-0.04456476468138271,-0.03341384863123997,0.02643701246039517,-4.306492778951565,-4.29559682044349
2012-01-03,MUNDRAPORT,EQ,114.7,117.5,120.9,115.0,119.6,120.3,118.97,1385662,16485200235000.0,17541.0,651310,0.47,124.6025,124.4245627364756,38.17330210772833,133.15736780468885,116.04763219531117,0.048823016564951915,-0.04456476468138271,0.030911792467173016,-4.158814457084816,-4.268240347771755
2012-01-04,MUNDRAPORT,EQ,120.3,121.0,123.5,118.0,122.7,122.85,120.33,1259249,15153097290000.0,10912.0,722926,0.5740999999999999,124.13999999999999,124.27460438062077,44.988066825775654,131.95648729814195,116.32351270185801,0.021197007481296826,0.048823016564951915,0.031160402457846775,-3.792299367792239,-4.173052151775852
2012-01-05,MUNDRAPORT,EQ,122.85,122.0,127.6,121.3,127.0,126.7,125.3,788405,9878425145000.0,10614.0,315199,0.3998,124.0325,124.50559443960927,50.05512679162072,131.63238053908285,116.43261946091715,0.031339031339031376,0.021197007481296826,0.03273391206906535,-3.1548040771180865,-3.969402536844299
2012-01-06,MUNDRAPORT,EQ,126.7,126.25,128.75,124.3,127.0,127.7,126.44,1036623,13107359930000.0,11658.0,401367,0.3872,124.05250000000001,124.80982354059887,60.15228426395939,131.6905953121707,116.41440468782932,0.007892659826361559,0.031339031339031376,0.03273785330041927,-2.5396176918079334,-3.683445567837026
2012-01-07,MUNDRAPORT,EQ,127.7,129.8,129.8,126.2,126.5,127.3,127.15,65561,833613085000.0,997.0,12256,0.1869,123.96750000000002,125.04698320339898,57.6315789473684,131.4090812551333,116.52591874486674,-0.003132341425215346,0.007892659826361559,0.03247476479610695,-2.0606013763449056,-3.3588767295386024
2012-01-09,MUNDRAPORT,EQ,127.3,128.7,133.4,126.0,132.0,132.2,129.44,848300,10980431790000.0,10134.0,491598,0.5795,124.17,125.72822289831336,60.49079754601224,132.28109701178863,116.05890298821136,0.03849175176747832,-0.003132341425215346,0.034193472077807395,-1.270937865639155,-2.941288956758713
2012-01-10,MUNDRAPORT,EQ,132.2,133.85,137.0,132.85,136.3,136.45,135.67,869679,11799053755000.0,13330.0,476412,0.5478000000000001,124.4725,126.74934452704542,63.98210290827738,133.90544757739096,115.03955242260903,0.032148260211800395,0.03849175176747832,0.031165026716273376,-0.2987406664749557,-2.4127792987019614
2012-01-11,MUNDRAPORT,EQ,136.45,136.0,140.7,134.75,135.75,137.05,137.28,1810746,24857987430000.0,16447.0,799955,0.4418,124.9725,127.73035933399349,63.69785794813979,135.91933203382405,114.02566796617596,0.004397215097105445,0.032148260211800395,0.030658758960938295,0.5142199957360276,-1.8273794398143637
2012-01-12,MUNDRAPORT,EQ,137.05,137.5,137.5,131.2,131.6,132.65,133.23,1748799,23299731715000.0,10429.0,1029768,0.5888,125.27250000000001,128.19889654027983,59.59915611814347,136.72985686419867,113.81514313580135,-0.03210507114191907,0.004397215097105445,0.030453438277966097,0.7942977795681543,-1.3030439959378604
2012-01-13,MUNDRAPORT,EQ,132.65,132.5,133.0,129.55,131.8,131.55,131.93,1099713,14508164185000.0,12320.0,596301,0.5422,125.86499999999998,128.51804925072938,56.5450643776824,137.33459825836718,114.39540174163278,-0.008292499057670488,-0.03210507114191907,0.024810151039848048,0.9169308263931271,-0.8590490314716629
2012-01-16,MUNDRAPORT,EQ,131.55,131.5,136.4,130.65,136.4,135.5,133.46,2060690,27501109890000.0,11808.0,1104897,0.5362,126.56499999999998,129.1829969411361,66.3019693654267,138.6074730804164,114.52252691958356,0.030026605853287647,-0.008292499057670488,0.022488577023625795,1.3176612097871327,-0.4237069832199038
